tweet_id,date,tweet_text,clean_text,retweet_count,airline,human_sentiment,sentiment,sentiment_score,negative_prob,neutral_prob,positive_prob
567843811990376449,2015-02-18 00:31:29+00:00,@JetBlue so technically I could drive to JFK now and put in. Request for tomorrow's flight?,@JetBlue so technically I could drive to JFK now and put in. Request for tomorrow's flight?,0,Delta,negative,neutral,0.9150575399398804,0.0067918081767857075,0.9150575399398804,0.07815055549144745
568885117373927425,2015-02-20 21:29:16+00:00,@united why I won't check my carry on. Watched a handler throw this bag -- miss the conveyer belt -- sat there 10 min http://t.co/lyoocx5mSH,@united why I won't check my carry on. Watched a handler throw this bag -- miss the conveyer belt -- sat there 10 min,1,United,negative,negative,0.8719365000724792,0.8719365000724792,0.12154792249202728,0.006515596993267536
568236231374581760,2015-02-19 02:30:49+00:00,@SouthwestAir you guys are so clever 😃 http://t.co/qn5odUGFqK,@SouthwestAir you guys are so clever 😃,0,Southwest,positive,positive,0.9776565432548523,0.005756073165684938,0.0165873970836401,0.9776565432548523
568482672789622784,2015-02-19 18:50:05+00:00,@USAirways a year and every time with US Air something happens. I sat waiting for a re-scheduled flight for 10 hours then to say its,@USAirways a year and every time with US Air something happens. I sat waiting for a re-scheduled flight for 10 hours then to say its,0,US Airways,negative,negative,0.828020453453064,0.828020453453064,0.15828488767147064,0.013694747351109982
568793043664560128,2015-02-20 15:23:23+00:00,@united 2nd time in a row  I've been over charged by 100's of $$ on my plane ticket WHY? #united I shouldn't have to check my CC everytime,@united 2nd time in a row I've been over charged by 100's of $$ on my plane ticket WHY? #united I shouldn't have to check my CC everytime,0,United,negative,negative,0.9227571487426758,0.9227571487426758,0.07104530185461044,0.006197561975568533
570291219919736832,2015-02-24 18:36:36+00:00,@SouthwestAir Just DMed you my confirmation number.,@SouthwestAir Just DMed you my confirmation number.,0,Southwest,neutral,neutral,0.8794293403625488,0.03289905935525894,0.8794293403625488,0.08767160773277283
568068942771695616,2015-02-18 15:26:04+00:00,@JetBlue credit to you for replying.  I’ll look forward to hopefully one of those 103 on my flight home tonight :),@JetBlue credit to you for replying. I’ll look forward to hopefully one of those 103 on my flight home tonight :),0,Delta,positive,positive,0.9617182016372681,0.003058609552681446,0.03522315248847008,0.9617182016372681
567821242029359104,2015-02-17 23:01:48+00:00,@SouthwestAir what's yall corporate number bc yall are not trying to accommodate me at all!!!,@SouthwestAir what's yall corporate number bc yall are not trying to accommodate me at all!!!,0,Southwest,negative,negative,0.9061559438705444,0.9061559438705444,0.0859011635184288,0.00794282928109169
569658686999818241,2015-02-23 00:43:09+00:00,"@AmericanAir My baggage is lost, my flight Cancelled Flightled and i get no accommodations? Not even to another airline. At least one free hotel?","@AmericanAir My baggage is lost, my flight Cancelled Flightled and i get no accommodations? Not even to another airline. At least one free hotel?",0,American,negative,negative,0.9264219403266907,0.9264219403266907,0.06915076822042465,0.004427214153110981
569355923396780032,2015-02-22 04:40:04+00:00,@USAirways Flight 496. How are u going to compensate me for sitting on the tarmac for 90+ mins and missing my PHX - BOS connection?,@USAirways Flight 496. How are u going to compensate me for sitting on the tarmac for 90+ mins and missing my PHX - BOS connection?,0,US Airways,negative,negative,0.9002853035926819,0.9002853035926819,0.09413881599903107,0.005575967952609062
568202590032236544,2015-02-19 00:17:08+00:00,@JetBlue Headphone jack not working on my flight.,@JetBlue Headphone jack not working on my flight.,0,Delta,negative,negative,0.8107485175132751,0.8107485175132751,0.1805933266878128,0.008658180013298988
569342508553121795,2015-02-22 03:46:46+00:00,@USAirways on hold 3 hours !!!!!! What's the number to speak to someone this is unacceptable I need to change flights,@USAirways on hold 3 hours !!!!!! What's the number to speak to someone this is unacceptable I need to change flights,0,US Airways,negative,negative,0.9411059617996216,0.9411059617996216,0.05299792438745499,0.005896157585084438
568138258108051457,2015-02-18 20:01:30+00:00,@united my reservation were changed so that I can longer make my connecting flight. How can I change this without incurring a fee?,@united my reservation were changed so that I can longer make my connecting flight. How can I change this without incurring a fee?,0,United,neutral,negative,0.7364909052848816,0.7364909052848816,0.2554060220718384,0.00810306053608656
568560914779078656,2015-02-20 00:01:00+00:00,"@JetBlue Although it wasn't totally the answer I was looking for, I appreciate the prompt response.","@JetBlue Although it wasn't totally the answer I was looking for, I appreciate the prompt response.",0,Delta,positive,neutral,0.5038271546363831,0.23195452988147736,0.5038271546363831,0.26421836018562317
570070928425676800,2015-02-24 04:01:15+00:00,@USAirways but i bougth mc caren to jfk with same agency and delta airways . Delta refund money but usairways doesnt accept to refund,@USAirways but i bougth mc caren to jfk with same agency and delta airways . Delta refund money but usairways doesnt accept to refund,0,US Airways,neutral,negative,0.6222325563430786,0.6222325563430786,0.3605187237262726,0.017248742282390594
567816155369570304,2015-02-17 22:41:35+00:00,@united flight UA3364 been sitting on tarmac for 30 mins with no report as to why...any input?,@united flight UA3364 been sitting on tarmac for 30 mins with no report as to why...any input?,0,United,negative,negative,0.8432886004447937,0.8432886004447937,0.1511525809764862,0.00555887958034873
567902218059264000,2015-02-18 04:23:34+00:00,"@JetBlue That makes sense. It sucks, though, because now I'll be stuck in the airport for 5+ hours and Late Flight to my meeting.","@JetBlue That makes sense. It sucks, though, because now I'll be stuck in the airport for 5+ hours and Late Flight to my meeting.",0,Delta,negative,negative,0.9129985570907593,0.9129985570907593,0.08030108362436295,0.006700342986732721
568166478572204032,2015-02-18 21:53:39+00:00,"@USAirways to CLT from JFK nasty planes, dirty seats &amp; floors, rude flight attendants- hopefully AA can get you cleaned up #disgusting #vile","@USAirways to CLT from JFK nasty planes, dirty seats & floors, rude flight attendants- hopefully AA can get you cleaned up #disgusting #vile",0,US Airways,negative,negative,0.9522363543510437,0.9522363543510437,0.04224506393074989,0.005518507212400436
567738388980068352,2015-02-17 17:32:34+00:00,@JetBlue and they are telling me I got to get another hotel and food...so spend more money because you guys made me miss my connection,@JetBlue and they are telling me I got to get another hotel and food...so spend more money because you guys made me miss my connection,0,Delta,negative,negative,0.914492130279541,0.914492130279541,0.07856208086013794,0.006945699453353882
568954593591369728,2015-02-21 02:05:20+00:00,@united Yes and that is appreciated but misinformation damages credibility.  You may want to have someone observe in Newark #fwiw,@united Yes and that is appreciated but misinformation damages credibility. You may want to have someone observe in Newark #fwiw,1,United,negative,negative,0.717320442199707,0.717320442199707,0.265347421169281,0.017332125455141068
569917765676601344,2015-02-23 17:52:38+00:00,@USAirways Who intentionally buys a flight with a 10 hour layover?  And what kind of airline would charge $200 to fix it? Wow... #usairways,@USAirways Who intentionally buys a flight with a 10 hour layover? And what kind of airline would charge $200 to fix it? Wow... #usairways,0,US Airways,negative,negative,0.918685793876648,0.918685793876648,0.07389318943023682,0.007421008311212063
569720084484083712,2015-02-23 04:47:07+00:00,@AmericanAir 🙏 in my hotel now. Thank you!,@AmericanAir 🙏 in my hotel now. Thank you!,0,American,positive,positive,0.8697237968444824,0.006563254632055759,0.12371288985013962,0.8697237968444824
570038498566283264,2015-02-24 01:52:23+00:00,@AmericanAir anything in particular I should ask for.   Will they want me to document my mileage plus status!,@AmericanAir anything in particular I should ask for. Will they want me to document my mileage plus status!,0,American,neutral,neutral,0.5033655166625977,0.4793800711631775,0.5033655166625977,0.017254386097192764
569127429702348800,2015-02-21 13:32:07+00:00,@SouthwestAir Cancelled Flightled my flight won't refund me and told me 2 call customer service n been holding for 30 minutes still waitin #BadService,@SouthwestAir Cancelled Flightled my flight won't refund me and told me 2 call customer service n been holding for 30 minutes still waitin #BadService,0,Southwest,negative,negative,0.9314103722572327,0.9314103722572327,0.06379388272762299,0.004795696586370468
568141479132200960,2015-02-18 20:14:18+00:00,@USAirways is there gonna be a better day to call? I've called on 3 separate occasions the past couple of weeks and never get to a person.,@USAirways is there gonna be a better day to call? I've called on 3 separate occasions the past couple of weeks and never get to a person.,0,US Airways,negative,negative,0.8313524127006531,0.8313524127006531,0.15087755024433136,0.01777004823088646
570052879643381760,2015-02-24 02:49:32+00:00,@SouthwestAir /I really love your customer service Lou Ann in Phx rocks. Thanks SW. #be Ourguest,@SouthwestAir /I really love your customer service Lou Ann in Phx rocks. Thanks SW. #be Ourguest,0,Southwest,positive,positive,0.9818347692489624,0.004704371560364962,0.013460869900882244,0.9818347692489624
570100035167379456,2015-02-24 05:56:54+00:00,.@AmericanAir how about connecting me with a customer service rep? I'd rather speak to a person than a computer. Thanks!,.@AmericanAir how about connecting me with a customer service rep? I'd rather speak to a person than a computer. Thanks!,0,American,negative,negative,0.6338828802108765,0.6338828802108765,0.3097549080848694,0.05636223033070564
569490420356374528,2015-02-22 13:34:31+00:00,@united The engineer that designed the 787 door frame to extend half a foot into the plane for seat 27A should be forced to always sit here,@united The engineer that designed the 787 door frame to extend half a foot into the plane for seat 27A should be forced to always sit here,0,United,negative,negative,0.6691332459449768,0.6691332459449768,0.3117082715034485,0.019158409908413887
568831574474661888,2015-02-20 17:56:30+00:00,@united airlines abuse your expensive video equipment and overcharge you for the privilege http://t.co/SdyLuKR7pt via @robthecameraman,@united airlines abuse your expensive video equipment and overcharge you for the privilege via @robthecameraman,0,United,negative,negative,0.9045597910881042,0.9045597910881042,0.08878542482852936,0.0066547817550599575
570031758546063361,2015-02-24 01:25:36+00:00,@AmericanAir why did you drop my call. Why don't you have more people answering phones? Why is it always high call volume when I call,@AmericanAir why did you drop my call. Why don't you have more people answering phones? Why is it always high call volume when I call,0,American,negative,negative,0.9061866402626038,0.9061866402626038,0.08818995952606201,0.005623354576528072
568605358534447104,2015-02-20 02:57:36+00:00,"@SouthwestAir I notice that there are separate buttons for ""guitar"" and actual ""music"" in this pic. Some bands should take note of this.","@SouthwestAir I notice that there are separate buttons for ""guitar"" and actual ""music"" in this pic. Some bands should take note of this.",0,Southwest,neutral,neutral,0.7501217722892761,0.18899478018283844,0.7501217722892761,0.06088338419795036
568997237176569856,2015-02-21 04:54:47+00:00,"@USAirways ah, and I was only given one shuttle voucher, so if I do ever get back to the airport you'll be getting the bill","@USAirways ah, and I was only given one shuttle voucher, so if I do ever get back to the airport you'll be getting the bill",0,US Airways,neutral,negative,0.769420862197876,0.769420862197876,0.21758176386356354,0.012997393496334553
568979232786939904,2015-02-21 03:43:14+00:00,@USAirways Kudos to Robin at @PHXSkyHarbor Lost/Found for reuniting me w/ my iPad. She was delightful to work with!,@USAirways Kudos to Robin at @PHXSkyHarbor Lost/Found for reuniting me w/ my iPad. She was delightful to work with!,0,US Airways,positive,positive,0.9843822121620178,0.0023217808920890093,0.01329599879682064,0.9843822121620178
568983580585517056,2015-02-21 04:00:31+00:00,@JetBlue thanks! I'll do it.,@JetBlue thanks! I'll do it.,0,Delta,positive,positive,0.7868815064430237,0.00810069777071476,0.20501776039600372,0.7868815064430237
569578296360378369,2015-02-22 19:23:42+00:00,@JetBlue is blaming @TSA for flight 584 luggage debacle!  #luggagegate,@JetBlue is blaming @TSA for flight 584 luggage debacle! #luggagegate,0,Delta,negative,negative,0.9214923977851868,0.9214923977851868,0.07306293398141861,0.005444577429443598
569940935875948544,2015-02-23 19:24:42+00:00,@AmericanAir All of the nicest people in the world work at Admiral's clubs. Gladys in San Juan es mi Amiga,@AmericanAir All of the nicest people in the world work at Admiral's clubs. Gladys in San Juan es mi Amiga,0,American,positive,positive,0.9665957689285278,0.007570645306259394,0.02583359368145466,0.9665957689285278
568424307031805952,2015-02-19 14:58:10+00:00,@united that's what I have been told. But refund doesn't really makeup for the inconvenience caused and the missed meeting... Does it?,@united that's what I have been told. But refund doesn't really makeup for the inconvenience caused and the missed meeting... Does it?,0,United,negative,negative,0.7544096112251282,0.7544096112251282,0.23654180765151978,0.00904860720038414
569588073438121984,2015-02-22 20:02:33+00:00,@USAirways 1 hour and counting on hold :( why? http://t.co/clOB5qwMXR,@USAirways 1 hour and counting on hold :( why?,0,US Airways,negative,negative,0.9339444637298584,0.9339444637298584,0.06080012395977974,0.005255457013845444
568085962049216514,2015-02-18 16:33:42+00:00,@SouthwestAir @love_dragonss LAUREN OMG IM DEAD IM SO SO HAPPY FOR YOU YES YES,@SouthwestAir @love_dragonss LAUREN OMG IM DEAD IM SO SO HAPPY FOR YOU YES YES,0,Southwest,positive,positive,0.9881950616836548,0.004024885594844818,0.007780078798532486,0.9881950616836548
569019132978405376,2015-02-21 06:21:47+00:00,@SouthwestAir how often are airplane seats/tray tables cleaned and sanitized? rather have air purifier and clean seats than #wifi 😷😱,@SouthwestAir how often are airplane seats/tray tables cleaned and sanitized? rather have air purifier and clean seats than #wifi 😷😱,0,Southwest,negative,negative,0.861995279788971,0.861995279788971,0.124849833548069,0.013154874555766582
569648240150204416,2015-02-23 00:01:38+00:00,"@SouthwestAir  we understand air delays which are out of your control, terrible telephone support, apps and online access that do not work??","@SouthwestAir we understand air delays which are out of your control, terrible telephone support, apps and online access that do not work??",0,Southwest,negative,negative,0.9352216720581055,0.9352216720581055,0.059993624687194824,0.004784655291587114
567837314782765056,2015-02-18 00:05:40+00:00,@united if your air traffic crew could get their shit together no one would notice the rudeness of the ground staff,@united if your air traffic crew could get their shit together no one would notice the rudeness of the ground staff,1,United,negative,negative,0.9223062992095947,0.9223062992095947,0.06959187984466553,0.008101794868707657
569542909533384707,2015-02-22 17:03:05+00:00,@JetBlue @Amagrino will you cover the cost of my car service waiting time?!,@JetBlue @Amagrino will you cover the cost of my car service waiting time?!,0,Delta,negative,negative,0.6618814468383789,0.6618814468383789,0.3214910626411438,0.016627497971057892
569153669867945984,2015-02-21 15:16:23+00:00,@united officially has the most inefficient boarding procedure. There is no reason it should take 45 mins to board a plane!,@united officially has the most inefficient boarding procedure. There is no reason it should take 45 mins to board a plane!,1,United,negative,negative,0.950979471206665,0.950979471206665,0.04236464947462082,0.006655946373939514
569651320736522240,2015-02-23 00:13:53+00:00,@AmericanAir we did for the last 8 hours.  Your customer service is horrendous.  I should have flown Delta,@AmericanAir we did for the last 8 hours. Your customer service is horrendous. I should have flown Delta,0,American,negative,negative,0.9526811242103577,0.9526811242103577,0.04159858450293541,0.005720367189496756
568982915956277249,2015-02-21 03:57:53+00:00,@United thanks to Lea in the Chicago office for her help in switching our Cancelled Flighted flights!!,@United thanks to Lea in the Chicago office for her help in switching our Cancelled Flighted flights!!,0,United,positive,positive,0.8952127695083618,0.005430839955806732,0.09935644268989563,0.8952127695083618
568972562819997696,2015-02-21 03:16:44+00:00,@united Thank you so much for your help with my birthday trip! Tickets are confirmed! :-),@united Thank you so much for your help with my birthday trip! Tickets are confirmed! :-),0,United,positive,positive,0.987193763256073,0.0017366318497806787,0.011069606989622116,0.987193763256073
567864523585118208,2015-02-18 01:53:47+00:00,"@USAirways delayed my flight 3 times before Cancelled Flighting it, had angry and rude workers, and are now providing no helpful service at all","@USAirways delayed my flight 3 times before Cancelled Flighting it, had angry and rude workers, and are now providing no helpful service at all",0,US Airways,negative,negative,0.941818118095398,0.941818118095398,0.05379297584295273,0.004388892091810703
569554826616381440,2015-02-22 17:50:27+00:00,@SouthwestAir What's happened to your customer service? 2 Cancelled Flightled flights in 2 days &amp; an uninformed and unapologetic staff. #nolove #cali,@SouthwestAir What's happened to your customer service? 2 Cancelled Flightled flights in 2 days & an uninformed and unapologetic staff. #nolove #cali,0,Southwest,negative,negative,0.939185619354248,0.939185619354248,0.055500537157058716,0.0053138528019189835
569862755420905473,2015-02-23 14:14:03+00:00,@united I'm on hold for the 4th time waiting for you to resolve and issue with a flight for my 6-year-old son. #terribleservice #NoService,@united I'm on hold for the 4th time waiting for you to resolve and issue with a flight for my 6-year-old son. #terribleservice #NoService,0,United,negative,negative,0.9162874817848206,0.9162874817848206,0.07768763601779938,0.006024870555847883
570239376283676672,2015-02-24 15:10:36+00:00,@AmericanAir My ticket was booked with AA with miles..... Sorry we sold you a ticket with a company we merged with but we can't fix it?,@AmericanAir My ticket was booked with AA with miles..... Sorry we sold you a ticket with a company we merged with but we can't fix it?,0,American,negative,negative,0.8790472149848938,0.8790472149848938,0.1148245558142662,0.006128223147243261
569503367757754369,2015-02-22 14:25:58+00:00,@united I have never been more frustrated than my conversations with United who can't speak Spanish to the courier company that has my bag!,@united I have never been more frustrated than my conversations with United who can't speak Spanish to the courier company that has my bag!,0,United,negative,negative,0.9157078266143799,0.9157078266143799,0.07559102773666382,0.008701102808117867
569671624921915392,2015-02-23 01:34:34+00:00,@USAirways it's not often that an airline is so easy to work with. I needed to change my flight time and the attendants at MKE made my day!,@USAirways it's not often that an airline is so easy to work with. I needed to change my flight time and the attendants at MKE made my day!,0,US Airways,positive,positive,0.9379417896270752,0.016366302967071533,0.04569186270236969,0.9379417896270752
568524265663803395,2015-02-19 21:35:22+00:00,@SouthwestAir I tried again with your in-flight wifi #fail,@SouthwestAir I tried again with your in-flight wifi #fail,0,Southwest,negative,negative,0.8845183253288269,0.8845183253288269,0.10642432421445847,0.009057288989424706
570068649295241216,2015-02-24 03:52:12+00:00,.@AmericanAir Hopefully it's all fixed. They've got a new aircraft for us- just waiting to board.,.@AmericanAir Hopefully it's all fixed. They've got a new aircraft for us- just waiting to board.,0,American,neutral,positive,0.7330251336097717,0.021228782832622528,0.24574606120586395,0.7330251336097717
569656088817233921,2015-02-23 00:32:49+00:00,@USAirways You suck in Philadelphia.  Let us off this plane! #phl,@USAirways You suck in Philadelphia. Let us off this plane! #phl,1,US Airways,negative,negative,0.9602459669113159,0.9602459669113159,0.03366868197917938,0.006085348315536976
570305078470557697,2015-02-24 19:31:41+00:00,@SouthwestAir still no update text #2053 &amp; still no response to email fr1/5/2015 SR #256746438028. Feel like yr losing customer service/care,@SouthwestAir still no update text #2053 & still no response to email fr1/5/2015 SR #256746438028. Feel like yr losing customer service/care,0,Southwest,negative,negative,0.9154385924339294,0.9154385924339294,0.07893618196249008,0.00562523677945137
569630593924911104,2015-02-22 22:51:31+00:00,@AmericanAir I changed my own flight to tonight. Why couldn't AA do that on my behalf instead of a flight tomorrow? Poor effort all around.,@AmericanAir I changed my own flight to tonight. Why couldn't AA do that on my behalf instead of a flight tomorrow? Poor effort all around.,0,American,negative,negative,0.8995431661605835,0.8995431661605835,0.09466386586427689,0.0057929460890591145
569604041141039104,2015-02-22 21:06:00+00:00,@USAirways  Mad love http://t.co/4ojrSDWPkK NYC-,@USAirways Mad love NYC-,0,US Airways,neutral,positive,0.9113340973854065,0.009613891132175922,0.07905203104019165,0.9113340973854065
570298455068971008,2015-02-24 19:05:21+00:00,"@united I did start a claim but 8-10 weeks is unrealistic, am I really supposed to go that long with out a car seat for my child.Ridiculous!","@united I did start a claim but 8-10 weeks is unrealistic, am I really supposed to go that long with out a car seat for my child.Ridiculous!",0,United,negative,negative,0.8809943795204163,0.8809943795204163,0.10895635187625885,0.010049345903098583
569444456660750337,2015-02-22 10:31:52+00:00,"@united oh, I'll be sharing alright. Especially about sleeping in this shitty airport and getting 1hr of sleep all night because UA.","@united oh, I'll be sharing alright. Especially about sleeping in this shitty airport and getting 1hr of sleep all night because UA.",0,United,negative,negative,0.8294093608856201,0.8294093608856201,0.1385236233472824,0.032066963613033295
569642742852268032,2015-02-22 23:39:48+00:00,@AmericanAir they could be seen if your horrible customer service group would actually update the information! Never fly American again!,@AmericanAir they could be seen if your horrible customer service group would actually update the information! Never fly American again!,0,American,negative,negative,0.9481641054153442,0.9481641054153442,0.04561062902212143,0.0062252189964056015
569956528507236352,2015-02-23 20:26:40+00:00,"@SouthwestAir @fox8news Serious potential for a wanna get away commercial out of this debacle.  But for real, you should fire @Kristi_Capel","@SouthwestAir @fox8news Serious potential for a wanna get away commercial out of this debacle. But for real, you should fire @Kristi_Capel",0,Southwest,negative,negative,0.9301015138626099,0.9301015138626099,0.0632760226726532,0.00662248395383358
570260387746029568,2015-02-24 16:34:06+00:00,@SouthwestAir Supposed to take off almost 2 hours ago....#vacationfail #frozenwater? #gettingimpatient #theycouldatleastofferfreebooze,@SouthwestAir Supposed to take off almost 2 hours ago....#vacationfail #frozenwater? #gettingimpatient #theycouldatleastofferfreebooze,0,Southwest,negative,negative,0.9204137921333313,0.9204137921333313,0.07337940484285355,0.0062068975530564785
570215492838920193,2015-02-24 13:35:42+00:00,@AmericanAir  zoom in on the sauce and potatoes.  This stuff is vile.  And I mean vile. http://t.co/m2PHoavRxC,@AmericanAir zoom in on the sauce and potatoes. This stuff is vile. And I mean vile.,0,American,negative,negative,0.9550044536590576,0.9550044536590576,0.039157118648290634,0.00583844305947423
569937408013176832,2015-02-23 19:10:41+00:00,“@JetBlue: Our fleet's on fleek. http://t.co/5xGnyHGAFz” this is what I hate,“@JetBlue: Our fleet's on fleek. this is what I hate,0,Delta,negative,negative,0.9547379016876221,0.9547379016876221,0.040241539478302,0.00502056535333395
569219456506814464,2015-02-21 19:37:48+00:00,@SouthwestAir horrible flight!,@SouthwestAir horrible flight!,0,Southwest,negative,negative,0.9420158863067627,0.9420158863067627,0.04996871203184128,0.008015435189008713
568502021390786561,2015-02-19 20:06:58+00:00,@SouthwestAir reviewing your oversize policy. Hardcase golfbags are free if under weight. How do we add guitars and instruments to the list?,@SouthwestAir reviewing your oversize policy. Hardcase golfbags are free if under weight. How do we add guitars and instruments to the list?,0,Southwest,negative,negative,0.5109772682189941,0.5109772682189941,0.4667428731918335,0.022279847413301468
568835810532794368,2015-02-20 18:13:20+00:00,@united cleaning a regional jet takes an hour?,@united cleaning a regional jet takes an hour?,0,United,negative,negative,0.7701266407966614,0.7701266407966614,0.2203064113855362,0.009566918946802616
569855814716039168,2015-02-23 13:46:28+00:00,"@AmericanAir Not good enough. No info communicated at any point - just silence. for hours as we sat. Oh, and then seat was broken. #worst","@AmericanAir Not good enough. No info communicated at any point - just silence. for hours as we sat. Oh, and then seat was broken. #worst",0,American,negative,negative,0.9413294196128845,0.9413294196128845,0.05327954515814781,0.005391045473515987
569838141273559040,2015-02-23 12:36:14+00:00,"@AmericanAir you bet make this screw up right (for once). Things I need in bag for my job and you have ""grounded"" me today #painandsuffering","@AmericanAir you bet make this screw up right (for once). Things I need in bag for my job and you have ""grounded"" me today #painandsuffering",0,American,negative,negative,0.9340242147445679,0.9340242147445679,0.05898844078183174,0.0069872792810201645
568451040397422593,2015-02-19 16:44:23+00:00,@JetBlue What's up with lack coffee on 7:30AM flight. Was told someone forgot to load coffee onto the plane. What????? #INeedCoffee,@JetBlue What's up with lack coffee on 7:30AM flight. Was told someone forgot to load coffee onto the plane. What????? #INeedCoffee,0,Delta,negative,negative,0.8800608515739441,0.8800608515739441,0.11241709440946579,0.007522036321461201
569593810390425600,2015-02-22 20:25:21+00:00,@AmericanAir Hey AA - can you help with an itinerary for a plat custy?  Stuck in PVR and phones aren't working,@AmericanAir Hey AA - can you help with an itinerary for a plat custy? Stuck in PVR and phones aren't working,0,American,negative,negative,0.6636894345283508,0.6636894345283508,0.3211743235588074,0.015136243775486946
569851178982338563,2015-02-23 13:28:03+00:00,"@SouthwestAir RT @kkwhb: Paid for early bird boarding and got B46.  I said to lady, ""well, that system is about dead."" She didn't understand","@SouthwestAir RT @kkwhb: Paid for early bird boarding and got B46. I said to lady, ""well, that system is about dead."" She didn't understand",0,Southwest,negative,negative,0.8421327471733093,0.8421327471733093,0.1498463749885559,0.008020851761102676
567772219549478912,2015-02-17 19:47:00+00:00,@SouthwestAir thanks I think we've got it figured out,@SouthwestAir thanks I think we've got it figured out,0,Southwest,positive,positive,0.8181005716323853,0.009717941284179688,0.17218148708343506,0.8181005716323853
567899604605218816,2015-02-18 04:13:11+00:00,@SouthwestAir snow forecasted for Raleigh NC tomorrow night. Need to know if there's a plan to reschedule flights into RDU Wednesday night,@SouthwestAir snow forecasted for Raleigh NC tomorrow night. Need to know if there's a plan to reschedule flights into RDU Wednesday night,0,Southwest,neutral,neutral,0.6453762054443359,0.3361751437187195,0.6453762054443359,0.018448632210493088
568265016253628416,2015-02-19 04:25:12+00:00,"@USAirways I didn't Cancelled Flight my flight, you did. Than you loved me to another flight and forgot my bags","@USAirways I didn't Cancelled Flight my flight, you did. Than you loved me to another flight and forgot my bags",0,US Airways,negative,negative,0.7189480662345886,0.7189480662345886,0.2574208676815033,0.02363104559481144
568774192029523969,2015-02-20 14:08:29+00:00,@SouthwestAir sent DM,@SouthwestAir sent DM,0,Southwest,neutral,neutral,0.7922836542129517,0.085276760160923,0.7922836542129517,0.1224396824836731
569920515542003712,2015-02-23 18:03:34+00:00,@JetBlue thank you. Appreciate that!!,@JetBlue thank you. Appreciate that!!,0,Delta,positive,positive,0.976524829864502,0.0038340329192578793,0.0196410920470953,0.976524829864502
569628323443318785,2015-02-22 22:42:30+00:00,@AmericanAir the ticket is a poor gesture of goodwill (for missed trip) to a top status flyer - I may not next time (AA91 LHR-ORD 2/16),@AmericanAir the ticket is a poor gesture of goodwill (for missed trip) to a top status flyer - I may not next time (AA91 LHR-ORD 2/16),0,American,negative,negative,0.9055237174034119,0.9055237174034119,0.08758676797151566,0.0068894983269274235
569215035089690624,2015-02-21 19:20:14+00:00,@SouthwestAir thanks so much just had to make a Cancelled Flightlation! I've sent u the info.,@SouthwestAir thanks so much just had to make a Cancelled Flightlation! I've sent u the info.,0,Southwest,positive,neutral,0.45792028307914734,0.11137539148330688,0.45792028307914734,0.4307042956352234
568056665821413376,2015-02-18 14:37:17+00:00,.@JetBlue 4 min response time. I'm impressed! I'm in. It's official.  :-) #trueblue  JetBlue gets social.,.@JetBlue 4 min response time. I'm impressed! I'm in. It's official. :-) #trueblue JetBlue gets social.,0,Delta,positive,positive,0.9852945804595947,0.0025638826191425323,0.012141570448875427,0.9852945804595947
569894356393570304,2015-02-23 16:19:37+00:00,@AmericanAir I tried already and I am on the waiting list for a call back #2hourwaitsucks,@AmericanAir I tried already and I am on the waiting list for a call back #2hourwaitsucks,0,American,negative,negative,0.9034503698348999,0.9034503698348999,0.08853030949831009,0.008019322529435158
570237453229019137,2015-02-24 15:02:58+00:00,@USAirways been on hold for 2 hours for something which I could have done in less than 1 minute if it was available.Your site UX is awe full,@USAirways been on hold for 2 hours for something which I could have done in less than 1 minute if it was available.Your site UX is awe full,0,US Airways,negative,negative,0.8885934948921204,0.8885934948921204,0.10003046691417694,0.011375975795090199
569861759240171522,2015-02-23 14:10:05+00:00,@USAirways Thanks!,@USAirways Thanks!,0,US Airways,positive,positive,0.8265886306762695,0.0071708569303154945,0.16624052822589874,0.8265886306762695
569676866824642561,2015-02-23 01:55:23+00:00,@AmericanAir all of these issues are not based on weather or things that are out of your control. These  issues are based on negligence.,@AmericanAir all of these issues are not based on weather or things that are out of your control. These issues are based on negligence.,0,American,negative,negative,0.9148310422897339,0.9148310422897339,0.07889381051063538,0.00627518305554986
570306715880706049,2015-02-24 19:38:11+00:00,@USAirways flight 645 to Phoenix deboards passengers going to Salt Lake City because they can't resolve a simple bathroom issue. #fail,@USAirways flight 645 to Phoenix deboards passengers going to Salt Lake City because they can't resolve a simple bathroom issue. #fail,0,US Airways,negative,negative,0.9344079494476318,0.9344079494476318,0.06076046824455261,0.004831492900848389
567809206314668033,2015-02-17 22:13:58+00:00,@united You might be dealing with frustrated passenegers. hope you all have a great day :) thank you very much for an amazing airline :),@united You might be dealing with frustrated passenegers. hope you all have a great day :) thank you very much for an amazing airline :),0,United,positive,positive,0.9759172797203064,0.005622480995953083,0.018460264429450035,0.9759172797203064
567918931148685312,2015-02-18 05:29:59+00:00,@JetBlue not to mention the fact that we paid extra just to fly jetblue thinking it was the most reliable..,@JetBlue not to mention the fact that we paid extra just to fly jetblue thinking it was the most reliable..,0,Delta,negative,negative,0.8208081126213074,0.8208081126213074,0.16500647366046906,0.014185401611030102
569858231759085571,2015-02-23 13:56:04+00:00,@united current hold time AFTER speaking to rep to have tix reissued is 42 mins - why so long &amp; why not make this option available online?,@united current hold time AFTER speaking to rep to have tix reissued is 42 mins - why so long & why not make this option available online?,0,United,negative,negative,0.7908093333244324,0.7908093333244324,0.20111991465091705,0.008070787414908409
569871433662271488,2015-02-23 14:48:32+00:00,"@united working with Lisa J at ORD. she's working hard for us, but this is still VERY disappointing. was on 634 to EWR.","@united working with Lisa J at ORD. she's working hard for us, but this is still VERY disappointing. was on 634 to EWR.",0,United,negative,negative,0.8710777163505554,0.8710777163505554,0.11322583258152008,0.015696467831730843
569684626949718017,2015-02-23 02:26:13+00:00,@SouthwestAir after an hour and a half then it came back damaged. Not happy 😣,@SouthwestAir after an hour and a half then it came back damaged. Not happy 😣,0,Southwest,negative,negative,0.9448367357254028,0.9448367357254028,0.05002953112125397,0.005133701488375664
569322456776892417,2015-02-22 02:27:05+00:00,.@united Your airline is again rated the WORST in America so you've got your work cut out for you. It's bc you treat customers like garbage.,.@united Your airline is again rated the WORST in America so you've got your work cut out for you. It's bc you treat customers like garbage.,3,United,negative,negative,0.9650079011917114,0.9650079011917114,0.03004338964819908,0.004948705434799194
568435244841500673,2015-02-19 15:41:38+00:00,@united have all 747-400s been updated with power outlets and seat-back TVs yet? Flying ORD to Tokyo-Narita on the 28th,@united have all 747-400s been updated with power outlets and seat-back TVs yet? Flying ORD to Tokyo-Narita on the 28th,0,United,neutral,neutral,0.8989408612251282,0.06588631868362427,0.8989408612251282,0.035172879695892334
569492269000204288,2015-02-22 13:41:52+00:00,@USAirways lost bags. Cant reach human. delivery driver says he won't give us carseat until we return loaner. We hv NO loanr.5084773604 HELP,@USAirways lost bags. Cant reach human. delivery driver says he won't give us carseat until we return loaner. We hv NO loanr.5084773604 HELP,0,US Airways,negative,negative,0.8862239718437195,0.8862239718437195,0.10726483166217804,0.006511203479021788
567790793197629440,2015-02-17 21:00:48+00:00,@USAirways Please staff your flights approproately. Our entire flight is delayed because FA isnt here. I shouldnt have left Delta...,@USAirways Please staff your flights approproately. Our entire flight is delayed because FA isnt here. I shouldnt have left Delta...,1,US Airways,negative,negative,0.9255157113075256,0.9255157113075256,0.06906089186668396,0.005423403345048428
568183699658944512,2015-02-18 23:02:04+00:00,@united the supervisor on situation- Stacey took all our details-no claim number given to us,@united the supervisor on situation- Stacey took all our details-no claim number given to us,0,United,negative,neutral,0.6788135766983032,0.30122363567352295,0.6788135766983032,0.01996278390288353
568452186977361921,2015-02-19 16:48:57+00:00,“@VirginAmerica: @KarinSLee Of course. Have fun celebrating!” Thanks! Happy Chinese New Year!,“@VirginAmerica: @KarinSLee Of course. Have fun celebrating!” Thanks! Happy Chinese New Year!,0,Virgin America,positive,positive,0.989306628704071,0.0017549009062349796,0.008938475511968136,0.989306628704071
569587048811761664,2015-02-22 19:58:29+00:00,@JetBlue now we dont have enough money for parking in your garage this is your fault and im not paying for what should be 10mins into 3hrs,@JetBlue now we dont have enough money for parking in your garage this is your fault and im not paying for what should be 10mins into 3hrs,0,Delta,negative,negative,0.9332045912742615,0.9332045912742615,0.06164729967713356,0.005148060154169798
569189285334618112,2015-02-21 17:37:55+00:00,@united thank you for the help!!,@united thank you for the help!!,0,United,positive,positive,0.9668946862220764,0.004788956604897976,0.028316378593444824,0.9668946862220764
568910590921609216,2015-02-20 23:10:29+00:00,@VirginAmerica cutest salt and pepper shaker ever. Just when I think you guys can't get any better you just do! http://t.co/vC6Keulg2J,@VirginAmerica cutest salt and pepper shaker ever. Just when I think you guys can't get any better you just do!,0,Virgin America,positive,positive,0.9796584844589233,0.006825610529631376,0.013515863567590714,0.9796584844589233
570253919697244160,2015-02-24 16:08:23+00:00,@AmericanAir The flight was delayed 5 times. Spent almost 40min on the tarmac. I'll reconsider my future flight options.,@AmericanAir The flight was delayed 5 times. Spent almost 40min on the tarmac. I'll reconsider my future flight options.,0,American,negative,negative,0.9250645041465759,0.9250645041465759,0.07009126245975494,0.004844257608056068
567752625647394816,2015-02-17 18:29:08+00:00,"@JetBlue glitches on website re: Flight Booking Problems travel &amp; checking in. Nothing between ur site &amp; the airport was communicated, it was a nightmare.","@JetBlue glitches on website re: Flight Booking Problems travel & checking in. Nothing between ur site & the airport was communicated, it was a nightmare.",0,Delta,negative,negative,0.9382702708244324,0.9382702708244324,0.05669538304209709,0.005034402944147587
567950666578030594,2015-02-18 07:36:05+00:00,"@JetBlue Change in the Air for Travelers, Investors - @BloombergNews http://t.co/6redD3vC73","@JetBlue Change in the Air for Travelers, Investors - @BloombergNews",0,Delta,neutral,neutral,0.8794038891792297,0.01220744289457798,0.8794038891792297,0.108388751745224
568388502431395840,2015-02-19 12:35:53+00:00,@united hi.I am still waiting for the refund. This is ridiculous.Or u approve my tickets or u give me a refund.Please advise wht is going on,@united hi.I am still waiting for the refund. This is ridiculous.Or u approve my tickets or u give me a refund.Please advise wht is going on,0,United,negative,negative,0.9079695343971252,0.9079695343971252,0.0843978226184845,0.007632595952600241
569940989403635712,2015-02-23 19:24:55+00:00,@USAirways going to miss my connection due to another tarmac delay - on US5268 then 4050 - need a flight home today please!,@USAirways going to miss my connection due to another tarmac delay - on US5268 then 4050 - need a flight home today please!,0,US Airways,negative,negative,0.8781667351722717,0.8781667351722717,0.11170907318592072,0.01012409944087267
569698937281470464,2015-02-23 03:23:05+00:00,@USAirways and I can't get through on any phones,@USAirways and I can't get through on any phones,0,US Airways,negative,negative,0.8785589337348938,0.8785589337348938,0.11315107345581055,0.00828996580094099
570302023968694272,2015-02-24 19:19:32+00:00,@USAirways Well I did miss it. But gate agents had rebooked boarding pass waiting when I landed. Time for lunch &amp; a beverage. Easy cheesy,@USAirways Well I did miss it. But gate agents had rebooked boarding pass waiting when I landed. Time for lunch & a beverage. Easy cheesy,0,US Airways,positive,neutral,0.6152551770210266,0.18809977173805237,0.6152551770210266,0.1966451108455658
569459618881019905,2015-02-22 11:32:07+00:00,@VirginAmerica to jump into the Dallas-Austin market - @Dallas_News http://t.co/EwwGi97gdx,@VirginAmerica to jump into the Dallas-Austin market - @Dallas_News,0,Virgin America,neutral,neutral,0.9524741172790527,0.01192706823348999,0.9524741172790527,0.03559885174036026
569838589879685120,2015-02-23 12:38:01+00:00,@AmericanAir how do I see your report team?,@AmericanAir how do I see your report team?,0,American,negative,negative,0.5750033259391785,0.5750033259391785,0.4138832092285156,0.01111343689262867
569687888771706880,2015-02-23 02:39:11+00:00,@SouthwestAir how do I get a companion pass,@SouthwestAir how do I get a companion pass,0,Southwest,neutral,neutral,0.8284189105033875,0.1261880099773407,0.8284189105033875,0.045393042266368866
569975349750079488,2015-02-23 21:41:27+00:00,"@SouthwestAir Dang, if only practice was an hour Late Flightr today...","@SouthwestAir Dang, if only practice was an hour Late Flightr today...",0,Southwest,neutral,negative,0.7504400610923767,0.7504400610923767,0.2224522829055786,0.02710760571062565
569600009097904128,2015-02-22 20:49:59+00:00,@USAirways Really hoping I don't get charged for this flight because they couldn't handle the influx of calls. Bummer.,@USAirways Really hoping I don't get charged for this flight because they couldn't handle the influx of calls. Bummer.,0,US Airways,negative,negative,0.9226206541061401,0.9226206541061401,0.07145164906978607,0.005927791818976402
568577596172009472,2015-02-20 01:07:17+00:00,@united flight 4841...3 gate changes on top of this.  Really hoping you can compensate with some points/mileage to my account!,@united flight 4841...3 gate changes on top of this. Really hoping you can compensate with some points/mileage to my account!,0,United,negative,negative,0.7004241347312927,0.7004241347312927,0.24217602610588074,0.05739978700876236
569504566380797952,2015-02-22 14:30:44+00:00,@USAirways Good grief! Flight Cancelled Flightled. Been on hold since 0400.,@USAirways Good grief! Flight Cancelled Flightled. Been on hold since 0400.,0,US Airways,negative,negative,0.9288024306297302,0.9288024306297302,0.06465166062116623,0.006546027958393097
569757774395023360,2015-02-23 07:16:53+00:00,@AmericanAir my flight tomorrow is Cancelled Flighted you guys just keep letting me down,@AmericanAir my flight tomorrow is Cancelled Flighted you guys just keep letting me down,0,American,negative,negative,0.9392703771591187,0.9392703771591187,0.054852988570928574,0.005876657087355852
568184231819481088,2015-02-18 23:04:11+00:00,"@united can't DM, you're not following. LLY144. Rebooked on #UA1516 but still need seats.","@united can't DM, you're not following. LLY144. Rebooked on #UA1516 but still need seats.",0,United,negative,negative,0.77998948097229,0.77998948097229,0.2120048850774765,0.008005622774362564
568167414493532161,2015-02-18 21:57:22+00:00,"@USAirways ""admirals club"" at CLT has rude, and ignorant front desk staff...@AmericanAir you have fallen so far...THANKS DOUG PARKER!!!","@USAirways ""admirals club"" at CLT has rude, and ignorant front desk staff...@AmericanAir you have fallen so far...THANKS DOUG PARKER!!!",0,US Airways,negative,negative,0.9533050656318665,0.9533050656318665,0.041047465056180954,0.0056474716402590275
569542242983124992,2015-02-22 17:00:26+00:00,@JetBlue Landing! As usual great flight wiyh a great crew. Hello sunny West Palm Beach ! #jetbluerocks,@JetBlue Landing! As usual great flight wiyh a great crew. Hello sunny West Palm Beach ! #jetbluerocks,0,Delta,positive,positive,0.9892204403877258,0.0022818821016699076,0.00849768053740263,0.9892204403877258
567864058742845440,2015-02-18 01:51:56+00:00,"@JetBlue Why not just take her info in the beginning and if cut off, call back? We do that in my medical practice. We are frequent flyers :(","@JetBlue Why not just take her info in the beginning and if cut off, call back? We do that in my medical practice. We are frequent flyers :(",0,Delta,negative,negative,0.5925756096839905,0.5925756096839905,0.37792935967445374,0.029495062306523323
569342393943773184,2015-02-22 03:46:19+00:00,@JetBlue when will you release flights for February 2016?,@JetBlue when will you release flights for February 2016?,0,Delta,neutral,neutral,0.8100959658622742,0.1716337949037552,0.8100959658622742,0.018270129337906837
569623948767268864,2015-02-22 22:25:07+00:00,@JetBlue once you go blue you don't go back,@JetBlue once you go blue you don't go back,0,Delta,negative,neutral,0.6030229330062866,0.3586421012878418,0.6030229330062866,0.03833494707942009
568419991030087681,2015-02-19 14:41:01+00:00,@JetBlue ready to go to Disneyworld!  For the @runDisney #PrincessHalf http://t.co/sTQY9V8256,@JetBlue ready to go to Disneyworld! For the @runDisney #PrincessHalf,0,Delta,positive,positive,0.9118219614028931,0.0022070701234042645,0.08597100526094437,0.9118219614028931
568803508784275457,2015-02-20 16:04:59+00:00,"@USAirways I've been on hold for 35 mins to sort out my reservation out of sync message when trying to check in, what's wrong?!?","@USAirways I've been on hold for 35 mins to sort out my reservation out of sync message when trying to check in, what's wrong?!?",0,US Airways,negative,negative,0.9087100625038147,0.9087100625038147,0.08585556596517563,0.00543433241546154
570270772746461186,2015-02-24 17:15:21+00:00,"@USAirways 167 minutes?  ""Im not trained in that"". Cmon. Can't you do better than that?","@USAirways 167 minutes? ""Im not trained in that"". Cmon. Can't you do better than that?",0,US Airways,negative,negative,0.9175944328308105,0.9175944328308105,0.07548192143440247,0.006923687644302845
567768878613536769,2015-02-17 19:33:43+00:00,@JetBlue rocking the Tim McGraw hold music,@JetBlue rocking the Tim McGraw hold music,0,Delta,neutral,positive,0.7864935398101807,0.0050864750519394875,0.2084200084209442,0.7864935398101807
568434004732416001,2015-02-19 15:36:42+00:00,@SouthwestAir Southwest is definitely my favorite airline to fly! :D,@SouthwestAir Southwest is definitely my favorite airline to fly! :D,0,Southwest,positive,positive,0.9913401007652283,0.0021343929693102837,0.006525461561977863,0.9913401007652283
570280641771790336,2015-02-24 17:54:34+00:00,@AmericanAir @Clarkey_19 we done it with 1 truck... No biggie 😄,@AmericanAir @Clarkey_19 we done it with 1 truck... No biggie 😄,0,American,neutral,positive,0.8188081979751587,0.0044811139814555645,0.17671073973178864,0.8188081979751587
568226026209341441,2015-02-19 01:50:16+00:00,@united i now see it's 72 hours. Thanks,@united i now see it's 72 hours. Thanks,0,United,neutral,neutral,0.6186815500259399,0.008919231593608856,0.6186815500259399,0.3723992109298706
569173103009525760,2015-02-21 16:33:37+00:00,@SouthwestAir Never felt better taken care of! Indian aunties are the gold standard. Thanks Aruna! http://t.co/aypyaDUY6a,@SouthwestAir Never felt better taken care of! Indian aunties are the gold standard. Thanks Aruna!,0,Southwest,positive,positive,0.9802748560905457,0.004975297022610903,0.014749838970601559,0.9802748560905457
568847512372514816,2015-02-20 18:59:50+00:00,@VirginAmerica what is your policy on flying after surgery?,@VirginAmerica what is your policy on flying after surgery?,0,Virgin America,neutral,neutral,0.7210044264793396,0.2646074593067169,0.7210044264793396,0.014388060197234154
568437324587012096,2015-02-19 15:49:53+00:00,@united can you help from there? UA4935 can't take off without missing galley cart that no one can find. Pax all seated for last hour.,@united can you help from there? UA4935 can't take off without missing galley cart that no one can find. Pax all seated for last hour.,0,United,negative,negative,0.8397783637046814,0.8397783637046814,0.15206649899482727,0.008155117742717266
569982323598368768,2015-02-23 22:09:10+00:00,@AmericanAir how is US4623 going to be on time when they are still deplaning at 4:08? This is BS.,@AmericanAir how is US4623 going to be on time when they are still deplaning at 4:08? This is BS.,0,American,negative,negative,0.9318842887878418,0.9318842887878418,0.06238682195544243,0.005728843621909618
569247182337019904,2015-02-21 21:27:59+00:00,@united Rhonda C. at Atlanta airport redeemed you guys. She got us straightened out.,@united Rhonda C. at Atlanta airport redeemed you guys. She got us straightened out.,0,United,positive,positive,0.7559734582901001,0.007776889018714428,0.23624970018863678,0.7559734582901001
568458185071132672,2015-02-19 17:12:47+00:00,@southwestair this inflight WIFI is the absolute worst. I'd be willing to have paid double for dialup speeds...  #Flight7,@southwestair this inflight WIFI is the absolute worst. I'd be willing to have paid double for dialup speeds... #Flight7,0,Southwest,negative,negative,0.9458948373794556,0.9458948373794556,0.04759301617741585,0.006512110121548176
569902181366820864,2015-02-23 16:50:42+00:00,@JetBlue Unhappy with 4 hour delayed flight.. Missed dinner,@JetBlue Unhappy with 4 hour delayed flight.. Missed dinner,0,Delta,negative,negative,0.9380480051040649,0.9380480051040649,0.05640096589922905,0.0055510071106255054
567739813114417152,2015-02-17 17:38:14+00:00,"@USAirways I left my son's Duke hat on flight #1761 last night. It says ""Mason"" on the back. Any way of locating it? Thanks in advance!","@USAirways I left my son's Duke hat on flight #1761 last night. It says ""Mason"" on the back. Any way of locating it? Thanks in advance!",0,US Airways,neutral,neutral,0.8091206550598145,0.02603028528392315,0.8091206550598145,0.16484902799129486
569617556857851904,2015-02-22 21:59:43+00:00,"@united flight delayed...again...every time. ""Maintenance issues""","@united flight delayed...again...every time. ""Maintenance issues""",0,United,negative,negative,0.9281070232391357,0.9281070232391357,0.06690438836812973,0.004988592583686113
569938319024332801,2015-02-23 19:14:18+00:00,@AmericanAir You don't care about keeping your customers safe or at least you didn't care about my sister,@AmericanAir You don't care about keeping your customers safe or at least you didn't care about my sister,0,American,negative,negative,0.9187238216400146,0.9187238216400146,0.0753817930817604,0.005894344765692949
568812046747201537,2015-02-20 16:38:54+00:00,"@VirginAmerica lost my luggage 4 days ago on flight VX 112 from LAX to IAD &amp; I'm calling every day, no response.Please give me back my stuff","@VirginAmerica lost my luggage 4 days ago on flight VX 112 from LAX to IAD & I'm calling every day, no response.Please give me back my stuff",1,Virgin America,negative,negative,0.8526727557182312,0.8526727557182312,0.1371074616909027,0.010219862684607506
570049623697461248,2015-02-24 02:36:35+00:00,"@JetBlue FYI, I'm onboard #616 comfortably travelling to JFK, seat was no problem as you said. Thanks for making flying more civilized!","@JetBlue FYI, I'm onboard #616 comfortably travelling to JFK, seat was no problem as you said. Thanks for making flying more civilized!",0,Delta,positive,positive,0.951682448387146,0.0047467658296227455,0.043570782989263535,0.951682448387146
568629385105793024,2015-02-20 04:33:04+00:00,@VirginAmerica help. I was On  Flight  27 from JKF tonight. seat 7C left portfolio. Need it back!!,@VirginAmerica help. I was On Flight 27 from JKF tonight. seat 7C left portfolio. Need it back!!,0,Virgin America,neutral,negative,0.5002056360244751,0.5002056360244751,0.43410852551460266,0.06568583101034164
569710853160710144,2015-02-23 04:10:26+00:00,"@united I tried the online tracking and they said something like ""attempting to locate luggage""","@united I tried the online tracking and they said something like ""attempting to locate luggage""",0,United,negative,negative,0.5074925422668457,0.5074925422668457,0.4789459705352783,0.01356146577745676
569935956880420864,2015-02-23 19:04:55+00:00,Jet BOOOO 🍅🍅🍅🍅 RT @JetBlue: Our fleet's on fleek. http://t.co/0WbJAWx7xD,Jet BOOOO 🍅🍅🍅🍅 RT @JetBlue: Our fleet's on fleek.,0,Delta,negative,positive,0.9333019256591797,0.0021715008188039064,0.06452661752700806,0.9333019256591797
569386581938860032,2015-02-22 06:41:54+00:00,@JetBlue a voucher.. I can't believe I took this risk. Not only was the plane terribly filthy and I had 15 screaming babies in my face..,@JetBlue a voucher.. I can't believe I took this risk. Not only was the plane terribly filthy and I had 15 screaming babies in my face..,0,Delta,negative,negative,0.9562311768531799,0.9562311768531799,0.038987088948488235,0.00478169834241271
569356513061556225,2015-02-22 04:42:25+00:00,"@USAirways I have fam thats supposed to fly 2/22 that are currently in the hosp.3 trys to speak to a human, yr phone sys cuts off. pls hlp!","@USAirways I have fam thats supposed to fly 2/22 that are currently in the hosp.3 trys to speak to a human, yr phone sys cuts off. pls hlp!",0,US Airways,negative,negative,0.7510430812835693,0.7510430812835693,0.23476022481918335,0.014196673408150673
569933275436707840,2015-02-23 18:54:16+00:00,@USAirways @AmericanAir - Can flight #415 get the paperwork inputted?? We should have taken off an hour .. #sittingontheplane #hungry,@USAirways @AmericanAir - Can flight #415 get the paperwork inputted?? We should have taken off an hour .. #sittingontheplane #hungry,0,US Airways,negative,negative,0.7505886554718018,0.7505886554718018,0.2269737273454666,0.02243763580918312
569879100971753472,2015-02-23 15:19:00+00:00,"@USAirways @AmericanAir me after arriving at 8:41am for a flight scheduled to depart at 8:57am. doors closed, no agents","@USAirways @AmericanAir me after arriving at 8:41am for a flight scheduled to depart at 8:57am. doors closed, no agents",0,US Airways,negative,negative,0.7751410007476807,0.7751410007476807,0.21537141501903534,0.009487620554864407
568802044309430272,2015-02-20 15:59:09+00:00,@united https://t.co/jpd7NsGRT7. Fyi your staff are telling customers to try other carriers,@united Fyi your staff are telling customers to try other carriers,0,United,negative,negative,0.6166964769363403,0.6166964769363403,0.3663489520549774,0.016954630613327026
568509343047352322,2015-02-19 20:36:04+00:00,@JetBlue Airways Receives New Coverage from Analysts at Bank of America (JBLU) - The Legacy http://t.co/dORuxBqla1,@JetBlue Airways Receives New Coverage from Analysts at Bank of America (JBLU) - The Legacy,0,Delta,neutral,neutral,0.5157701969146729,0.003335589775815606,0.5157701969146729,0.48089417815208435
568826215089475584,2015-02-20 17:35:12+00:00,@united that may be true however after 4 weeks matter is still unresolved and I can not get through to a supervisor or manager to help,@united that may be true however after 4 weeks matter is still unresolved and I can not get through to a supervisor or manager to help,1,United,negative,negative,0.8299962878227234,0.8299962878227234,0.1612880825996399,0.008715598843991756
570302060035497984,2015-02-24 19:19:41+00:00,@AmericanAir thx for responding. I cant watch 2 mins of this film w/out it cutting in and out 4 prolonged prds of time. beyond frustrating,@AmericanAir thx for responding. I cant watch 2 mins of this film w/out it cutting in and out 4 prolonged prds of time. beyond frustrating,0,American,negative,negative,0.9211946725845337,0.9211946725845337,0.07217691093683243,0.0066284434869885445
569484788404322304,2015-02-22 13:12:08+00:00,@united lost bag on next flight. Didn't have time to load during the 5 hour delay?Consequence from platinum to gold,@united lost bag on next flight. Didn't have time to load during the 5 hour delay?Consequence from platinum to gold,0,United,negative,negative,0.8871420621871948,0.8871420621871948,0.10713361948728561,0.005724368616938591
568201125012353024,2015-02-19 00:11:19+00:00,"@SouthwestAir I understand weather is not your fault, but as a frequent flyer I expected better customer service. I'll be trying @Delta","@SouthwestAir I understand weather is not your fault, but as a frequent flyer I expected better customer service. I'll be trying @Delta",0,Southwest,negative,negative,0.5862046480178833,0.5862046480178833,0.35869231820106506,0.055103011429309845
568372335012679680,2015-02-19 11:31:39+00:00,"@united I don't have a milage number. I can't sent my mail to you via DM, you're not following me. I follow you now, so you can sent me a DM","@united I don't have a milage number. I can't sent my mail to you via DM, you're not following me. I follow you now, so you can sent me a DM",0,United,neutral,negative,0.6452723145484924,0.6452723145484924,0.34199273586273193,0.012734922580420971
568250000028925952,2015-02-19 03:25:32+00:00,"@united 2 hour flight from FLL to Ewr, 1242, now waiting 1 hour plus for bags, no sign yet. What gives????","@united 2 hour flight from FLL to Ewr, 1242, now waiting 1 hour plus for bags, no sign yet. What gives????",0,United,negative,negative,0.8712498545646667,0.8712498545646667,0.1211630180478096,0.007587180472910404
569384007550394369,2015-02-22 06:31:40+00:00,"@SouthwestAir I use to #LUV swa but after an hour and counting on hold, for a flight they Cancelled Flighted on me? #noluv","@SouthwestAir I use to #LUV swa but after an hour and counting on hold, for a flight they Cancelled Flighted on me? #noluv",0,Southwest,negative,negative,0.8195711970329285,0.8195711970329285,0.17089660465717316,0.009532184340059757
569308292893290496,2015-02-22 01:30:48+00:00,"@JetBlue I did not! She's a woman who's a lead, she was working at gate c26.","@JetBlue I did not! She's a woman who's a lead, she was working at gate c26.",0,Delta,positive,neutral,0.8998696208000183,0.0418749675154686,0.8998696208000183,0.058255329728126526
569925709025509376,2015-02-23 18:24:12+00:00,"@USAirways Very frustrated, checked bag in Logan, was not given a luggage ticket,now luggage is lost &amp; no ownership from @USAirways","@USAirways Very frustrated, checked bag in Logan, was not given a luggage ticket,now luggage is lost & no ownership from @USAirways",0,US Airways,negative,negative,0.9183454513549805,0.9183454513549805,0.07596515119075775,0.005689387209713459
569903197835407361,2015-02-23 16:54:45+00:00,"@AmericanAir the customer service today is unsat, Flight cnx, not notified, called for 6 hours and the phone line does not even let me hold","@AmericanAir the customer service today is unsat, Flight cnx, not notified, called for 6 hours and the phone line does not even let me hold",0,American,negative,negative,0.9372166395187378,0.9372166395187378,0.05715816468000412,0.005625197663903236
567799968279560194,2015-02-17 21:37:16+00:00,"@USAirways I've been on hold for over 2 hours. Need to re-book a flight, please help.","@USAirways I've been on hold for over 2 hours. Need to re-book a flight, please help.",0,US Airways,negative,negative,0.8164471387863159,0.8164471387863159,0.17027296125888824,0.013279905542731285
568111178708336640,2015-02-18 18:13:54+00:00,@USAirways Yeah I know that...but now I'll have to spend almost 500 dollars more on my ticket since the price has gone up over the week,@USAirways Yeah I know that...but now I'll have to spend almost 500 dollars more on my ticket since the price has gone up over the week,0,US Airways,negative,negative,0.8884575366973877,0.8884575366973877,0.10128564387559891,0.010256926529109478
569344598482546690,2015-02-22 03:55:04+00:00,@United also ran out of water and refused service #costumerservice #legit #jk,@United also ran out of water and refused service #costumerservice #legit #jk,0,United,negative,negative,0.8704037070274353,0.8704037070274353,0.12103156000375748,0.00856474693864584
568813570709782529,2015-02-20 16:44:57+00:00,@united just emailed Jim Compton and Jeff Smisek so hopefully you pay attention now,@united just emailed Jim Compton and Jeff Smisek so hopefully you pay attention now,0,United,neutral,neutral,0.7214693427085876,0.019948886707425117,0.7214693427085876,0.2585817277431488
568950850615316480,2015-02-21 01:50:28+00:00,"@united I may not hit any new status this year, but I’ve flown several times this year and have tried to book with y’all every time!","@united I may not hit any new status this year, but I’ve flown several times this year and have tried to book with y’all every time!",0,United,positive,neutral,0.5010337233543396,0.1549752652645111,0.5010337233543396,0.3439909815788269
570264306350227456,2015-02-24 16:49:40+00:00,@usairways Ok thank you…I call from Spain to US for seating assistance!,@usairways Ok thank you…I call from Spain to US for seating assistance!,0,US Airways,negative,positive,0.7201639413833618,0.005769809242337942,0.2740662395954132,0.7201639413833618
569894449620369408,2015-02-23 16:19:59+00:00,@VirginAmerica is anyone doing anything there today?  Website is useless and no one is answering the phone.,@VirginAmerica is anyone doing anything there today? Website is useless and no one is answering the phone.,0,Virgin America,negative,negative,0.9345751404762268,0.9345751404762268,0.059690218418836594,0.0057345968671143055
568905924217217024,2015-02-20 22:51:56+00:00,@SouthwestAir Late Flightly you've always been Late Flight! Please get back to the old #SWA!!,@SouthwestAir Late Flightly you've always been Late Flight! Please get back to the old #SWA!!,0,Southwest,negative,negative,0.8276775479316711,0.8276775479316711,0.1576324701309204,0.014690003357827663
569461469042966528,2015-02-22 11:39:28+00:00,@VirginAmerica at Logan airport and waiting to checkin for my 9am flight. Checkin desk not open !!!!! Why?!,@VirginAmerica at Logan airport and waiting to checkin for my 9am flight. Checkin desk not open !!!!! Why?!,0,Virgin America,negative,negative,0.8479994535446167,0.8479994535446167,0.1426999270915985,0.009300598874688148
569738487269756928,2015-02-23 06:00:15+00:00,"@AmericanAir flight from PHL to Austin Cancelled Flighted, headed to Houston, delayed, now have to pay to rent a car and drive 3 hrs to Austin","@AmericanAir flight from PHL to Austin Cancelled Flighted, headed to Houston, delayed, now have to pay to rent a car and drive 3 hrs to Austin",0,American,negative,negative,0.7866405248641968,0.7866405248641968,0.20510071516036987,0.008258762769401073
569167347996495872,2015-02-21 16:10:45+00:00,@united what's going on with the mileage plus accounts? Login through username and email have been down for at least three days.,@united what's going on with the mileage plus accounts? Login through username and email have been down for at least three days.,0,United,negative,negative,0.8416517376899719,0.8416517376899719,0.1509554088115692,0.007392918225377798
568857374934601728,2015-02-20 19:39:01+00:00,@united I think you should board from the back of the plane #whatstheholdup #CHItoCLE,@united I think you should board from the back of the plane #whatstheholdup #CHItoCLE,0,United,negative,negative,0.6103422045707703,0.6103422045707703,0.37381279468536377,0.015845036134123802
570226870119215104,2015-02-24 14:20:54+00:00,"@SouthwestAir Thanks for the text, but not exactly timely 8). Data throughout issues today maybe? http://t.co/aaU9MKA6Zy","@SouthwestAir Thanks for the text, but not exactly timely 8). Data throughout issues today maybe?",0,Southwest,negative,negative,0.7385624051094055,0.7385624051094055,0.2481931746006012,0.013244402594864368
568790685723136001,2015-02-20 15:14:01+00:00,@USAirways Done,@USAirways Done,0,US Airways,neutral,neutral,0.7844870686531067,0.04328956454992294,0.7844870686531067,0.17222341895103455
568634603885502464,2015-02-20 04:53:48+00:00,@USAirways that seems unlikely without a crew here to board us,@USAirways that seems unlikely without a crew here to board us,0,US Airways,negative,neutral,0.5869059562683105,0.38734713196754456,0.5869059562683105,0.02574690245091915
567793072060276736,2015-02-17 21:09:52+00:00,@USAirways Sending thanks to employee Freddie in PHL Admiral Club A East for allowing me to give a day pass to my sibling stuck there today.,@USAirways Sending thanks to employee Freddie in PHL Admiral Club A East for allowing me to give a day pass to my sibling stuck there today.,0,US Airways,positive,positive,0.7912155389785767,0.007370414212346077,0.201414093375206,0.7912155389785767
568170198433460224,2015-02-18 22:08:26+00:00,"@united #vegan meals can be more creative than noodles, peas, and zukes. Non-vegan yogurt is not acceptable for a vegan. Can you do better?","@united #vegan meals can be more creative than noodles, peas, and zukes. Non-vegan yogurt is not acceptable for a vegan. Can you do better?",0,United,negative,negative,0.6878542304039001,0.6878542304039001,0.2776654362678528,0.034480348229408264
569185684268789761,2015-02-21 17:23:36+00:00,@SouthwestAir same here. Would appreciate a follow so I can DM my info to figure out what I am supposed to do.,@SouthwestAir same here. Would appreciate a follow so I can DM my info to figure out what I am supposed to do.,0,Southwest,negative,neutral,0.7352983355522156,0.07419443130493164,0.7352983355522156,0.1905071884393692
569879601784041472,2015-02-23 15:20:59+00:00,@USAirways I called more than 25 times to redeem mile points and can't get through.  You advertise the miles but make them very hard to use!,@USAirways I called more than 25 times to redeem mile points and can't get through. You advertise the miles but make them very hard to use!,0,US Airways,negative,negative,0.9130817651748657,0.9130817651748657,0.07957658916711807,0.007341716904193163
568323479826771968,2015-02-19 08:17:31+00:00,@united 8h flight without a working screen for me and my friend and not possible to move to another place #unitedfails#worsttripofmylife,@united 8h flight without a working screen for me and my friend and not possible to move to another place #unitedfails#worsttripofmylife,0,United,negative,negative,0.9346579909324646,0.9346579909324646,0.05949409306049347,0.005847925320267677
569254331725139968,2015-02-21 21:56:23+00:00,"@SouthwestAir hey southwest! Can I see @Imaginedragons in Atlanta? My friend has never been there, loves them, and he is from Taiwan!","@SouthwestAir hey southwest! Can I see @Imaginedragons in Atlanta? My friend has never been there, loves them, and he is from Taiwan!",0,Southwest,neutral,positive,0.9248243570327759,0.004604321904480457,0.07057137787342072,0.9248243570327759
569234280632754176,2015-02-21 20:36:43+00:00,"@SouthwestAir THANK YOU. I left my iPad on a plane, filled out a lost and found form. Yall found it and shipped it back. Thank you #flySW","@SouthwestAir THANK YOU. I left my iPad on a plane, filled out a lost and found form. Yall found it and shipped it back. Thank you #flySW",0,Southwest,positive,positive,0.892524242401123,0.010608037933707237,0.09686771780252457,0.892524242401123
568193603954085888,2015-02-18 23:41:26+00:00,"@SouthwestAir woohoo that just made my day. I looked and just couldn't find that, thank you!","@SouthwestAir woohoo that just made my day. I looked and just couldn't find that, thank you!",0,Southwest,positive,positive,0.9794836044311523,0.006627826485782862,0.013888533227145672,0.9794836044311523
568104783061520384,2015-02-18 17:48:29+00:00,@SouthwestAir how can I get tickets for Feb 20 Imagine Dragons show?,@SouthwestAir how can I get tickets for Feb 20 Imagine Dragons show?,0,Southwest,neutral,neutral,0.8806580901145935,0.00896117091178894,0.8806580901145935,0.11038076132535934
569934371488202752,2015-02-23 18:58:37+00:00,@AmericanAir thanks for keeping us safe,@AmericanAir thanks for keeping us safe,0,American,positive,positive,0.9400367736816406,0.005514597985893488,0.05444867163896561,0.9400367736816406
569863229356310528,2015-02-23 14:15:56+00:00,@AmericanAir Or u cud answer my ? here! 140 is plenty. Inflight stealing going on right now &amp; FA won't have the uncomfortable convo w pass.,@AmericanAir Or u cud answer my ? here! 140 is plenty. Inflight stealing going on right now & FA won't have the uncomfortable convo w pass.,0,American,negative,negative,0.8077148795127869,0.8077148795127869,0.17922168970108032,0.01306332927197218
569586098772578304,2015-02-22 19:54:43+00:00,@SouthwestAir Boooo!!!!!!   Don't be like the other airlines!!  http://t.co/WHAGPknnLF,@SouthwestAir Boooo!!!!!! Don't be like the other airlines!!,0,Southwest,negative,negative,0.8829095959663391,0.8829095959663391,0.09913165122270584,0.017958810552954674
569713993532600321,2015-02-23 04:22:55+00:00,.@SouthwestAir Thx for the follow up. Just sent DM,.@SouthwestAir Thx for the follow up. Just sent DM,0,Southwest,positive,positive,0.4909830391407013,0.030051447451114655,0.4789656102657318,0.4909830391407013
569212558952960000,2015-02-21 19:10:24+00:00,@USAirways How does flight 680 look? I'm hearing about Cancelled Flightled departures from @Reagan_Airport and I'm about to head into it,@USAirways How does flight 680 look? I'm hearing about Cancelled Flightled departures from @Reagan_Airport and I'm about to head into it,0,US Airways,neutral,negative,0.6886712908744812,0.6886712908744812,0.3011501431465149,0.010178483091294765
567777187265515521,2015-02-17 20:06:44+00:00,"@USAirways Would love to combine AA and USAir accts. Unfortunately, one has my middle name &amp; one has middle initial. Won't allow change","@USAirways Would love to combine AA and USAir accts. Unfortunately, one has my middle name & one has middle initial. Won't allow change",0,US Airways,neutral,negative,0.6832835078239441,0.6832835078239441,0.29189541935920715,0.024821072816848755
568951063463616512,2015-02-21 01:51:18+00:00,@SouthwestAir great flight got us back on time!  Thanks,@SouthwestAir great flight got us back on time! Thanks,0,Southwest,positive,positive,0.9848864674568176,0.0028520068153738976,0.01226150430738926,0.9848864674568176
568094319766147072,2015-02-18 17:06:55+00:00,@SouthwestAir Just OH-ing a text message I received from an entitled jackass of a friend.,@SouthwestAir Just OH-ing a text message I received from an entitled jackass of a friend.,0,Southwest,negative,negative,0.9311054944992065,0.9311054944992065,0.06242268532514572,0.006471793632954359
569266206596734976,2015-02-21 22:43:34+00:00,@SouthwestAir replacing @vitaminwater with beer! Bravo!👏👏 Cheers! 🍻🍻 @Leinenkugels @DosEquis @FatTire,@SouthwestAir replacing @vitaminwater with beer! Bravo!👏👏 Cheers! 🍻🍻 @Leinenkugels @DosEquis @FatTire,0,Southwest,positive,positive,0.9861027002334595,0.002434407826513052,0.011462911032140255,0.9861027002334595
568848259008962560,2015-02-20 19:02:48+00:00,"@united Flight is awful only one lavatory functioning, and people lining up, bumping, etc. because can't use 1st class bathroom. Ridiculous","@united Flight is awful only one lavatory functioning, and people lining up, bumping, etc. because can't use 1st class bathroom. Ridiculous",1,United,negative,negative,0.9457492828369141,0.9457492828369141,0.04943403974175453,0.0048167286440730095
568426849040261120,2015-02-19 15:08:16+00:00,@united why do I have to request refund? Why charge twice in first place?,@united why do I have to request refund? Why charge twice in first place?,0,United,negative,negative,0.8077982068061829,0.8077982068061829,0.185441255569458,0.006760541815310717
567827039790571520,2015-02-17 23:24:50+00:00,@united does forelock guarantee the fare only or fare &amp; seats?,@united does forelock guarantee the fare only or fare & seats?,0,United,neutral,neutral,0.9165049195289612,0.04261013865470886,0.9165049195289612,0.04088497534394264
570005000643956736,2015-02-23 23:39:16+00:00,@united or @flysaa has lost my baggage… heard different things from different employees of @united. @flysaa has said nothing.,@united or @flysaa has lost my baggage… heard different things from different employees of @united. @flysaa has said nothing.,0,United,negative,negative,0.8463683128356934,0.8463683128356934,0.14706002175807953,0.00657156016677618
567854566122864640,2015-02-18 01:14:13+00:00,@USAirways thanks for your help! I left a message for DCA lost and found. Fingers crossed we find it!,@USAirways thanks for your help! I left a message for DCA lost and found. Fingers crossed we find it!,0,US Airways,positive,positive,0.9101166725158691,0.008243484422564507,0.0816398411989212,0.9101166725158691
569945018527428608,2015-02-23 19:40:56+00:00,@AmericanAir 4 open kiosks for priority with no line and only 4 open for main check in for ~80-100 ppl,@AmericanAir 4 open kiosks for priority with no line and only 4 open for main check in for ~80-100 ppl,0,American,negative,neutral,0.7535375356674194,0.19654841721057892,0.7535375356674194,0.049914080649614334
569677478077136897,2015-02-23 01:57:49+00:00,@AmericanAir it shouldn't happen but did and has put us and our gear in jeopardy. What steps do you take to protect customers if their items,@AmericanAir it shouldn't happen but did and has put us and our gear in jeopardy. What steps do you take to protect customers if their items,0,American,negative,negative,0.900761604309082,0.900761604309082,0.09315074235200882,0.00608765659853816
569581303785328640,2015-02-22 19:35:39+00:00,@JetBlue your agent told us TSA didn't have a crew to get bags!,@JetBlue your agent told us TSA didn't have a crew to get bags!,0,Delta,negative,negative,0.8188537359237671,0.8188537359237671,0.17230157554149628,0.008844704367220402
569669174731153408,2015-02-23 01:24:49+00:00,"@AmericanAir Yo, could that be a catering truck before mine eyes?  Unmoving? http://t.co/ASW6QwUf1Z","@AmericanAir Yo, could that be a catering truck before mine eyes? Unmoving?",0,American,neutral,negative,0.5066521763801575,0.5066521763801575,0.4725126326084137,0.02083512209355831
568544549536198656,2015-02-19 22:55:58+00:00,"@USAirways http://t.co/AXRYeIWzh0, vuelo24.es, vuelos24.es sell too cheap MAD-NYC with USAirways. Are they trusted webs or is it a scam?","@USAirways vuelo24.es, vuelos24.es sell too cheap MAD-NYC with USAirways. Are they trusted webs or is it a scam?",0,US Airways,neutral,negative,0.8745288252830505,0.8745288252830505,0.11893993616104126,0.006531311199069023
569694350831161344,2015-02-23 03:04:52+00:00,@USAirways @PHLAirport always nice when a customer service manager threatens customers standing in his understaffed lines for the last hour,@USAirways @PHLAirport always nice when a customer service manager threatens customers standing in his understaffed lines for the last hour,0,US Airways,negative,negative,0.5505378246307373,0.5505378246307373,0.33205845952033997,0.11740372329950333
570236690637459456,2015-02-24 14:59:56+00:00,@AmericanAir simply amazing. Smiles for miles.Thank u for my upgrade tomorrow for ORD.We are spending a lot of time together next few weeks!,@AmericanAir simply amazing. Smiles for miles.Thank u for my upgrade tomorrow for ORD.We are spending a lot of time together next few weeks!,0,American,positive,positive,0.9899824261665344,0.003035515546798706,0.006982075050473213,0.9899824261665344
567905184040382464,2015-02-18 04:35:21+00:00,"@USAirways No need for apologies just an unfortunate situation . There is no up date, I've landed but was suppose to land at 5","@USAirways No need for apologies just an unfortunate situation . There is no up date, I've landed but was suppose to land at 5",4,US Airways,negative,negative,0.8239333629608154,0.8239333629608154,0.167652890086174,0.008413746953010559
569347118034501632,2015-02-22 04:05:05+00:00,@united What a really GREAT &amp; FLATTERING story about you! You should be very proud :) http://t.co/7br5t5QCXk (via @ParachuteGuy),@united What a really GREAT & FLATTERING story about you! You should be very proud :) (via @ParachuteGuy),0,United,positive,positive,0.9890346527099609,0.0033919464331120253,0.007573445327579975,0.9890346527099609
569622053214507008,2015-02-22 22:17:35+00:00,"@SouthwestAir promised 4 rooms until Wednesday, (wentook3) and the hotel charged us $79 per room because we had a pink paper needed white?","@SouthwestAir promised 4 rooms until Wednesday, (wentook3) and the hotel charged us $79 per room because we had a pink paper needed white?",0,Southwest,negative,negative,0.6810176372528076,0.6810176372528076,0.3036828935146332,0.015299427323043346
569659620517662721,2015-02-23 00:46:51+00:00,@AmericanAir my husband and 5 year old son stuck overnight in DC thanks to 7 crew members arguing over who was boarding the flight,@AmericanAir my husband and 5 year old son stuck overnight in DC thanks to 7 crew members arguing over who was boarding the flight,0,American,negative,negative,0.7716535329818726,0.7716535329818726,0.21690379083156586,0.011442729271948338
569983854464921601,2015-02-23 22:15:15+00:00,@AmericanAir I understand they're busy &amp; doing their best. My frustration is an automated call changing my flight w/o allowing me to talk,@AmericanAir I understand they're busy & doing their best. My frustration is an automated call changing my flight w/o allowing me to talk,0,American,negative,negative,0.6495161056518555,0.6495161056518555,0.3248479664325714,0.02563587576150894
569987608912142337,2015-02-23 22:30:10+00:00,@JetBlue once again my flight is delayed. I hope I dont miss my  connecting. Please don't fuck me... I have a girlfriend -_-,@JetBlue once again my flight is delayed. I hope I dont miss my connecting. Please don't fuck me... I have a girlfriend -_-,0,Delta,negative,negative,0.9457857608795166,0.9457857608795166,0.04824743792414665,0.005966739263385534
568761996973379584,2015-02-20 13:20:01+00:00,"@SouthwestAir you do a great job of achieving that at most cities, just not at BWI.","@SouthwestAir you do a great job of achieving that at most cities, just not at BWI.",0,Southwest,negative,positive,0.7563486099243164,0.05136225000023842,0.19228918850421906,0.7563486099243164
569889391633518592,2015-02-23 15:59:53+00:00,@AmericanAir is your website down? I haven't been able to check in to my flight all morning.,@AmericanAir is your website down? I haven't been able to check in to my flight all morning.,0,American,negative,negative,0.8552141785621643,0.8552141785621643,0.13668672740459442,0.008099059574306011
569565359524716544,2015-02-22 18:32:18+00:00,@SouthwestAir    Promotion e-mail today (Vegas and Jamaica) has a defective link for the Vegas sweepstakes...it times out with error.,@SouthwestAir Promotion e-mail today (Vegas and Jamaica) has a defective link for the Vegas sweepstakes...it times out with error.,0,Southwest,negative,negative,0.8792853951454163,0.8792853951454163,0.11349815875291824,0.007216406054794788
570187432815013888,2015-02-24 11:44:12+00:00,@southwestair cool shot of the moon and one of your fleet http://t.co/kl9BAiMES6,@southwestair cool shot of the moon and one of your fleet,0,Southwest,positive,positive,0.9540702104568481,0.004004074260592461,0.04192575812339783,0.9540702104568481
570210392539934721,2015-02-24 13:15:26+00:00,"@AmericanAir She was at gate on time though, they made her cry, and made a scene for 10 mins instead of boarding her. Plane still outside.","@AmericanAir She was at gate on time though, they made her cry, and made a scene for 10 mins instead of boarding her. Plane still outside.",0,American,negative,negative,0.8355113863945007,0.8355113863945007,0.15637969970703125,0.008108935318887234
568444042851323904,2015-02-19 16:16:35+00:00,@united Over charged me one way for baggage.find out others leaving Pittsburgh with same equipment weren't charged Just hung up on me!!,@united Over charged me one way for baggage.find out others leaving Pittsburgh with same equipment weren't charged Just hung up on me!!,0,United,negative,negative,0.9109919667243958,0.9109919667243958,0.0832400992512703,0.005767890252172947
570042296357539840,2015-02-24 02:07:28+00:00,@AmericanAir @contactcej thanks!,@AmericanAir @contactcej thanks!,0,American,positive,positive,0.670037567615509,0.012266633100807667,0.3176957964897156,0.670037567615509
569971233351213056,2015-02-23 21:25:06+00:00,@USAirways power trip. I felt completely threatened and unsafe and I am so angry. Derrick Bussey.  DCA. Would like to reiterate that I was,@USAirways power trip. I felt completely threatened and unsafe and I am so angry. Derrick Bussey. DCA. Would like to reiterate that I was,0,US Airways,negative,negative,0.9435539841651917,0.9435539841651917,0.049647342413663864,0.006798601243644953
570217918195220480,2015-02-24 13:45:20+00:00,@SouthwestAir Thanks to your team for dealing with Flight 1700 to Houston.,@SouthwestAir Thanks to your team for dealing with Flight 1700 to Houston.,0,Southwest,positive,positive,0.8569893836975098,0.007945278659462929,0.13506531715393066,0.8569893836975098
569959876706885632,2015-02-23 20:39:58+00:00,"@AmericanAir After being patient about my ""delayed"" bags for 5 weeks, I was told that it could take another 3 to 5 weeks. Unacceptable!","@AmericanAir After being patient about my ""delayed"" bags for 5 weeks, I was told that it could take another 3 to 5 weeks. Unacceptable!",0,American,negative,negative,0.9212481379508972,0.9212481379508972,0.07224255055189133,0.006509380880743265
568964010101514240,2015-02-21 02:42:45+00:00,@USAirways only sympathy she offered was holding a reservation until Monday night. That's pretty awesome if you ask me...,@USAirways only sympathy she offered was holding a reservation until Monday night. That's pretty awesome if you ask me...,0,US Airways,negative,positive,0.8945598602294922,0.01710294932126999,0.08833715319633484,0.8945598602294922
568962811772030976,2015-02-21 02:37:59+00:00,@united have better customer service at John Wayne airport.,@united have better customer service at John Wayne airport.,0,United,negative,positive,0.4898693561553955,0.1273467093706131,0.3827839195728302,0.4898693561553955
568438982301917184,2015-02-19 15:56:29+00:00,"@united really hoping to get some help here.  On my 5th attempt to get a resolution, and lost count of transfers.  help please! #mileageplus","@united really hoping to get some help here. On my 5th attempt to get a resolution, and lost count of transfers. help please! #mileageplus",0,United,negative,negative,0.697567343711853,0.697567343711853,0.23402272164821625,0.06840991228818893
570059605662834688,2015-02-24 03:16:15+00:00,@united @AmericanAir spent hundreds to rectify the situation and you guys go quiet,@united @AmericanAir spent hundreds to rectify the situation and you guys go quiet,0,United,negative,negative,0.8891283869743347,0.8891283869743347,0.10399619489908218,0.006875435821712017
568611474416906240,2015-02-20 03:21:54+00:00,@JetBlue I appreciate the quick response but how can no one go outside to check temp so we can leave in BUF #currentlysittingontarmac,@JetBlue I appreciate the quick response but how can no one go outside to check temp so we can leave in BUF #currentlysittingontarmac,0,Delta,negative,negative,0.6428268551826477,0.6428268551826477,0.3309122323989868,0.026260923594236374
569196231546830848,2015-02-21 18:05:31+00:00,@JetBlue No changes made. My son's pass printed on same conf #. Just mine not print after I expressed disapptment w/ JetBlue,@JetBlue No changes made. My son's pass printed on same conf #. Just mine not print after I expressed disapptment w/ JetBlue,0,Delta,negative,negative,0.5910785794258118,0.5910785794258118,0.39107024669647217,0.01785123161971569
570000250225754114,2015-02-23 23:20:24+00:00,smh RT @JetBlue: Our fleet's on fleek. http://t.co/IRiXaIfJJX,smh RT @JetBlue: Our fleet's on fleek.,0,Delta,neutral,negative,0.5044960379600525,0.5044960379600525,0.42065173387527466,0.07485219091176987
570273188485197825,2015-02-24 17:24:57+00:00,"@USAirways ...2 hours on the plane, they at least got us on a direct flight a couple hours Late Flightr on United","@USAirways ...2 hours on the plane, they at least got us on a direct flight a couple hours Late Flightr on United",0,US Airways,negative,neutral,0.48196741938591003,0.4595763087272644,0.48196741938591003,0.05845637246966362
570215386102292480,2015-02-24 13:35:16+00:00,@JetBlue I just DM'd you!,@JetBlue I just DM'd you!,0,Delta,negative,neutral,0.6983914971351624,0.01852674037218094,0.6983914971351624,0.2830817699432373
569868010665611265,2015-02-23 14:34:56+00:00,@southwestair does anyone realize that banning peanuts on a flight due to an allergic person ignores p-nut oil &amp; dust from previous flights?,@southwestair does anyone realize that banning peanuts on a flight due to an allergic person ignores p-nut oil & dust from previous flights?,0,Southwest,negative,negative,0.8322451710700989,0.8322451710700989,0.16111589968204498,0.0066389050334692
569688050386620416,2015-02-23 02:39:50+00:00,@AmericanAir if you could get the gate crew to help us off FLT 5350 that would be great....,@AmericanAir if you could get the gate crew to help us off FLT 5350 that would be great....,0,American,neutral,positive,0.7680502533912659,0.02265242673456669,0.20929734408855438,0.7680502533912659
570175461298475008,2015-02-24 10:56:37+00:00,@AmericanAir I know your policy. Just asking for a little kindness due to extenuating circumstances.,@AmericanAir I know your policy. Just asking for a little kindness due to extenuating circumstances.,0,American,negative,neutral,0.6225014925003052,0.3070004880428314,0.6225014925003052,0.07049800455570221
567725125194493953,2015-02-17 16:39:52+00:00,@USAirways it was supposed to be a carry on and in Pittsburgh  coming to Boston it was a carry on,@USAirways it was supposed to be a carry on and in Pittsburgh coming to Boston it was a carry on,0,US Airways,negative,neutral,0.7208054661750793,0.2476373016834259,0.7208054661750793,0.031557172536849976
568249367590768640,2015-02-19 03:23:01+00:00,@united any chance you could look into my problem from earlier?,@united any chance you could look into my problem from earlier?,0,United,neutral,neutral,0.5345512628555298,0.4471665620803833,0.5345512628555298,0.01828215830028057
569947514633191424,2015-02-23 19:50:51+00:00,STOP THIS “@JetBlue: Our fleet's on fleek. http://t.co/Ac6zwmuOOn”,STOP THIS “@JetBlue: Our fleet's on fleek.,0,Delta,negative,negative,0.5229960083961487,0.5229960083961487,0.38405460119247437,0.09294933080673218
569502753694691328,2015-02-22 14:23:31+00:00,@SouthwestAir looks like you are up and running for the day. Still can't get through on the phone. Can you follow so I can dm you my info,@SouthwestAir looks like you are up and running for the day. Still can't get through on the phone. Can you follow so I can dm you my info,0,Southwest,negative,negative,0.5147356390953064,0.5147356390953064,0.4406372010707855,0.0446271076798439
569641841454239744,2015-02-22 23:36:13+00:00,@americanair never fails to disappoint. waiting at jfk an hour after scheduled take off and still no word on departure,@americanair never fails to disappoint. waiting at jfk an hour after scheduled take off and still no word on departure,0,American,negative,negative,0.9175743460655212,0.9175743460655212,0.07517558336257935,0.007250058464705944
569213183455563776,2015-02-21 19:12:53+00:00,@JetBlue thanks so much for your condolences and quick response. It is very much appreciated,@JetBlue thanks so much for your condolences and quick response. It is very much appreciated,0,Delta,positive,positive,0.9626765251159668,0.008440634235739708,0.028882848098874092,0.9626765251159668
567732811772080129,2015-02-17 17:10:24+00:00,@JetBlue well lucky I only fly JB..I guess I would be even more squished on any other airline 😞,@JetBlue well lucky I only fly JB..I guess I would be even more squished on any other airline 😞,0,Delta,positive,negative,0.713837742805481,0.713837742805481,0.22925372421741486,0.05690854787826538
569676535973744640,2015-02-23 01:54:04+00:00,@united good try but @SouthwestAir got her here safer and sooner,@united good try but @SouthwestAir got her here safer and sooner,0,United,negative,positive,0.812427282333374,0.018789948895573616,0.16878275573253632,0.812427282333374
569614361574158336,2015-02-22 21:47:01+00:00,@USAirways has the WORST customer service and their flights are always delayed,@USAirways has the WORST customer service and their flights are always delayed,0,US Airways,negative,negative,0.9558579325675964,0.9558579325675964,0.03817110136151314,0.0059709674678742886
569966563245367297,2015-02-23 21:06:32+00:00,@united In the process of recovering their car rental - condo rental $ in Florida. They called #United for an alternate flight #NOANSWER,@united In the process of recovering their car rental - condo rental $ in Florida. They called #United for an alternate flight #NOANSWER,0,United,negative,negative,0.6910285949707031,0.6910285949707031,0.29588231444358826,0.013089128769934177
570289532953874432,2015-02-24 18:29:54+00:00,"@USAirways If I know I left something on my last flight (as I literally had to run to make my connection), how can I retrieve it please?","@USAirways If I know I left something on my last flight (as I literally had to run to make my connection), how can I retrieve it please?",0,US Airways,neutral,neutral,0.715231716632843,0.25222447514533997,0.715231716632843,0.032543860375881195
568211021497638912,2015-02-19 00:50:39+00:00,@USAirways Oh certainly. And now I have two $275 pending transactions on my bank account. Really happy that I was charged double.,@USAirways Oh certainly. And now I have two $275 pending transactions on my bank account. Really happy that I was charged double.,0,US Airways,negative,positive,0.6241998672485352,0.13416333496570587,0.24163682758808136,0.6241998672485352
570281232287731712,2015-02-24 17:56:55+00:00,@USAirways 44 minutes on hold so far. And still haven't spoke to a human. Never using you again.,@USAirways 44 minutes on hold so far. And still haven't spoke to a human. Never using you again.,0,US Airways,negative,negative,0.9455602765083313,0.9455602765083313,0.04936014860868454,0.005079627502709627
567837218628362241,2015-02-18 00:05:17+00:00,"@JetBlue Flight 152 (N559JB) ""Here's Looking at Blue Kid"" departs @MCO enroute to @BostonLogan http://t.co/qeaDA92MW6","@JetBlue Flight 152 (N559JB) ""Here's Looking at Blue Kid"" departs @MCO enroute to @BostonLogan",0,Delta,neutral,neutral,0.9248901009559631,0.007767948321998119,0.9248901009559631,0.06734192371368408
569903376583913472,2015-02-23 16:55:27+00:00,@USAirways 603 &amp; 2705 DFW to PSP thank you!,@USAirways 603 & 2705 DFW to PSP thank you!,0,US Airways,positive,positive,0.851460874080658,0.004549880977720022,0.14398923516273499,0.851460874080658
568491256508231680,2015-02-19 19:24:12+00:00,"@VirginAmerica just promoting the product is all, had a problem with southwest and recommend noneother than the best! http://t.co/tFaNXBh1Cf","@VirginAmerica just promoting the product is all, had a problem with southwest and recommend noneother than the best!",0,Virgin America,positive,positive,0.7666391730308533,0.04854989051818848,0.18481096625328064,0.7666391730308533
569786249508048896,2015-02-23 09:10:02+00:00,"Happy for SFO, but hopefully you'll add PDX soon “@JetBlue We added two new destinations (FLL and SFO) from Las Vegas in the last year!”","Happy for SFO, but hopefully you'll add PDX soon “@JetBlue We added two new destinations (FLL and SFO) from Las Vegas in the last year!”",0,Delta,neutral,positive,0.9652370810508728,0.0018234564922749996,0.032939497381448746,0.9652370810508728
569535527227150336,2015-02-22 16:33:45+00:00,@USAirways your service sucks.,@USAirways your service sucks.,0,US Airways,negative,negative,0.9561865329742432,0.9561865329742432,0.037416063249111176,0.0063974689692258835
569372340309651457,2015-02-22 05:45:19+00:00,@USAirways I was on hold for 2 hours and still no answer. Is this really how you run your business? http://t.co/P8xFhq4kps,@USAirways I was on hold for 2 hours and still no answer. Is this really how you run your business?,0,US Airways,negative,negative,0.9365848898887634,0.9365848898887634,0.058383144438266754,0.005031982436776161
568526769373859841,2015-02-19 21:45:19+00:00,"@SouthwestAir CEO Gary Kelly, ""You all are absolutely my heroes!"" #SouthwestRally #BWI #bestemployees #swaculture http://t.co/JTxyHQHfJJ","@SouthwestAir CEO Gary Kelly, ""You all are absolutely my heroes!"" #SouthwestRally #BWI #bestemployees #swaculture",0,Southwest,neutral,positive,0.9798790216445923,0.0029311850666999817,0.017189770936965942,0.9798790216445923
569192549170032640,2015-02-21 17:50:53+00:00,@united what's the hold up with flight 6475 from SLC to DEN??,@united what's the hold up with flight 6475 from SLC to DEN??,0,United,negative,negative,0.5236184597015381,0.5236184597015381,0.4660419821739197,0.01033952459692955
568463644503240704,2015-02-19 17:34:29+00:00,@united  RES # 0167560070877     Fsqthg   Thanks,@united RES # 0167560070877 Fsqthg Thanks,0,United,neutral,neutral,0.6122471690177917,0.02269994653761387,0.6122471690177917,0.36505281925201416
569162467051474944,2015-02-21 15:51:21+00:00,@SouthwestAir is anyone answering phones to rebook Cancelled Flightled flights?,@SouthwestAir is anyone answering phones to rebook Cancelled Flightled flights?,1,Southwest,negative,negative,0.5044789910316467,0.5044789910316467,0.48281896114349365,0.012702039442956448
570245402982785024,2015-02-24 15:34:33+00:00,@AmericanAir guess that's what I get for bragging on you. I fly you by choice unlike others who fly because they don't have other options JS,@AmericanAir guess that's what I get for bragging on you. I fly you by choice unlike others who fly because they don't have other options JS,0,American,negative,negative,0.6249287724494934,0.6249287724494934,0.3449540138244629,0.030117200687527657
569741306190172161,2015-02-23 06:11:27+00:00,@united Ph the pat answers are BS. After I was denied boarding it sat at the gate until 9:05! Your employees totally suck.,@united Ph the pat answers are BS. After I was denied boarding it sat at the gate until 9:05! Your employees totally suck.,1,United,negative,negative,0.9574444890022278,0.9574444890022278,0.038099661469459534,0.004455879330635071
569658058546286592,2015-02-23 00:40:39+00:00,@JetBlue Ricoh Smith at BOS provided oust and service,@JetBlue Ricoh Smith at BOS provided oust and service,0,Delta,neutral,neutral,0.7998453974723816,0.04878023639321327,0.7998453974723816,0.15137434005737305
568755032138469376,2015-02-20 12:52:21+00:00,@Southwestair thanks for leaving me hanging here. #destinationdragons flights all fucked up now. No help?!,@Southwestair thanks for leaving me hanging here. #destinationdragons flights all fucked up now. No help?!,0,Southwest,negative,negative,0.9584789872169495,0.9584789872169495,0.03759380057454109,0.003927172627300024
568586882600161280,2015-02-20 01:44:11+00:00,"@SouthwestAir, what do you know? Finally lined up like cattle to board my SW flight (after original departure time) #badcustomerservice","@SouthwestAir, what do you know? Finally lined up like cattle to board my SW flight (after original departure time) #badcustomerservice",0,Southwest,negative,negative,0.9387031197547913,0.9387031197547913,0.05621439591050148,0.005082511808723211
569592022635585536,2015-02-22 20:18:15+00:00,@united thanks for ruined my vacation for having poorly maintained aircrafts that can’t fly safely out of STT. #UA1481 #Cancelled Flightledflight,@united thanks for ruined my vacation for having poorly maintained aircrafts that can’t fly safely out of STT. #UA1481 #Cancelled Flightledflight,0,United,negative,negative,0.9541767835617065,0.9541767835617065,0.041562315076589584,0.0042609963566064835
570267287883616256,2015-02-24 17:01:31+00:00,@AmericanAir change fee = same price of new ticket... Not logical,@AmericanAir change fee = same price of new ticket... Not logical,0,American,negative,negative,0.7732217907905579,0.7732217907905579,0.2161465287208557,0.010631687007844448
569643354557796353,2015-02-22 23:42:13+00:00,@AmericanAir United needs our ticket number since you rebooked us and you gave the incorrect ticket number now we can't check in #help,@AmericanAir United needs our ticket number since you rebooked us and you gave the incorrect ticket number now we can't check in #help,0,American,negative,negative,0.8253332376480103,0.8253332376480103,0.16649994254112244,0.008166756480932236
569235333050576898,2015-02-21 20:40:53+00:00,@JetBlue continuing you record of never having a flight leave on time. Add up how much time with with my family you have cost me. #jetblue,@JetBlue continuing you record of never having a flight leave on time. Add up how much time with with my family you have cost me. #jetblue,0,Delta,negative,negative,0.913442850112915,0.913442850112915,0.07994239777326584,0.00661470228806138
567892508987908096,2015-02-18 03:44:59+00:00,@JetBlue I hope your system wasn't hacked cause someone else's passport info was on my reservation &amp; I couldn't get my boarding pass,@JetBlue I hope your system wasn't hacked cause someone else's passport info was on my reservation & I couldn't get my boarding pass,0,Delta,negative,negative,0.7985901236534119,0.7985901236534119,0.19173528254032135,0.009674587287008762
570202160564203520,2015-02-24 12:42:43+00:00,"@AmericanAir again, no special meal catered for me in F JFK-LAX. thankfully i'm on qantas the rest of way-i fear what youd NOT cater on that","@AmericanAir again, no special meal catered for me in F JFK-LAX. thankfully i'm on qantas the rest of way-i fear what youd NOT cater on that",0,American,negative,negative,0.9039089679718018,0.9039089679718018,0.08695653825998306,0.009134420193731785
570267956648792064,2015-02-24 17:04:10+00:00,@VirginAmerica you know what would be amazingly awesome? BOS-FLL PLEASE!!!!!!! I want to fly with only you.,@VirginAmerica you know what would be amazingly awesome? BOS-FLL PLEASE!!!!!!! I want to fly with only you.,0,Virgin America,positive,positive,0.9864020943641663,0.002848375355824828,0.010749580338597298,0.9864020943641663
567760872739975168,2015-02-17 19:01:55+00:00,"@SouthwestAir thanks, got put on the am flight tomorrow.  Don't have much faith it'll get off the ground tomorrow though.","@SouthwestAir thanks, got put on the am flight tomorrow. Don't have much faith it'll get off the ground tomorrow though.",0,Southwest,positive,neutral,0.6350571513175964,0.22588610649108887,0.6350571513175964,0.1390567123889923
569734884396302338,2015-02-23 05:45:56+00:00,@USAirways #usairways lost a passenger today for not upholding their promise of excellent customer service!!!,@USAirways #usairways lost a passenger today for not upholding their promise of excellent customer service!!!,0,US Airways,negative,negative,0.9131959676742554,0.9131959676742554,0.07644989341497421,0.010354164056479931
569301025280167936,2015-02-22 01:01:56+00:00,@JetBlue yes Party is Over 😂,@JetBlue yes Party is Over 😂,0,Delta,neutral,positive,0.48410576581954956,0.03534096106886864,0.48055335879325867,0.48410576581954956
570048528602374144,2015-02-24 02:32:14+00:00,@united My mom left her Kindle on flight 1544 today. Burgundy case with a light. Seat 27D. Did anyone find it?,@united My mom left her Kindle on flight 1544 today. Burgundy case with a light. Seat 27D. Did anyone find it?,0,United,neutral,neutral,0.5067752599716187,0.47626012563705444,0.5067752599716187,0.01696455106139183
569866490423349248,2015-02-23 14:28:53+00:00,@united it wasn't a comment. It was a question. But thanks for your copy and paste response,@united it wasn't a comment. It was a question. But thanks for your copy and paste response,0,United,negative,neutral,0.5616629719734192,0.39685797691345215,0.5616629719734192,0.04147905856370926
567887437826908160,2015-02-18 03:24:50+00:00,"@JetBlue honestly I’m glad you didn’t Cancelled Flight the flight, just that I’ll be driving home at 3-4 am now. :/","@JetBlue honestly I’m glad you didn’t Cancelled Flight the flight, just that I’ll be driving home at 3-4 am now. :/",0,Delta,negative,negative,0.6371293067932129,0.6371293067932129,0.2973414659500122,0.06552926450967789
569658243871608832,2015-02-23 00:41:23+00:00,@AmericanAir I've been on hold for about 3 and a half hours now. Thanks for Cancelled Flighting my flight and not notifying me.,@AmericanAir I've been on hold for about 3 and a half hours now. Thanks for Cancelled Flighting my flight and not notifying me.,0,American,negative,negative,0.92423015832901,0.92423015832901,0.07022741436958313,0.0055424305610358715
568782407698149376,2015-02-20 14:41:08+00:00,@JetBlue perfect! Probably need some coffee to stay awake during the night ;),@JetBlue perfect! Probably need some coffee to stay awake during the night ;),0,Delta,positive,positive,0.9461315870285034,0.002756205154582858,0.05111217126250267,0.9461315870285034
567806467974365184,2015-02-17 22:03:05+00:00,@VirginAmerica wifi AND better seating.,@VirginAmerica wifi AND better seating.,0,Virgin America,positive,positive,0.7192298173904419,0.020133916288614273,0.26063627004623413,0.7192298173904419
570261225520689152,2015-02-24 16:37:25+00:00,@SouthwestAir I booked a flight on my phone and then never got a confirmation email. How would I go about getting that?,@SouthwestAir I booked a flight on my phone and then never got a confirmation email. How would I go about getting that?,0,Southwest,negative,negative,0.5825332999229431,0.5825332999229431,0.4052341878414154,0.012232434004545212
569671485930876928,2015-02-23 01:34:00+00:00,@USAirways @AmericanAir how is it possible that someone is drunk they bring a wheelchair for them but you keep serving them,@USAirways @AmericanAir how is it possible that someone is drunk they bring a wheelchair for them but you keep serving them,0,US Airways,negative,negative,0.8588330745697021,0.8588330745697021,0.13343650102615356,0.007730466313660145
569845438494457856,2015-02-23 13:05:14+00:00,@AmericanAir from a service rep but that hasn't happened yet. I'm honestly fed up and sick of this. No notice when my flight got Cancelled Flighted,@AmericanAir from a service rep but that hasn't happened yet. I'm honestly fed up and sick of this. No notice when my flight got Cancelled Flighted,0,American,negative,negative,0.9364252686500549,0.9364252686500549,0.05797469988465309,0.0056000822223722935
568945122961784833,2015-02-21 01:27:42+00:00,"@SouthwestAir 14 hours????  Sorry don't get it. Oh well. Screw the weekend in Az right?  Eat the hotel, no problem.","@SouthwestAir 14 hours???? Sorry don't get it. Oh well. Screw the weekend in Az right? Eat the hotel, no problem.",0,Southwest,negative,negative,0.9001746773719788,0.9001746773719788,0.0916358083486557,0.008189515210688114
568589551477886977,2015-02-20 01:54:47+00:00,@united I'd rather have the truth about my flight than be forced to sit here all day. Trying to get home to this. http://t.co/U69fAfqhsF,@united I'd rather have the truth about my flight than be forced to sit here all day. Trying to get home to this.,0,United,negative,negative,0.8767346739768982,0.8767346739768982,0.11489912867546082,0.00836623553186655
570107683027718144,2015-02-24 06:27:18+00:00,@united no Cancelled Flightn just left us to fend for ourselves when flt came in Late Flight. Getting runaround for 3 hrs. Each employee blaming  previous 1.,@united no Cancelled Flightn just left us to fend for ourselves when flt came in Late Flight. Getting runaround for 3 hrs. Each employee blaming previous 1.,1,United,negative,negative,0.911812424659729,0.911812424659729,0.08352312445640564,0.004664438311010599
568503174413225984,2015-02-19 20:11:33+00:00,@united the wifi in the ewr lounge reminds me of the old days of dial up,@united the wifi in the ewr lounge reminds me of the old days of dial up,0,United,negative,negative,0.5383204221725464,0.5383204221725464,0.4152868986129761,0.04639266058802605
567773706707021824,2015-02-17 19:52:55+00:00,@united was never given one,@united was never given one,0,United,neutral,negative,0.512723445892334,0.512723445892334,0.4488338232040405,0.03844274580478668
569985288992264192,2015-02-23 22:20:57+00:00,@USAirways PLANS CHANGED! IS THAT WHAT U CALL NOT BEIN ABLE 2 PARK ON TIME PLANES W A 2 HR LAYOVER N B ABLE 2 MAKE UR CONNECTION! #seriously,@USAirways PLANS CHANGED! IS THAT WHAT U CALL NOT BEIN ABLE 2 PARK ON TIME PLANES W A 2 HR LAYOVER N B ABLE 2 MAKE UR CONNECTION! #seriously,0,US Airways,negative,negative,0.9089572429656982,0.9089572429656982,0.08315078914165497,0.007892044261097908
568454386617356291,2015-02-19 16:57:41+00:00,@united Flight delayed 40 minutes in ORD because plane didn’t have all the food. That should be fixed in the future. It’s a dumb delay.,@united Flight delayed 40 minutes in ORD because plane didn’t have all the food. That should be fixed in the future. It’s a dumb delay.,1,United,negative,negative,0.9418900012969971,0.9418900012969971,0.0538753941655159,0.004234629683196545
569594123222585344,2015-02-22 20:26:36+00:00,"@AmericanAir  beyond frustrated with no call back from auto hold or whatever you call it. Entered my number at 11:30 CST, still no call 2:26","@AmericanAir beyond frustrated with no call back from auto hold or whatever you call it. Entered my number at 11:30 CST, still no call 2:26",0,American,negative,negative,0.9309855699539185,0.9309855699539185,0.06303030252456665,0.005984103307127953
568189945308786688,2015-02-18 23:26:54+00:00,@JetBlue hi! Is it possible to upgrade to a Mint seat on an already booked ticket? Thanks!,@JetBlue hi! Is it possible to upgrade to a Mint seat on an already booked ticket? Thanks!,0,Delta,neutral,positive,0.5550191402435303,0.008234872482717037,0.4367459714412689,0.5550191402435303
570009630786453505,2015-02-23 23:57:40+00:00,@USAirways  can you help me out?,@USAirways can you help me out?,0,US Airways,neutral,neutral,0.8357686400413513,0.030750563368201256,0.8357686400413513,0.13348084688186646
568480213123919874,2015-02-19 18:40:19+00:00,@USAirways @americanair I feel sorry for AA,@USAirways @americanair I feel sorry for AA,0,US Airways,negative,negative,0.932685911655426,0.932685911655426,0.060967329889535904,0.006346798036247492
570284111425892353,2015-02-24 18:08:22+00:00,@SouthwestAir Thanks so much!,@SouthwestAir Thanks so much!,0,Southwest,positive,positive,0.9736566543579102,0.0030942459125071764,0.02324911765754223,0.9736566543579102
569337170210607105,2015-02-22 03:25:33+00:00,@united are there any upgrades avail to get us all on the same flight,@united are there any upgrades avail to get us all on the same flight,0,United,neutral,neutral,0.8808773159980774,0.015765884891152382,0.8808773159980774,0.10335677862167358
567823707160354816,2015-02-17 23:11:36+00:00,@united how can you not know the weight of our plane after us sitting on the plane for 2.5 hrs? Not convinced your company is safe for flt.,@united how can you not know the weight of our plane after us sitting on the plane for 2.5 hrs? Not convinced your company is safe for flt.,1,United,negative,negative,0.9088615775108337,0.9088615775108337,0.08498243987560272,0.006155902054160833
568660340910592000,2015-02-20 06:36:05+00:00,@JetBlue and The from @WSJ Team to Offer In-#Flight Access to Journal ... - Nassau News Live http://t.co/7E5bxwG16t,@JetBlue and The from @WSJ Team to Offer In-#Flight Access to Journal ... - Nassau News Live,0,Delta,neutral,neutral,0.9507044553756714,0.005961799994111061,0.9507044553756714,0.043333783745765686
568545534056787968,2015-02-19 22:59:53+00:00,"@JetBlue you service agents at MCO are great, but their are not enough of them working right now!","@JetBlue you service agents at MCO are great, but their are not enough of them working right now!",0,Delta,negative,negative,0.3802095651626587,0.3802095651626587,0.3023892343044281,0.31740114092826843
569639972615135232,2015-02-22 23:28:47+00:00,@AmericanAir delayed.....wow,@AmericanAir delayed.....wow,0,American,negative,negative,0.8867464661598206,0.8867464661598206,0.1049715057015419,0.00828205794095993
569678620878376960,2015-02-23 02:02:21+00:00,"@AmericanAir FYI twice now I've tried the ""we'll call you when someone is free"" thing. Both times it called, I picked up, then it hung up.","@AmericanAir FYI twice now I've tried the ""we'll call you when someone is free"" thing. Both times it called, I picked up, then it hung up.",0,American,negative,negative,0.6191080212593079,0.6191080212593079,0.36219343543052673,0.01869850978255272
569183494259273728,2015-02-21 17:14:54+00:00,@SouthwestAir trying to rebook flight. On hold for 23 mins before disconnected and now almost 40 mins? Unbelievable. http://t.co/0BJNz4EIX5,@SouthwestAir trying to rebook flight. On hold for 23 mins before disconnected and now almost 40 mins? Unbelievable.,0,Southwest,negative,negative,0.8999239802360535,0.8999239802360535,0.09252940863370895,0.007546619977802038
568772817598050304,2015-02-20 14:03:01+00:00,"@SouthwestAir yeah... that's not what happened. I'm really pissed. This is the kind of thing I expect from US or Austrian, not you.","@SouthwestAir yeah... that's not what happened. I'm really pissed. This is the kind of thing I expect from US or Austrian, not you.",0,Southwest,negative,negative,0.9367942810058594,0.9367942810058594,0.05766521394252777,0.005540522746741772
569811470797676544,2015-02-23 10:50:15+00:00,@AmericanAir 953 our  fligth Somthing to talk  about this?,@AmericanAir 953 our fligth Somthing to talk about this?,0,American,negative,neutral,0.5339017510414124,0.4464268088340759,0.5339017510414124,0.019671496003866196
569964627305603073,2015-02-23 20:58:51+00:00,@USAirways sorry I didn't realize I wasn't following you,@USAirways sorry I didn't realize I wasn't following you,0,US Airways,neutral,negative,0.6346002221107483,0.6346002221107483,0.34924256801605225,0.016157206147909164
570308309682675712,2015-02-24 19:44:31+00:00,@AmericanAir why would I even consider continuing your point program when I received no perks or continued bad customer service? #senseless,@AmericanAir why would I even consider continuing your point program when I received no perks or continued bad customer service? #senseless,0,American,negative,negative,0.9472233653068542,0.9472233653068542,0.04731222987174988,0.005464464891701937
568210928484913152,2015-02-19 00:50:16+00:00,@USAirways I got an email asking me to checkin TMRW for a flight I meant to book for 3/19 - can someone please help! @WallStSlumLord @PKG49,@USAirways I got an email asking me to checkin TMRW for a flight I meant to book for 3/19 - can someone please help! @WallStSlumLord @PKG49,0,US Airways,neutral,negative,0.7060989737510681,0.7060989737510681,0.27937382459640503,0.014527259394526482
567911142955311104,2015-02-18 04:59:02+00:00,@JetBlue awe you guys are great can't wait to travel with you again soon!!!,@JetBlue awe you guys are great can't wait to travel with you again soon!!!,0,Delta,positive,positive,0.9916954636573792,0.002256857929751277,0.00604768143966794,0.9916954636573792
569133987668623360,2015-02-21 13:58:11+00:00,@SouthwestAir Have been on hold to reschedule a flight for 1.5 hours! Please help! Phone will be out of batteries soon.,@SouthwestAir Have been on hold to reschedule a flight for 1.5 hours! Please help! Phone will be out of batteries soon.,0,Southwest,negative,negative,0.9081065654754639,0.9081065654754639,0.08198169618844986,0.009911643341183662
569844812783996928,2015-02-23 13:02:45+00:00,@AmericanAir me up in a hotel tonight and expect me to now pay even more money. I don't have that money!! I was supposed to get a call back,@AmericanAir me up in a hotel tonight and expect me to now pay even more money. I don't have that money!! I was supposed to get a call back,0,American,negative,negative,0.9259371161460876,0.9259371161460876,0.06711689382791519,0.0069459956139326096
570020275150049281,2015-02-24 00:39:58+00:00,@united  i have a weekend of dealing with your company that would say otherwise.,@united i have a weekend of dealing with your company that would say otherwise.,0,United,negative,negative,0.7187996506690979,0.7187996506690979,0.2640734612941742,0.0171268992125988
568541825092304897,2015-02-19 22:45:08+00:00,@SouthwestAir don't ever tweet me again,@SouthwestAir don't ever tweet me again,0,Southwest,negative,negative,0.9058582782745361,0.9058582782745361,0.08684957027435303,0.0072920797392725945
568516063001853952,2015-02-19 21:02:46+00:00,@united still waiting 4 our bags. Web STILL can't tell me its location . How come @UPS @FedEx can tell u at any given minute where it is?,@united still waiting 4 our bags. Web STILL can't tell me its location . How come @UPS @FedEx can tell u at any given minute where it is?,0,United,negative,negative,0.8682922720909119,0.8682922720909119,0.12441848963499069,0.007289227098226547
568726628639100928,2015-02-20 10:59:29+00:00,@united your airline is the biggest joke of an operation in the world.,@united your airline is the biggest joke of an operation in the world.,0,United,negative,negative,0.9610340595245361,0.9610340595245361,0.03304050862789154,0.005925396922975779
569605022197153792,2015-02-22 21:09:54+00:00,@AmericanAir my return flight is scheduled on Wednesday; AA138 I believe.  Thanks for the help!,@AmericanAir my return flight is scheduled on Wednesday; AA138 I believe. Thanks for the help!,0,American,positive,positive,0.8072659373283386,0.005401455331593752,0.18733257055282593,0.8072659373283386
570081797427621888,2015-02-24 04:44:26+00:00,@AmericanAir Is this a serious thread. Maybe you guys should re-read it. #fail,@AmericanAir Is this a serious thread. Maybe you guys should re-read it. #fail,0,American,negative,negative,0.9409413933753967,0.9409413933753967,0.05320310592651367,0.005855578929185867
570058565974675456,2015-02-24 03:12:07+00:00,@JetBlue if I had made as many mistakes as you in as short a period of time. I would I have lost my job at this point!!!,@JetBlue if I had made as many mistakes as you in as short a period of time. I would I have lost my job at this point!!!,0,Delta,negative,negative,0.9466035962104797,0.9466035962104797,0.04746302217245102,0.005933279637247324
570085628576202752,2015-02-24 04:59:40+00:00,@united that's unfortunate. The @Tumitravel was an xmas gift and it looks like a razor ripped right through the front pocket in the picture,@united that's unfortunate. The @Tumitravel was an xmas gift and it looks like a razor ripped right through the front pocket in the picture,0,United,negative,negative,0.9032067060470581,0.9032067060470581,0.08926255255937576,0.007530800066888332
569229785500680192,2015-02-21 20:18:51+00:00,"@VirginAmerica why Cancelled Flight flight VX413? One sec its delayed, on my to airport, the next its Cancelled Flightled?Gonna email or call me to reschedule?","@VirginAmerica why Cancelled Flight flight VX413? One sec its delayed, on my to airport, the next its Cancelled Flightled?Gonna email or call me to reschedule?",0,Virgin America,negative,negative,0.8576468825340271,0.8576468825340271,0.13646700978279114,0.00588616169989109
570014602903339008,2015-02-24 00:17:26+00:00,@AmericanAir Was not on board you today just watched report unfold on Twitter but still am very proud!,@AmericanAir Was not on board you today just watched report unfold on Twitter but still am very proud!,0,American,positive,positive,0.9220603108406067,0.011360954493284225,0.06657866388559341,0.9220603108406067
569973034880098304,2015-02-23 21:32:15+00:00,"@americanair the best is your 800 message saying to use website and your website is saying you need to call.  If you don't answer, #hardtodo","@americanair the best is your 800 message saying to use website and your website is saying you need to call. If you don't answer, #hardtodo",0,American,negative,negative,0.4981451630592346,0.4981451630592346,0.3576051592826843,0.14424969255924225
568444321113862145,2015-02-19 16:17:41+00:00,@SouthwestAir @FortuneMagazine well deserved!,@SouthwestAir @FortuneMagazine well deserved!,0,Southwest,positive,positive,0.9653120636940002,0.003951238933950663,0.030736682936549187,0.9653120636940002
567906374870528001,2015-02-18 04:40:05+00:00,@JetBlue it's been a while since I've angry tweeted an airline. Apparently you read my mind before I could bitch. Thank you for the credit.,@JetBlue it's been a while since I've angry tweeted an airline. Apparently you read my mind before I could bitch. Thank you for the credit.,1,Delta,positive,negative,0.5464708805084229,0.5464708805084229,0.31349748373031616,0.1400316208600998
569616634601717760,2015-02-22 21:56:03+00:00,"@united, maybe don't play the video about how your flights are outfitted w wifi on the flights where wifi isn't working...✈️","@united, maybe don't play the video about how your flights are outfitted w wifi on the flights where wifi isn't working...✈️",0,United,negative,negative,0.8283266425132751,0.8283266425132751,0.16325290501117706,0.008420443162322044
568081558625759233,2015-02-18 16:16:12+00:00,@USAirways Why not have an option for a call back? I'm just sitting here burning through my minutes waiting for an error to be fixed.,@USAirways Why not have an option for a call back? I'm just sitting here burning through my minutes waiting for an error to be fixed.,0,US Airways,negative,negative,0.9028885960578918,0.9028885960578918,0.09085123240947723,0.0062601082026958466
568045949999661058,2015-02-18 13:54:42+00:00,@JetBlue thank you for incredible customer svc from gate to flight. Mint experience is magic.,@JetBlue thank you for incredible customer svc from gate to flight. Mint experience is magic.,0,Delta,positive,positive,0.9851342439651489,0.003870883025228977,0.010994934476912022,0.9851342439651489
569977819389800448,2015-02-23 21:51:16+00:00,@SouthwestAir still there? I was posted up in Downtown waiting for y'all. On my way!,@SouthwestAir still there? I was posted up in Downtown waiting for y'all. On my way!,0,Southwest,neutral,neutral,0.7454918026924133,0.044777996838092804,0.7454918026924133,0.20973017811775208
570294237348143104,2015-02-24 18:48:36+00:00,@USAirways did you know that suicide is the second leading cause of death among teens 10-24,@USAirways did you know that suicide is the second leading cause of death among teens 10-24,0,US Airways,neutral,negative,0.8894137144088745,0.8894137144088745,0.10555817931890488,0.00502806855365634
570079041547472896,2015-02-24 04:33:29+00:00,@united Yo yo yo stuck on the tarmac for over 2 hours at @fly2ohare ... Going to miss my ride at @flypdx help please! #HelpImStuck #United,@united Yo yo yo stuck on the tarmac for over 2 hours at @fly2ohare ... Going to miss my ride at @flypdx help please! #HelpImStuck #United,0,United,negative,negative,0.9257252216339111,0.9257252216339111,0.06639409810304642,0.00788064207881689
568753556498604032,2015-02-20 12:46:29+00:00,@USAirways can you help me reroute my trip?,@USAirways can you help me reroute my trip?,0,US Airways,neutral,neutral,0.8369334936141968,0.015773089602589607,0.8369334936141968,0.14729341864585876
568278516309090304,2015-02-19 05:18:51+00:00,@JetBlue could I get a free flight to Vegas since it's my bday😏☺️,@JetBlue could I get a free flight to Vegas since it's my bday😏☺️,0,Delta,neutral,positive,0.909079372882843,0.001998994266614318,0.08892164379358292,0.909079372882843
568059091848962048,2015-02-18 14:46:56+00:00,@united you are lightyears ahead of the security control at Newark airport. They wasted 40 precious mins w bad efficiency. #frightening,@united you are lightyears ahead of the security control at Newark airport. They wasted 40 precious mins w bad efficiency. #frightening,0,United,negative,negative,0.955862820148468,0.955862820148468,0.03936665132641792,0.004770572762936354
568788947859607552,2015-02-20 15:07:07+00:00,.@united thanks for the reply. I saw that but it's not particularly helpful to a hungry vegetarian not flying those specific flights. SHRUG.,.@united thanks for the reply. I saw that but it's not particularly helpful to a hungry vegetarian not flying those specific flights. SHRUG.,0,United,negative,negative,0.9137622714042664,0.9137622714042664,0.08040745556354523,0.005830358248203993
568622671287566336,2015-02-20 04:06:23+00:00,@united Yes my flight was rebooked. I'm just losing trust in you if I want to get anywhere on time.,@united Yes my flight was rebooked. I'm just losing trust in you if I want to get anywhere on time.,0,United,negative,negative,0.8953961133956909,0.8953961133956909,0.09444484114646912,0.010159087367355824
569103956795904000,2015-02-21 11:58:51+00:00,"@JetBlue @Airbus  Wow, awesome videos guys https://t.co/dbcvEPn5QC Great work. #Bluemanity #CoreValues  #Passion #AeroJobMarket #avgeek","@JetBlue @Airbus Wow, awesome videos guys Great work. #Bluemanity #CoreValues #Passion #AeroJobMarket #avgeek",0,Delta,positive,positive,0.9849521517753601,0.0033421749249100685,0.011705661192536354,0.9849521517753601
569325005823217664,2015-02-22 02:37:13+00:00,"@USAirways @usairways -Really? U land me in Philly 1.5 hours before my flight, wait 1.5 hours behind a plane you got stuck,","@USAirways @usairways -Really? U land me in Philly 1.5 hours before my flight, wait 1.5 hours behind a plane you got stuck,",0,US Airways,negative,negative,0.9119111895561218,0.9119111895561218,0.08233430981636047,0.005754481535404921
568830255282040832,2015-02-20 17:51:15+00:00,@SouthwestAir  I will dm you now,@SouthwestAir I will dm you now,0,Southwest,neutral,neutral,0.8472750782966614,0.02591201849281788,0.8472750782966614,0.12681293487548828
569710446112067584,2015-02-23 04:08:49+00:00,"@AmericanAir Thanks. Two hours to go inflight, then hotel.  Hang in there with all the DFW travel delays AA team.","@AmericanAir Thanks. Two hours to go inflight, then hotel. Hang in there with all the DFW travel delays AA team.",0,American,negative,neutral,0.6328216195106506,0.11151788383722305,0.6328216195106506,0.2556604743003845
569951353205870592,2015-02-23 20:06:06+00:00,@AmericanAir could you check if there is SWU (typo in last post) space on AA199 MXP-JFK Feb 28th? Thanks,@AmericanAir could you check if there is SWU (typo in last post) space on AA199 MXP-JFK Feb 28th? Thanks,0,American,neutral,neutral,0.8611355423927307,0.015601657330989838,0.8611355423927307,0.12326283007860184
568034650477580289,2015-02-18 13:09:48+00:00,@united leisure. Military personnel for safety reason R highly recommended to not travel in uniform,@united leisure. Military personnel for safety reason R highly recommended to not travel in uniform,0,United,neutral,neutral,0.6456326842308044,0.2983170747756958,0.6456326842308044,0.05605022609233856
570251549219393536,2015-02-24 15:58:58+00:00,@united crashed trying to check in.,@united crashed trying to check in.,0,United,negative,negative,0.8476093411445618,0.8476093411445618,0.14248310029506683,0.009907562285661697
570272511050383360,2015-02-24 17:22:16+00:00,@united you guys need some serious training in customer service. Too many better options to put up with the way you guys handle ur mistakes,@united you guys need some serious training in customer service. Too many better options to put up with the way you guys handle ur mistakes,0,United,negative,negative,0.9390358328819275,0.9390358328819275,0.05521390214562416,0.005750261712819338
568437385844924416,2015-02-19 15:50:08+00:00,@SouthwestAir is there any chance I could get tickets to the #DestinationDragons show in Vegas? Ive been a huge fan for years! Pretty please,@SouthwestAir is there any chance I could get tickets to the #DestinationDragons show in Vegas? Ive been a huge fan for years! Pretty please,0,Southwest,neutral,positive,0.9334163665771484,0.0034461079631000757,0.06313756853342056,0.9334163665771484
569715860241129472,2015-02-23 04:30:20+00:00,@AmericanAir that luggage you forgot...#mia.....he just won an oscar😄💝💝💝,@AmericanAir that luggage you forgot...#mia.....he just won an oscar😄💝💝💝,0,American,negative,positive,0.9425870180130005,0.007349427789449692,0.050063520669937134,0.9425870180130005
567769981128282113,2015-02-17 19:38:06+00:00,"@VirginAmerica so loyal that I'm driving to #NYC from #PA, to fly Virgin,  since you cut #Philly flights ;)","@VirginAmerica so loyal that I'm driving to #NYC from #PA, to fly Virgin, since you cut #Philly flights ;)",0,Virgin America,positive,positive,0.8933546543121338,0.007834509015083313,0.09881091117858887,0.8933546543121338
568823136600371200,2015-02-20 17:22:58+00:00,@JetBlue sis and 16 month old nephew are. Last nights flight and this am mega delayed. Now this evening's is starting w delays. Why?,@JetBlue sis and 16 month old nephew are. Last nights flight and this am mega delayed. Now this evening's is starting w delays. Why?,0,Delta,negative,negative,0.9024637341499329,0.9024637341499329,0.09202300757169724,0.005513257347047329
570286565894828032,2015-02-24 18:18:07+00:00,"@united also during the run I was instructed to do, I shattered my computer. http://t.co/oAflfr7WXB","@united also during the run I was instructed to do, I shattered my computer.",0,United,negative,negative,0.9025018811225891,0.9025018811225891,0.08878061920404434,0.008717483840882778
569646827567501312,2015-02-22 23:56:01+00:00,@AmericanAir I'm great thanks keep up the good work,@AmericanAir I'm great thanks keep up the good work,0,American,positive,positive,0.9783372282981873,0.005038827192038298,0.016623858362436295,0.9783372282981873
570048915518533634,2015-02-24 02:33:47+00:00,@JetBlue or she ;),@JetBlue or she ;),0,Delta,neutral,neutral,0.7176618576049805,0.01148215215653181,0.7176618576049805,0.27085599303245544
568541016472432641,2015-02-19 22:41:55+00:00,@united perfect! Thank you!,@united perfect! Thank you!,0,United,positive,positive,0.9807021021842957,0.0039777811616659164,0.015320086851716042,0.9807021021842957
569489006955769856,2015-02-22 13:28:54+00:00,@USAirways took me 4+ hours to book flights yesterday due to system errors between you and @AmericanAir. paid $320 extra due to time lapse,@USAirways took me 4+ hours to book flights yesterday due to system errors between you and @AmericanAir. paid $320 extra due to time lapse,0,US Airways,negative,negative,0.9133736491203308,0.9133736491203308,0.08033469319343567,0.006291626952588558
569992620744708096,2015-02-23 22:50:05+00:00,.@USAirways and then you said I could move my Thursday flight for free if I CALL A NUMBER. And then you HANG UP ON ME.,.@USAirways and then you said I could move my Thursday flight for free if I CALL A NUMBER. And then you HANG UP ON ME.,1,US Airways,negative,negative,0.8438871502876282,0.8438871502876282,0.14521265029907227,0.010900259017944336
569667821455708160,2015-02-23 01:19:27+00:00,"@shannonwoodward If you want, we can keep you updated on who's wearing who, &amp; who's with who, &amp; who wins what. We're nice like that. ;)","@shannonwoodward If you want, we can keep you updated on who's wearing who, & who's with who, & who wins what. We're nice like that. ;)",1,Delta,neutral,positive,0.6532162427902222,0.013719028793275356,0.3330647647380829,0.6532162427902222
568535586325303296,2015-02-19 22:20:21+00:00,"@JetBlue not cool to announce a flight ""delay"" when everyone is checking in. A 4 hour delay bdl-dca with a staff offering  no help.","@JetBlue not cool to announce a flight ""delay"" when everyone is checking in. A 4 hour delay bdl-dca with a staff offering no help.",1,Delta,negative,negative,0.9192141890525818,0.9192141890525818,0.07612361758947372,0.004662198945879936
569220920218296320,2015-02-21 19:43:37+00:00,@USAirways now what? You Cancelled Flightled my flight again... Are you paying for my hotel?,@USAirways now what? You Cancelled Flightled my flight again... Are you paying for my hotel?,0,US Airways,negative,negative,0.906455934047699,0.906455934047699,0.08842542767524719,0.00511859729886055
570022372901847042,2015-02-24 00:48:18+00:00,Just sent thank u RT @united: @goodenufmother Please DM your confirmation number if reFlight Booking Problems is needed. Thank you. ^EY,Just sent thank u RT @united: @goodenufmother Please DM your confirmation number if reFlight Booking Problems is needed. Thank you. ^EY,0,United,neutral,neutral,0.5485883951187134,0.014391754753887653,0.5485883951187134,0.43701988458633423
569637593278779392,2015-02-22 23:19:20+00:00,@AmericanAir Tired of sitting on a delayed #1702 again and again computer down,@AmericanAir Tired of sitting on a delayed #1702 again and again computer down,0,American,negative,negative,0.9409377574920654,0.9409377574920654,0.05289091914892197,0.006171305198222399
568819406207356928,2015-02-20 17:08:09+00:00,"@united will flight 5559 to YYC be providing free food when we are allowed back on board  after the ""broken lightbulb""","@united will flight 5559 to YYC be providing free food when we are allowed back on board after the ""broken lightbulb""",0,United,negative,neutral,0.8132463097572327,0.13400602340698242,0.8132463097572327,0.05274759978055954
570019741806538752,2015-02-24 00:37:51+00:00,@USAirways what's going on with US Airways flight 805?   Why diverted to Charlotte?,@USAirways what's going on with US Airways flight 805? Why diverted to Charlotte?,0,US Airways,neutral,negative,0.6432095766067505,0.6432095766067505,0.3498172461986542,0.006973159499466419
568472259020648448,2015-02-19 18:08:42+00:00,@USAirways @AmericanAir for frequent flyer miles can we schedule interchangeably and get credit?,@USAirways @AmericanAir for frequent flyer miles can we schedule interchangeably and get credit?,0,US Airways,neutral,neutral,0.9029834866523743,0.04735738784074783,0.9029834866523743,0.049659162759780884
568885004610240512,2015-02-20 21:28:49+00:00,@JetBlue who is he I must send a note!!! Too good for words!,@JetBlue who is he I must send a note!!! Too good for words!,0,Delta,positive,positive,0.8481354713439941,0.03617870807647705,0.11568580567836761,0.8481354713439941
569476889313562624,2015-02-22 12:40:45+00:00,@united Thanks!  Good to know.,@united Thanks! Good to know.,0,United,neutral,positive,0.9337970614433289,0.007117162458598614,0.05908578634262085,0.9337970614433289
570032796472778752,2015-02-24 01:29:44+00:00,Welp. “@JetBlue: Our fleet's on fleek. http://t.co/kwUEk1uKbC”,Welp. “@JetBlue: Our fleet's on fleek.,0,Delta,neutral,positive,0.7250469923019409,0.008949975483119488,0.26600298285484314,0.7250469923019409
570291157340704769,2015-02-24 18:36:22+00:00,@AmericanAir thanks so much!,@AmericanAir thanks so much!,0,American,positive,positive,0.974145770072937,0.004006704781204462,0.021847495809197426,0.974145770072937
569338341306572800,2015-02-22 03:30:13+00:00,@united yes. On a nonstop to Memphis tomorrow morning. With the snow coming in I got my fingers crossed it will go.,@united yes. On a nonstop to Memphis tomorrow morning. With the snow coming in I got my fingers crossed it will go.,0,United,neutral,positive,0.5921972393989563,0.022238729521632195,0.38556405901908875,0.5921972393989563
569143443512897536,2015-02-21 14:35:45+00:00,@USAirways can you please post wait time-have been on hold for two hours,@USAirways can you please post wait time-have been on hold for two hours,0,US Airways,negative,negative,0.6461609601974487,0.6461609601974487,0.32930949330329895,0.024529607966542244
569618056605016064,2015-02-22 22:01:42+00:00,"@AmericanAir Flight 2954, Dallas to Grand Junction #AmazingFlightCrew","@AmericanAir Flight 2954, Dallas to Grand Junction #AmazingFlightCrew",0,American,positive,positive,0.9468884468078613,0.0023547718301415443,0.05075674504041672,0.9468884468078613
568091027774545920,2015-02-18 16:53:50+00:00,@JetBlue I’m getting an “it depends” vibe. Fair enough!,@JetBlue I’m getting an “it depends” vibe. Fair enough!,0,Delta,neutral,neutral,0.7260949611663818,0.15845359861850739,0.7260949611663818,0.1154513955116272
569257540023951360,2015-02-21 22:09:08+00:00,@united we are sitting on the runway for 2 hours! It is ridiculous!!,@united we are sitting on the runway for 2 hours! It is ridiculous!!,0,United,negative,negative,0.9365492463111877,0.9365492463111877,0.05399142950773239,0.009459221735596657
569905567960952832,2015-02-23 17:04:10+00:00,@SouthwestAir my friends from Boston stuck in Denver. Her name Jane. @RnCahill  Please contact her.,@SouthwestAir my friends from Boston stuck in Denver. Her name Jane. @RnCahill Please contact her.,0,Southwest,negative,neutral,0.718349277973175,0.2535671889781952,0.718349277973175,0.02808353677392006
569229104286986240,2015-02-21 20:16:08+00:00,@JetBlue yesterday's deal?,@JetBlue yesterday's deal?,0,Delta,neutral,neutral,0.9208573698997498,0.060997944325208664,0.9208573698997498,0.01814470812678337
567908831545544706,2015-02-18 04:49:51+00:00,"@USAirways I absolutely knew you would try to blame weather to deny us vouchers in Phoenix. Totally false, was a crew issue.","@USAirways I absolutely knew you would try to blame weather to deny us vouchers in Phoenix. Totally false, was a crew issue.",0,US Airways,negative,negative,0.929724931716919,0.929724931716919,0.06511368602514267,0.005161341745406389
569659317458243584,2015-02-23 00:45:39+00:00,@AmericanAir this is ridiculous! You all really have terrible customer service and a lack of urgency. Im convinced.,@AmericanAir this is ridiculous! You all really have terrible customer service and a lack of urgency. Im convinced.,0,American,negative,negative,0.9567354917526245,0.9567354917526245,0.03730211406946182,0.005962439347058535
570016198747758593,2015-02-24 00:23:46+00:00,@united Thank you for responding so quickly with a helpful tool! @dustyob,@united Thank you for responding so quickly with a helpful tool! @dustyob,0,United,positive,positive,0.9770386815071106,0.0036205705255270004,0.019340716302394867,0.9770386815071106
568593538520231936,2015-02-20 02:10:38+00:00,"@USAirways I guess they only respond to compliments. Sorry, can't think@of even ONE.","@USAirways I guess they only respond to compliments. Sorry, can't think@of even ONE.",0,US Airways,negative,negative,0.8400084972381592,0.8400084972381592,0.14466165006160736,0.015329813584685326
569623343424413697,2015-02-22 22:22:42+00:00,"@united you could give me free flights for life, and I'd still choose to purchase my tickets from a competitor.","@united you could give me free flights for life, and I'd still choose to purchase my tickets from a competitor.",0,United,negative,negative,0.665288507938385,0.665288507938385,0.3077189028263092,0.02699262648820877
568829686257623040,2015-02-20 17:49:00+00:00,@SouthwestAir is that @MurraySawChuck,@SouthwestAir is that @MurraySawChuck,0,Southwest,neutral,neutral,0.7818220257759094,0.18343783915042877,0.7818220257759094,0.03474012017250061
570015876902232064,2015-02-24 00:22:30+00:00,"@AmericanAir Really?They closed the gate at 10:30 instead of40.I got there at 10:39. If u wudda put in my ktn like I asked, I wudda made it.","@AmericanAir Really?They closed the gate at 10:30 instead of40.I got there at 10:39. If u wudda put in my ktn like I asked, I wudda made it.",0,American,negative,negative,0.6409499645233154,0.6409499645233154,0.34153255820274353,0.01751747541129589
569576099018985472,2015-02-22 19:14:58+00:00,"@JetBlue When I got your alert, I immediately started looking to rebook. But we only had 11 minutes from reFlight Booking Problems to catch a flight to SRQ.","@JetBlue When I got your alert, I immediately started looking to rebook. But we only had 11 minutes from reFlight Booking Problems to catch a flight to SRQ.",0,Delta,negative,neutral,0.5248878598213196,0.4235617220401764,0.5248878598213196,0.051550451666116714
568855933360607232,2015-02-20 19:33:18+00:00,@VirginAmerica they told to check with the airline regulation first so that is why I contacted you.,@VirginAmerica they told to check with the airline regulation first so that is why I contacted you.,0,Virgin America,neutral,neutral,0.8907167315483093,0.051289308816194534,0.8907167315483093,0.05799395963549614
568147443151454208,2015-02-18 20:38:00+00:00,@SouthwestAir if you guys fuck this up again  I will never forgive you,@SouthwestAir if you guys fuck this up again I will never forgive you,0,Southwest,negative,negative,0.9536782503128052,0.9536782503128052,0.040522076189517975,0.0057997205294668674
569698788216049664,2015-02-23 03:22:30+00:00,@united You're trying to solve problem of your own making. Charging for checked luggage forces checking at gate. Brilliant.,@united You're trying to solve problem of your own making. Charging for checked luggage forces checking at gate. Brilliant.,0,United,negative,positive,0.541398823261261,0.09901630878448486,0.35958489775657654,0.541398823261261
570057178687475712,2015-02-24 03:06:37+00:00,@united was no one between the scan and inside the plane. I just asked the people in line around me where the plane was going,@united was no one between the scan and inside the plane. I just asked the people in line around me where the plane was going,0,United,negative,neutral,0.7784396409988403,0.17970572412014008,0.7784396409988403,0.0418546199798584
569628503550906368,2015-02-22 22:43:13+00:00,@jetblue the man sitting next 2 me at the terminal has a scent tht i cant quite put my finger on. pls dnt let him sit by me on the flight.,@jetblue the man sitting next 2 me at the terminal has a scent tht i cant quite put my finger on. pls dnt let him sit by me on the flight.,0,Delta,neutral,negative,0.8629443049430847,0.8629443049430847,0.130321204662323,0.0067345802672207355
570074886606958592,2015-02-24 04:16:59+00:00,@AmericanAir Just followed you.,@AmericanAir Just followed you.,0,American,positive,neutral,0.7209256291389465,0.017590539529919624,0.7209256291389465,0.2614838778972626
570215548589453313,2015-02-24 13:35:55+00:00,@SouthwestAir I urgently need two receipts sent but CS is closed. Can you help?,@SouthwestAir I urgently need two receipts sent but CS is closed. Can you help?,0,Southwest,neutral,negative,0.715484619140625,0.715484619140625,0.2685462236404419,0.01596909575164318
568245800788221953,2015-02-19 03:08:51+00:00,@USAirways Thanks for calling me about my 10:00p redirected flight at 10:07p. #SmoothOperation,@USAirways Thanks for calling me about my 10:00p redirected flight at 10:07p. #SmoothOperation,0,US Airways,negative,positive,0.7161864638328552,0.01201813854277134,0.271795392036438,0.7161864638328552
569516852805808129,2015-02-22 15:19:33+00:00,@united I have been given a connection with 2 overnight layovers. No vouchers. Last connection not even confirmed.,@united I have been given a connection with 2 overnight layovers. No vouchers. Last connection not even confirmed.,0,United,negative,negative,0.6813172101974487,0.6813172101974487,0.30803099274635315,0.010651716031134129
568801885567606784,2015-02-20 15:58:32+00:00,@united no wifi on #ua688 #SF to #Chicago? 2015. That's all. Ps: This tech intro video is a joke. #EpicFail,@united no wifi on #ua688 #SF to #Chicago? 2015. That's all. Ps: This tech intro video is a joke. #EpicFail,0,United,negative,negative,0.9301033616065979,0.9301033616065979,0.06316845864057541,0.006728081963956356
569979566279626752,2015-02-23 21:58:12+00:00,"@united I'm saying I made the flight but with poor/non-communication, unaccounted for lost time &amp; lots of frustrated flyers standing around","@united I'm saying I made the flight but with poor/non-communication, unaccounted for lost time & lots of frustrated flyers standing around",0,United,negative,negative,0.8450180888175964,0.8450180888175964,0.14623962342739105,0.008742342703044415
567814633047728128,2015-02-17 22:35:32+00:00,"@united thanks for that advice, so helpful. Can't believe you guys actually charge people to ""fly"" united","@united thanks for that advice, so helpful. Can't believe you guys actually charge people to ""fly"" united",0,United,negative,positive,0.8447152972221375,0.03939290717244148,0.11589178442955017,0.8447152972221375
569759291839803392,2015-02-23 07:22:55+00:00,@USAirways cannot add my frequent flyer number on your website.  Can you help?,@USAirways cannot add my frequent flyer number on your website. Can you help?,0,US Airways,negative,negative,0.7882788181304932,0.7882788181304932,0.20282979309558868,0.008891377598047256
567623209026334720,2015-02-17 09:54:53+00:00,"Wanted to get my bag benefit, but instead get $25 pricing on all three tickets. When adding a card, MP Visa is only option. @united","Wanted to get my bag benefit, but instead get $25 pricing on all three tickets. When adding a card, MP Visa is only option. @united",0,United,negative,negative,0.5865578651428223,0.5865578651428223,0.3893529772758484,0.024089153856039047
570251394965479424,2015-02-24 15:58:21+00:00,@AmericanAir why is raleigh not on the updated southern states advisory???,@AmericanAir why is raleigh not on the updated southern states advisory???,0,American,negative,negative,0.5236672759056091,0.5236672759056091,0.4653281271457672,0.011004562489688396
568377392420356096,2015-02-19 11:51:44+00:00,"@SouthwestAir DM sent! Thanks so much for responding! Your response was so timely, I missed it!","@SouthwestAir DM sent! Thanks so much for responding! Your response was so timely, I missed it!",0,Southwest,positive,positive,0.962627112865448,0.007997093722224236,0.029375789687037468,0.962627112865448
569697728890056704,2015-02-23 03:18:17+00:00,@JetBlue @zakkohane pretty sure he's saying Ricoh had great service down at BOS ;) #happytohelp,@JetBlue @zakkohane pretty sure he's saying Ricoh had great service down at BOS ;) #happytohelp,0,Delta,neutral,positive,0.9547868371009827,0.004584440495818853,0.04062869772315025,0.9547868371009827
569673758501412865,2015-02-23 01:43:02+00:00,@AmericanAir VERY upset that I cannot select seats for Tuesday flight online or over the phone. Terrible customer service :( Please help!,@AmericanAir VERY upset that I cannot select seats for Tuesday flight online or over the phone. Terrible customer service :( Please help!,0,American,negative,negative,0.9481857419013977,0.9481857419013977,0.04647542163729668,0.005338880233466625
568618050745864192,2015-02-20 03:48:02+00:00,@SouthwestAir Another delay. Wow,@SouthwestAir Another delay. Wow,0,Southwest,negative,negative,0.8542749285697937,0.8542749285697937,0.12921351194381714,0.016511641442775726
570217831557677057,2015-02-24 13:44:59+00:00,@VirginAmerica do you miss me? Don't worry we'll be together very soon.,@VirginAmerica do you miss me? Don't worry we'll be together very soon.,0,Virgin America,neutral,positive,0.4708084166049957,0.08858771622180939,0.4406038522720337,0.4708084166049957
568703064691113984,2015-02-20 09:25:51+00:00,@JetBlue how much for a trip to a warm island @SamChampion http://t.co/N3SUIip0VW,@JetBlue how much for a trip to a warm island @SamChampion,0,Delta,neutral,neutral,0.7952829599380493,0.01667732186615467,0.7952829599380493,0.18803973495960236
569621583737835520,2015-02-22 22:15:43+00:00,@AmericanAir that's not what I asked :)) I'm looking to change a Flight Booking Problems for 03.03. Can you help,@AmericanAir that's not what I asked :)) I'm looking to change a Flight Booking Problems for 03.03. Can you help,0,American,negative,negative,0.5614816546440125,0.5614816546440125,0.4033496677875519,0.03516862541437149
569625419097313282,2015-02-22 22:30:57+00:00,"@united on 2/20 Denver AP, gate B91 (destination Santa Fe), agent Ashley did an amazing job in the face of an angry traveler. Kudos.","@united on 2/20 Denver AP, gate B91 (destination Santa Fe), agent Ashley did an amazing job in the face of an angry traveler. Kudos.",0,United,positive,positive,0.9310994148254395,0.011390754021704197,0.05750977247953415,0.9310994148254395
567766755797389312,2015-02-17 19:25:17+00:00,"@JetBlue hard to tell, but was told wifi only worked for one side of the plane.","@JetBlue hard to tell, but was told wifi only worked for one side of the plane.",0,Delta,negative,neutral,0.5314795970916748,0.4458509087562561,0.5314795970916748,0.02266949787735939
568902419972694016,2015-02-20 22:38:01+00:00,"@USAirways Nightmarish customer service. Further to that, as an elite member, I'm appalled.","@USAirways Nightmarish customer service. Further to that, as an elite member, I'm appalled.",0,US Airways,negative,negative,0.9473908543586731,0.9473908543586731,0.04615698382258415,0.006452103611081839
568947922731028480,2015-02-21 01:38:49+00:00,@united I have flown with you 10 times in the last 13 days. 8 out of 10 flights have been delayed. Huge mistake on my part. Don't fly united,@united I have flown with you 10 times in the last 13 days. 8 out of 10 flights have been delayed. Huge mistake on my part. Don't fly united,1,United,negative,negative,0.9399457573890686,0.9399457573890686,0.05442076921463013,0.0056334384717047215
569971542538346496,2015-02-23 21:26:19+00:00,@USAirways the exhaustion of traveling n runnin thru the airport and tryin 2rent a car n not killin myself my family or anybody on the road,@USAirways the exhaustion of traveling n runnin thru the airport and tryin 2rent a car n not killin myself my family or anybody on the road,0,US Airways,negative,negative,0.7694790959358215,0.7694790959358215,0.2073848992586136,0.02313603088259697
568588522069733376,2015-02-20 01:50:42+00:00,@united my partner and I booked individual reservations for same flight. I have Pr. Silver -- can he share my premier privileges somehow?,@united my partner and I booked individual reservations for same flight. I have Pr. Silver -- can he share my premier privileges somehow?,0,United,neutral,neutral,0.907105028629303,0.021929876878857613,0.907105028629303,0.07096515595912933
569875783096741888,2015-02-23 15:05:49+00:00,@United to operated #B767-300ER from #Newark to #Zurich @ZRH_airport replacing B767-400ER between 6MAY-23SEP instead till 23OCT #avgeek,@United to operated #B767-300ER from #Newark to #Zurich @ZRH_airport replacing B767-400ER between 6MAY-23SEP instead till 23OCT #avgeek,0,United,neutral,neutral,0.9519438147544861,0.022449146956205368,0.9519438147544861,0.025607027113437653
569900147343265792,2015-02-23 16:42:38+00:00,"@SouthwestAir open seating is like an open marriage, there's so much love for strangers!","@SouthwestAir open seating is like an open marriage, there's so much love for strangers!",0,Southwest,positive,positive,0.9549922347068787,0.006046114023774862,0.03896159678697586,0.9549922347068787
570290334158225408,2015-02-24 18:33:05+00:00,@AmericanAir thank you for the confirmation.,@AmericanAir thank you for the confirmation.,0,American,positive,positive,0.767659068107605,0.012045896612107754,0.22029508650302887,0.767659068107605
570063192581390336,2015-02-24 03:30:31+00:00,"@AmericanAir jet slides off icy taxiway at @dfwairport 

STORY: http://t.co/4pONJ3jidE http://t.co/3DCWerZ1kr",@AmericanAir jet slides off icy taxiway at @dfwairport STORY:,5,American,neutral,negative,0.5549266338348389,0.5549266338348389,0.4347112774848938,0.010362080298364162
568066292114001921,2015-02-18 15:15:32+00:00,@USAirways is useless airways. Day 2 trying to get home on standby as a result of their Cancelled Flightlation. #USAirways,@USAirways is useless airways. Day 2 trying to get home on standby as a result of their Cancelled Flightlation. #USAirways,0,US Airways,negative,negative,0.9542195796966553,0.9542195796966553,0.041275106370449066,0.00450535723939538
568787022472740864,2015-02-20 14:59:28+00:00,@united screwing me over twice in one month. Learned my lesson. We are through.,@united screwing me over twice in one month. Learned my lesson. We are through.,0,United,negative,negative,0.9286612272262573,0.9286612272262573,0.06346222013235092,0.007876538671553135
568592809344819200,2015-02-20 02:07:44+00:00,@southwestair after 4 hours of delays you did make a nice offer for rescheduling me the next day... but...,@southwestair after 4 hours of delays you did make a nice offer for rescheduling me the next day... but...,0,Southwest,negative,negative,0.6783449053764343,0.6783449053764343,0.29829150438308716,0.023363638669252396
568846033997803520,2015-02-20 18:53:57+00:00,@JetBlue Of course U know I would like 2 lay you down in a #BedofRoses as long as they're #mint colored! https://t.co/3QYEzHjGsb #brandmance,@JetBlue Of course U know I would like 2 lay you down in a #BedofRoses as long as they're #mint colored! #brandmance,0,Delta,positive,positive,0.7511413097381592,0.01710427738726139,0.2317543625831604,0.7511413097381592
567735337246806016,2015-02-17 17:20:27+00:00,@USAirways Just contaced EYEWITNESS NEWS about the ripoff the Cancelled Flighted now they want me to pay,@USAirways Just contaced EYEWITNESS NEWS about the ripoff the Cancelled Flighted now they want me to pay,0,US Airways,negative,negative,0.8487243056297302,0.8487243056297302,0.14314702153205872,0.008128643967211246
569257932908470273,2015-02-21 22:10:42+00:00,"@united yes, I've been waiting for four hours and no one has been able to help me.","@united yes, I've been waiting for four hours and no one has been able to help me.",0,United,negative,negative,0.928127646446228,0.928127646446228,0.06538789719343185,0.006484461948275566
569638678194040832,2015-02-22 23:23:38+00:00,@USAirways @USAirwaysCenter My lost bag lands in Hartford at 639p tonight. Will it be delivered to Danbury CT tonight?,@USAirways @USAirwaysCenter My lost bag lands in Hartford at 639p tonight. Will it be delivered to Danbury CT tonight?,0,US Airways,negative,neutral,0.7491722106933594,0.2318655252456665,0.7491722106933594,0.018962226808071136
568488247514554369,2015-02-19 19:12:14+00:00,@JetBlue actually they said the fraud issue was never resolved. but why then did they issue me a new ticket of the phone?,@JetBlue actually they said the fraud issue was never resolved. but why then did they issue me a new ticket of the phone?,0,Delta,negative,negative,0.8785862326622009,0.8785862326622009,0.1164097934961319,0.00500400410965085
568654208674586624,2015-02-20 06:11:43+00:00,@united a rapid trip plane ticket from Idaho to California that doesn't have problems would be wonderful,@united a rapid trip plane ticket from Idaho to California that doesn't have problems would be wonderful,0,United,negative,positive,0.8337886333465576,0.020971879363059998,0.14523945748806,0.8337886333465576
569461666695524352,2015-02-22 11:40:16+00:00,@united it is too Late Flight for reFlight Booking Problems now - it is morning already and I no longer need a hotel room,@united it is too Late Flight for reFlight Booking Problems now - it is morning already and I no longer need a hotel room,0,United,negative,negative,0.9030895233154297,0.9030895233154297,0.08966448158025742,0.007246057968586683
569590208095768576,2015-02-22 20:11:02+00:00,@SouthwestAir is having a party in the atl terminal. #letitgo http://t.co/qxTeqZm3yz,@SouthwestAir is having a party in the atl terminal. #letitgo,0,Southwest,neutral,negative,0.6860910654067993,0.6860910654067993,0.28654906153678894,0.02735983021557331
568391084210036736,2015-02-19 12:46:09+00:00,"@VirginAmerica CEO says #Southwest &amp; #jetblue have strayed from low cost model.
http://t.co/96Sctomh29",@VirginAmerica CEO says #Southwest & #jetblue have strayed from low cost model.,0,Virgin America,neutral,neutral,0.5626537203788757,0.4200136959552765,0.5626537203788757,0.017332591116428375
568650000227565568,2015-02-20 05:54:59+00:00,@united thnx,@united thnx,0,United,positive,neutral,0.5133889317512512,0.03146800771355629,0.5133889317512512,0.4551430940628052
569920593597894657,2015-02-23 18:03:52+00:00,@united what a pointless tweet. At least @AmericanAir asked me to follow them to try and resolve,@united what a pointless tweet. At least @AmericanAir asked me to follow them to try and resolve,1,United,negative,negative,0.9000192880630493,0.9000192880630493,0.09200184792280197,0.007978839799761772
568589740833939456,2015-02-20 01:55:32+00:00,@SouthwestAir It was the usually excellent SWA flight!,@SouthwestAir It was the usually excellent SWA flight!,0,Southwest,positive,positive,0.973637580871582,0.003710562363266945,0.022651828825473785,0.973637580871582
569934782643224576,2015-02-23 19:00:15+00:00,@USAirways sitting here in PHL with all of your rude Customer Service Agents!,@USAirways sitting here in PHL with all of your rude Customer Service Agents!,0,US Airways,negative,negative,0.9421999454498291,0.9421999454498291,0.05208909139037132,0.005710972007364035
569698085821001728,2015-02-23 03:19:42+00:00,"@United ""delayed due to customer service"" Huh? http://t.co/XlTV5z6sT1","@United ""delayed due to customer service"" Huh?",0,United,negative,negative,0.7326475381851196,0.7326475381851196,0.2578589618206024,0.00949347298592329
567728800864010242,2015-02-17 16:54:28+00:00,@JetBlue busy due to storm but customer service should always be on point. More so now than ever #getittogether,@JetBlue busy due to storm but customer service should always be on point. More so now than ever #getittogether,0,Delta,negative,positive,0.8670977354049683,0.024267366155982018,0.10863492637872696,0.8670977354049683
568795139512127488,2015-02-20 15:31:43+00:00,.@VirginAmerica They were very understanding and helped me out.  Thx! #Comps,.@VirginAmerica They were very understanding and helped me out. Thx! #Comps,0,Virgin America,positive,positive,0.9647882580757141,0.004589790012687445,0.030622025951743126,0.9647882580757141
569860221755117568,2015-02-23 14:03:59+00:00,@AmericanAir I don't know who that may be. I was also working from home. Thanks for nothing.,@AmericanAir I don't know who that may be. I was also working from home. Thanks for nothing.,0,American,negative,negative,0.8451150059700012,0.8451150059700012,0.14603565633296967,0.008849420584738255
569846302663688192,2015-02-23 13:08:40+00:00,@AmericanAir no email no phone call no nothing. You've screwed with my flight and my family/Friends flights. You Cancelled Flighted reservations for,@AmericanAir no email no phone call no nothing. You've screwed with my flight and my family/Friends flights. You Cancelled Flighted reservations for,0,American,negative,negative,0.9366146326065063,0.9366146326065063,0.058467306196689606,0.0049180760979652405
570264292169162752,2015-02-24 16:49:36+00:00,@SouthwestAir Barzegar charges tourists 700 euros [!] a night for their stay in the tent village he runs. http://t.co/igSVzvrbbN,@SouthwestAir Barzegar charges tourists 700 euros [!] a night for their stay in the tent village he runs.,0,Southwest,neutral,negative,0.5857007503509521,0.5857007503509521,0.3972940444946289,0.01700519397854805
568929816797323265,2015-02-21 00:26:53+00:00,@SouthwestAir just do it that easy,@SouthwestAir just do it that easy,1,Southwest,neutral,neutral,0.5643638372421265,0.33580267429351807,0.5643638372421265,0.09983346611261368
569835641514692608,2015-02-23 12:26:18+00:00,"@AmericanAir trying to change my flight and you just hang up on ppl bc call volume is high. That's a joke, right?","@AmericanAir trying to change my flight and you just hang up on ppl bc call volume is high. That's a joke, right?",0,American,negative,negative,0.9315944910049438,0.9315944910049438,0.063667431473732,0.004738007206469774
568509738763169792,2015-02-19 20:37:38+00:00,@USAirways is there  anyway to get rebook in help on twitter?,@USAirways is there anyway to get rebook in help on twitter?,0,US Airways,neutral,neutral,0.875626802444458,0.08953305333852768,0.875626802444458,0.03484019264578819
569248843532886016,2015-02-21 21:34:35+00:00,@united the upgrade to first class was a nice way to fix your earlier mistake. Thank you!,@united the upgrade to first class was a nice way to fix your earlier mistake. Thank you!,0,United,positive,positive,0.9596535563468933,0.007153973914682865,0.033192481845617294,0.9596535563468933
569719964023853056,2015-02-23 04:46:38+00:00,@USAirways making folks run from gate C29 to A18 to B11 with NO EXPLANATION and zero carts to transfer elderly and handicap. #PHL,@USAirways making folks run from gate C29 to A18 to B11 with NO EXPLANATION and zero carts to transfer elderly and handicap. #PHL,0,US Airways,negative,negative,0.8554528951644897,0.8554528951644897,0.13726775348186493,0.0072792693972587585
570265811623002112,2015-02-24 16:55:39+00:00,@JetBlue I appreciate the credit for my troubles but the lack of personal response troubles me.,@JetBlue I appreciate the credit for my troubles but the lack of personal response troubles me.,0,Delta,negative,negative,0.8875492811203003,0.8875492811203003,0.10412991791963577,0.008320881053805351
569177940027674624,2015-02-21 16:52:50+00:00,@united  no thanks,@united no thanks,0,United,neutral,negative,0.5197368860244751,0.5197368860244751,0.4486143887042999,0.031648699194192886
567874261085454338,2015-02-18 02:32:29+00:00,"@USAirways how about an update? 2hrs delayed, this obviously isnt up 2 date, havent boarded http://t.co/L7lWjaZiOA","@USAirways how about an update? 2hrs delayed, this obviously isnt up 2 date, havent boarded",0,US Airways,negative,negative,0.9182537794113159,0.9182537794113159,0.07676293700933456,0.004983294755220413
567853668608925696,2015-02-18 01:10:39+00:00,@united you already have vomit so you are halfway there,@united you already have vomit so you are halfway there,0,United,negative,negative,0.5594496726989746,0.5594496726989746,0.4028416574001312,0.037708669900894165
568053728944791552,2015-02-18 14:25:37+00:00,@USAirways we're all standing here and no one is saying anything. I'll most likely be missing my flight to BWI AGAIN. http://t.co/JhaU4K48yv,@USAirways we're all standing here and no one is saying anything. I'll most likely be missing my flight to BWI AGAIN.,0,US Airways,negative,negative,0.9350269436836243,0.9350269436836243,0.059937868267297745,0.005035190377384424
568501539167473664,2015-02-19 20:05:03+00:00,@JetBlue's CEO battles to appease passengers and Wall Street - Waterbury Republican American http://t.co/5fmipW9dhi,@JetBlue's CEO battles to appease passengers and Wall Street - Waterbury Republican American,0,Delta,neutral,neutral,0.8192800879478455,0.10931120067834854,0.8192800879478455,0.071408711373806
569642063005753344,2015-02-22 23:37:05+00:00,"@united been good 15yr ""friendly skies"" relationship. 2day agent told me I'm ""only Canadian"" and thus not good enough for military preboard","@united been good 15yr ""friendly skies"" relationship. 2day agent told me I'm ""only Canadian"" and thus not good enough for military preboard",0,United,negative,negative,0.5672223567962646,0.5672223567962646,0.36007392406463623,0.0727037563920021
568589359034859520,2015-02-20 01:54:01+00:00,@united Leaving soon. Thanks!,@united Leaving soon. Thanks!,0,United,positive,positive,0.8144078850746155,0.0054887221194803715,0.1801033467054367,0.8144078850746155
568192252792541184,2015-02-18 23:36:04+00:00,@JetBlue Airways Corporation Price Target Update - Stafford Daily http://t.co/vQmdmZaFUJ,@JetBlue Airways Corporation Price Target Update - Stafford Daily,0,Delta,neutral,neutral,0.9513197541236877,0.01460709236562252,0.9513197541236877,0.03407323360443115
569604655166009345,2015-02-22 21:08:27+00:00,@United You were doing so well until the PHL-SFO flight yesterday. Major miss. Unfriendly Premier cabin crew. Baggage cluster at SFO.,@United You were doing so well until the PHL-SFO flight yesterday. Major miss. Unfriendly Premier cabin crew. Baggage cluster at SFO.,1,United,negative,negative,0.9215953946113586,0.9215953946113586,0.07093215733766556,0.007472461089491844
570296996445204480,2015-02-24 18:59:34+00:00,@AmericanAir that's 16+ extra hours of travel time. Missed vacation time and now you guys are messing with my professional life.,@AmericanAir that's 16+ extra hours of travel time. Missed vacation time and now you guys are messing with my professional life.,0,American,negative,negative,0.9171210527420044,0.9171210527420044,0.07670745998620987,0.0061715771444141865
570009886198796288,2015-02-23 23:58:41+00:00,how sway how “@JetBlue: Our fleet's on fleek. http://t.co/tQc96tKcI9”,how sway how “@JetBlue: Our fleet's on fleek.,0,Delta,neutral,neutral,0.718071460723877,0.018398847430944443,0.718071460723877,0.26352962851524353
569003837975089152,2015-02-21 05:21:01+00:00,@JetBlue you're customer service is terrible. #NeverAgain #flywhonotblue,@JetBlue you're customer service is terrible. #NeverAgain #flywhonotblue,0,Delta,negative,negative,0.9534134268760681,0.9534134268760681,0.04013361781835556,0.006452951580286026
570093964059156481,2015-02-24 05:32:47+00:00,RT @JetBlue: Our fleet's on fleek. http://t.co/WEZUMDimYF,RT @JetBlue: Our fleet's on fleek.,0,Delta,neutral,positive,0.7102564573287964,0.003696402767673135,0.28604719042778015,0.7102564573287964
569617494908002304,2015-02-22 21:59:28+00:00,@united I should be fine. They automatically changed my connecting flight for me so I wouldn't miss it. A+ work.,@united I should be fine. They automatically changed my connecting flight for me so I wouldn't miss it. A+ work.,0,United,positive,positive,0.8151152729988098,0.023445695638656616,0.16143903136253357,0.8151152729988098
569678975049588737,2015-02-23 02:03:46+00:00,@united please tell CLT flight 4232 needs a gate. Waiting now for 15 mins.,@united please tell CLT flight 4232 needs a gate. Waiting now for 15 mins.,0,United,negative,neutral,0.5955661535263062,0.3709382116794586,0.5955661535263062,0.03349561244249344
570030390309552128,2015-02-24 01:20:10+00:00,@JetBlue plan to repair its brand http://t.co/ui9M8YpzH2 via @WSJ,@JetBlue plan to repair its brand via @WSJ,0,Delta,neutral,neutral,0.8524035215377808,0.09881741553544998,0.8524035215377808,0.04877911135554314
570305234838429696,2015-02-24 19:32:18+00:00,"@AmericanAir I sure hope you all can fix @USAirways. Good luck, their service sucks. #nexttimeiwillflysouthwest","@AmericanAir I sure hope you all can fix @USAirways. Good luck, their service sucks. #nexttimeiwillflysouthwest",1,American,negative,negative,0.9476845264434814,0.9476845264434814,0.043984487652778625,0.00833098217844963
569021593852239872,2015-02-21 06:31:34+00:00,@USAirways Just spoke with a representative. Moved my flight earlier. Thank you so much for the follow up.,@USAirways Just spoke with a representative. Moved my flight earlier. Thank you so much for the follow up.,0,US Airways,positive,positive,0.8964387774467468,0.005589415784925222,0.09797181934118271,0.8964387774467468
568815766474244096,2015-02-20 16:53:41+00:00,"@USAirways 
Good news, we got fixed.","@USAirways Good news, we got fixed.",0,US Airways,positive,positive,0.9115137457847595,0.010980566032230854,0.07750575244426727,0.9115137457847595
570010571707256832,2015-02-24 00:01:25+00:00,@VirginAmerica wow this just blew my mind,@VirginAmerica wow this just blew my mind,0,Virgin America,positive,negative,0.6837550401687622,0.6837550401687622,0.22770081460475922,0.088544100522995
567850015600685056,2015-02-18 00:56:08+00:00,@united - thanks for the rude customer service and 3 hour delay. It really helped me timing wise for my afternoon meetings. Hello @Delta !,@united - thanks for the rude customer service and 3 hour delay. It really helped me timing wise for my afternoon meetings. Hello @Delta !,0,United,negative,positive,0.8025789856910706,0.055417027324438095,0.14200398325920105,0.8025789856910706
570295202616889345,2015-02-24 18:52:26+00:00,@USAirways Yes. Confirmation number and all.,@USAirways Yes. Confirmation number and all.,0,US Airways,neutral,neutral,0.8320542573928833,0.014633690938353539,0.8320542573928833,0.15331199765205383
568242480518434816,2015-02-19 02:55:39+00:00,@JetBlue are you my friend?!,@JetBlue are you my friend?!,0,Delta,neutral,neutral,0.8140282034873962,0.05852508917450905,0.8140282034873962,0.127446711063385
568511474580066304,2015-02-19 20:44:32+00:00,@VirginAmerica I am deeply disappointed that your birthday promo was not applied to a trip I booked mere days before I received the email,@VirginAmerica I am deeply disappointed that your birthday promo was not applied to a trip I booked mere days before I received the email,0,Virgin America,negative,negative,0.9075015783309937,0.9075015783309937,0.08497149497270584,0.007526939269155264
567874134174101504,2015-02-18 02:31:58+00:00,@united mechanical delay occurred in Houston earlier today re: their flight to ORD,@united mechanical delay occurred in Houston earlier today re: their flight to ORD,0,United,negative,negative,0.5129432678222656,0.5129432678222656,0.477420449256897,0.009636253118515015
569366337929105408,2015-02-22 05:21:27+00:00,@united 24 seats available on the 2:15 pm from ORD to RDU...I need 2 seats please,@united 24 seats available on the 2:15 pm from ORD to RDU...I need 2 seats please,0,United,neutral,neutral,0.8158789873123169,0.051985546946525574,0.8158789873123169,0.13213546574115753
569682667362344960,2015-02-23 02:18:26+00:00,@AmericanAir gotta be worse than @delta w/ on time departures.  I rushed back to terminal C for 8:25 flight but they haven't strtd boarding.,@AmericanAir gotta be worse than @delta w/ on time departures. I rushed back to terminal C for 8:25 flight but they haven't strtd boarding.,0,American,negative,negative,0.9180983901023865,0.9180983901023865,0.07611507922410965,0.005786536727100611
568816016622354432,2015-02-20 16:54:41+00:00,@JetBlue I did. They said not as of now. Let's cross fingers it happens before departing,@JetBlue I did. They said not as of now. Let's cross fingers it happens before departing,0,Delta,neutral,neutral,0.830376923084259,0.08286189287900925,0.830376923084259,0.08676119148731232
568562804837490688,2015-02-20 00:08:30+00:00,@united wasting time at baggage claim thanks to your dfw ground crew who checked my bag in without actually checking for space #frustrated,@united wasting time at baggage claim thanks to your dfw ground crew who checked my bag in without actually checking for space #frustrated,0,United,negative,negative,0.9162569046020508,0.9162569046020508,0.07768815010786057,0.006054962053894997
569483493236969473,2015-02-22 13:06:59+00:00,@JetBlue  I see my flight from Boston to Pitts is ok from this afternoon. Did you have any delays for the morning flight?,@JetBlue I see my flight from Boston to Pitts is ok from this afternoon. Did you have any delays for the morning flight?,0,Delta,neutral,neutral,0.767076849937439,0.015335706993937492,0.767076849937439,0.21758747100830078
569226248393662464,2015-02-21 20:04:47+00:00,@SouthwestAir why are the ticketing lines in Las Vegas so unorganized??  Mass craziness. Half of the ticketing stations unmanned.,@SouthwestAir why are the ticketing lines in Las Vegas so unorganized?? Mass craziness. Half of the ticketing stations unmanned.,0,Southwest,negative,negative,0.9034051299095154,0.9034051299095154,0.08976002782583237,0.006834845524281263
569225196386660352,2015-02-21 20:00:37+00:00,@SouthwestAir my wife is trying to get a group of clients to their destination and just got disconnected after2 hours holding. Help.,@SouthwestAir my wife is trying to get a group of clients to their destination and just got disconnected after2 hours holding. Help.,0,Southwest,negative,negative,0.8473461866378784,0.8473461866378784,0.14298824965953827,0.009665480814874172
569243519652470784,2015-02-21 21:13:25+00:00,"@united And then when we asked the stewardess to take the disinfectant wipe as trash she said, ""not with my hands!"" #badservice","@united And then when we asked the stewardess to take the disinfectant wipe as trash she said, ""not with my hands!"" #badservice",0,United,negative,negative,0.8948708772659302,0.8948708772659302,0.09655719250440598,0.00857196468859911
569906317629874176,2015-02-23 17:07:09+00:00,@SouthwestAir Can my wife's RR points be transferred to my RR account?,@SouthwestAir Can my wife's RR points be transferred to my RR account?,0,Southwest,neutral,neutral,0.9179483652114868,0.054658226668834686,0.9179483652114868,0.027393467724323273
567810209088847873,2015-02-17 22:17:57+00:00,@VirginAmerica Man of steel flies to more cities though...and with more frequency too.,@VirginAmerica Man of steel flies to more cities though...and with more frequency too.,0,Virgin America,negative,neutral,0.7717068791389465,0.019928058609366417,0.7717068791389465,0.20836511254310608
569665295381614594,2015-02-23 01:09:24+00:00,"@AmericanAir Yeah, try harder. No catering truck in sight.  Can we just leave now w/o the food won't eat anyway?","@AmericanAir Yeah, try harder. No catering truck in sight. Can we just leave now w/o the food won't eat anyway?",0,American,negative,negative,0.8366358280181885,0.8366358280181885,0.1520117223262787,0.011352455243468285
569561389121060864,2015-02-22 18:16:31+00:00,"@USAirways Yes, there is horrible snow. But seriously, can you not hire more people to answer the phones? Competitor have call back numbers.","@USAirways Yes, there is horrible snow. But seriously, can you not hire more people to answer the phones? Competitor have call back numbers.",0,US Airways,negative,negative,0.9366623759269714,0.9366623759269714,0.055779263377189636,0.00755828432738781
567919301732098048,2015-02-18 05:31:27+00:00,@united dang... I thought I was in a teleportation device! Ua514,@united dang... I thought I was in a teleportation device! Ua514,0,United,negative,negative,0.7140782475471497,0.7140782475471497,0.2534378170967102,0.03248383104801178
570261359377698817,2015-02-24 16:37:57+00:00,@AmericanAir please email me at temorris2010@hotmail.com. willing to discuss my experience &amp; give another try would like to speak directly,@AmericanAir please email me at temorris2010@hotmail.com. willing to discuss my experience & give another try would like to speak directly,0,American,neutral,neutral,0.7381508946418762,0.03109358623623848,0.7381508946418762,0.2307555079460144
570285904809598977,2015-02-24 18:15:29+00:00,@VirginAmerica Thanks!,@VirginAmerica Thanks!,0,Virgin America,positive,positive,0.696155846118927,0.009228345938026905,0.29461583495140076,0.696155846118927
569850239789568000,2015-02-23 13:24:19+00:00,@malhoit at least you got a response from @AmericanAir via Twitter. I went 0 for 2 yesterday.,@malhoit at least you got a response from @AmericanAir via Twitter. I went 0 for 2 yesterday.,0,American,negative,negative,0.7048996090888977,0.7048996090888977,0.2643476128578186,0.03075278550386429
569279532261203968,2015-02-21 23:36:31+00:00,@SouthwestAir The Opal Dragon book The Dragon (ALI) has woven his murdering ways from the Philippines to Australia http://t.co/c9p2ioSphM,@SouthwestAir The Opal Dragon book The Dragon (ALI) has woven his murdering ways from the Philippines to Australia,0,Southwest,neutral,negative,0.602688193321228,0.602688193321228,0.38192829489707947,0.015383471734821796
567768484612816896,2015-02-17 19:32:10+00:00,"@SouthwestAir  Tried to DM you, it won't let me as it says you are not following me.","@SouthwestAir Tried to DM you, it won't let me as it says you are not following me.",0,Southwest,neutral,negative,0.7950730323791504,0.7950730323791504,0.19698834419250488,0.007938592694699764
569650751598944256,2015-02-23 00:11:37+00:00,"@USAirways any way to tell our gate we are going? Stuck on tarmack, int'l flt FLT 878 going to ELM Gate F6","@USAirways any way to tell our gate we are going? Stuck on tarmack, int'l flt FLT 878 going to ELM Gate F6",0,US Airways,negative,neutral,0.6107487082481384,0.3742527961730957,0.6107487082481384,0.014998536556959152
569615290956259328,2015-02-22 21:50:42+00:00,@AmericanAir I got rebooked on on us airways by you guys but the flight I got won't work. Any help would be appreciated.,@AmericanAir I got rebooked on on us airways by you guys but the flight I got won't work. Any help would be appreciated.,0,American,negative,negative,0.7998648881912231,0.7998648881912231,0.18633125722408295,0.013803801499307156
569322657822285824,2015-02-22 02:27:53+00:00,@united why do you hire POS pilots? Thanks for ruining my trip and not allowing me to see my buddy as he turns 30. #unitedsucksdick,@united why do you hire POS pilots? Thanks for ruining my trip and not allowing me to see my buddy as he turns 30. #unitedsucksdick,1,United,negative,negative,0.9625508189201355,0.9625508189201355,0.033061470836400986,0.004387726075947285
570064554232688640,2015-02-24 03:35:55+00:00,@AmericanAir This is getting a bit ridiculous when and you have made me miss 2 full days off work and had to pay for cabs back and forth,@AmericanAir This is getting a bit ridiculous when and you have made me miss 2 full days off work and had to pay for cabs back and forth,4,American,negative,negative,0.9067774415016174,0.9067774415016174,0.08589302748441696,0.007329537533223629
570291492545298432,2015-02-24 18:37:41+00:00,@united I lost a voucher that I was given in Miami aeroport on jan 26. I did not use it.,@united I lost a voucher that I was given in Miami aeroport on jan 26. I did not use it.,0,United,neutral,negative,0.839706301689148,0.839706301689148,0.1528223603963852,0.007471340708434582
569955551951622144,2015-02-23 20:22:47+00:00,"@united Change made in just over 3 hours. For something that should have taken seconds online, I am not thrilled. Loved the agent, though.","@united Change made in just over 3 hours. For something that should have taken seconds online, I am not thrilled. Loved the agent, though.",0,United,negative,negative,0.8704848289489746,0.8704848289489746,0.10655592381954193,0.022959256544709206
570060184908910592,2015-02-24 03:18:33+00:00,"@JetBlue - I did, but since I was stranded in SYR without a ride I missed the window of opportunity to have rights in this matter. (4 hours)","@JetBlue - I did, but since I was stranded in SYR without a ride I missed the window of opportunity to have rights in this matter. (4 hours)",0,Delta,negative,negative,0.8374691009521484,0.8374691009521484,0.15523603558540344,0.007294857874512672
569782352223666176,2015-02-23 08:54:33+00:00,@united the staff was rather efficient and got us solutions just freaked me out a little being in limbo in the air.,@united the staff was rather efficient and got us solutions just freaked me out a little being in limbo in the air.,0,United,positive,positive,0.46598514914512634,0.12261320650577545,0.411401629447937,0.46598514914512634
569172176214962176,2015-02-21 16:29:56+00:00,"@United come on, reopen 1285 at ORD and clear your growing DC backlog","@United come on, reopen 1285 at ORD and clear your growing DC backlog",0,United,negative,neutral,0.695222795009613,0.16033358871936798,0.695222795009613,0.14444364607334137
569766956062134272,2015-02-23 07:53:22+00:00,@SouthwestAir you know what'd be beyond awesome? A pair of tickets to the @Imaginedragons show in ATL. A girl can dream #DestinationDragons,@SouthwestAir you know what'd be beyond awesome? A pair of tickets to the @Imaginedragons show in ATL. A girl can dream #DestinationDragons,0,Southwest,positive,positive,0.9773285984992981,0.0021203302312642336,0.0205510426312685,0.9773285984992981
568526349565972480,2015-02-19 21:43:39+00:00,@united installed and working are not the same. Kicked me out after an hour and wouldn't let me back in. Four wasted hours.,@united installed and working are not the same. Kicked me out after an hour and wouldn't let me back in. Four wasted hours.,0,United,negative,negative,0.9415205121040344,0.9415205121040344,0.053379811346530914,0.005099596921354532
567791526370365440,2015-02-17 21:03:43+00:00,@USAirways holding 30+ min and listening to your shitty ads on repeat for your credit make me hate your airline even more.  @delta is better,@USAirways holding 30+ min and listening to your shitty ads on repeat for your credit make me hate your airline even more. @delta is better,0,US Airways,negative,negative,0.9591331481933594,0.9591331481933594,0.03548836708068848,0.00537856575101614
569361898581467136,2015-02-22 05:03:49+00:00,@USAirways I have been on hold for over one hour waiting to reschedule a flight. How much longer should I expect?,@USAirways I have been on hold for over one hour waiting to reschedule a flight. How much longer should I expect?,0,US Airways,negative,negative,0.811731219291687,0.811731219291687,0.17978912591934204,0.008479699492454529
569753797704024065,2015-02-23 07:01:05+00:00,"@united Yes I did.  We headed out to de-ice 5 minutes after I sent it to you.  Made it to Austin, but am now waiting for the luggage.","@united Yes I did. We headed out to de-ice 5 minutes after I sent it to you. Made it to Austin, but am now waiting for the luggage.",0,United,negative,neutral,0.7766074538230896,0.017469776794314384,0.7766074538230896,0.20592273771762848
567864832235405313,2015-02-18 01:55:01+00:00,"@SouthwestAir thanks, but they told him he couldn’t a few hours ago, then my plane left  after I tried to do it. Stuck waiting for hours now","@SouthwestAir thanks, but they told him he couldn’t a few hours ago, then my plane left after I tried to do it. Stuck waiting for hours now",0,Southwest,negative,negative,0.7648245096206665,0.7648245096206665,0.21811196208000183,0.01706351526081562
567831075763003393,2015-02-17 23:40:52+00:00,@SouthwestAir understand weather is an issue but on time Cancelled Flighted reinstated Cancelled Flighted with hardly any updates and doing nothing for me= :(,@SouthwestAir understand weather is an issue but on time Cancelled Flighted reinstated Cancelled Flighted with hardly any updates and doing nothing for me= :(,0,Southwest,negative,negative,0.9277099967002869,0.9277099967002869,0.06784412264823914,0.004445889499038458
567808067237326848,2015-02-17 22:09:27+00:00,@JetBlue Ive called you 3 x &amp; waited on hold 10 min each time to be disconnected each time. Enraging! I need to speak to someone! #help,@JetBlue Ive called you 3 x & waited on hold 10 min each time to be disconnected each time. Enraging! I need to speak to someone! #help,0,Delta,negative,negative,0.9082004427909851,0.9082004427909851,0.0825798362493515,0.00921968650072813
568826070897717250,2015-02-20 17:34:38+00:00,@USAirways your staff at LAX really messed up on this one. Failing to scan my suitcase tag.,@USAirways your staff at LAX really messed up on this one. Failing to scan my suitcase tag.,0,US Airways,negative,negative,0.9467700719833374,0.9467700719833374,0.04866177961230278,0.00456818426027894
569608624814698496,2015-02-22 21:24:13+00:00,"@united agent, ""You should use the bathroom before boarding.. Toilets onboard are full."" Oh you can expected a strongly worded email FUnited","@united agent, ""You should use the bathroom before boarding.. Toilets onboard are full."" Oh you can expected a strongly worded email FUnited",0,United,negative,negative,0.6739544868469238,0.6739544868469238,0.30473875999450684,0.021306732669472694
569824422279950336,2015-02-23 11:41:43+00:00,@USAirways hello??? Anyone there?,@USAirways hello??? Anyone there?,1,US Airways,negative,neutral,0.8865018486976624,0.025842173025012016,0.8865018486976624,0.08765598386526108
567676400933416960,2015-02-17 13:26:15+00:00,"@United is officially the worst, most delayed, and least helpful airline I have ever had the misfortune of flying on","@United is officially the worst, most delayed, and least helpful airline I have ever had the misfortune of flying on",0,United,negative,negative,0.9549219012260437,0.9549219012260437,0.03838177025318146,0.006696299649775028
568543965026390016,2015-02-19 22:53:38+00:00,@SouthwestAir iPhone App Adds Passbook Support #Airlines #Travel http://t.co/lJzDTHD9Bv,@SouthwestAir iPhone App Adds Passbook Support #Airlines #Travel,1,Southwest,neutral,neutral,0.5962329506874084,0.00611460255458951,0.5962329506874084,0.3976525068283081
568172843520950272,2015-02-18 22:18:56+00:00,"@JetBlue I like Marie Harf go to Iraiq find ISIS and spread good, and offer resume service to ISIS in order to find jobs @marieharf","@JetBlue I like Marie Harf go to Iraiq find ISIS and spread good, and offer resume service to ISIS in order to find jobs @marieharf",0,Delta,neutral,neutral,0.5654476881027222,0.2407776266336441,0.5654476881027222,0.19377464056015015
567808014725464064,2015-02-17 22:09:14+00:00,@JetBlue the USA help line.  i accidentally booked a flight on a thursday instead of a wednesday and want to switch,@JetBlue the USA help line. i accidentally booked a flight on a thursday instead of a wednesday and want to switch,0,Delta,neutral,negative,0.8291471600532532,0.8291471600532532,0.1630784571170807,0.007774318568408489
568620542682468352,2015-02-20 03:57:56+00:00,@JetBlue look what I capture at Uvf http://t.co/Lj2ZXZN8kG,@JetBlue look what I capture at Uvf,0,Delta,neutral,neutral,0.8418662548065186,0.04563239589333534,0.8418662548065186,0.11250133067369461
570202173172281344,2015-02-24 12:42:46+00:00,@AmericanAir as your flight attendants are an extension of your brand - bitchy flight attendants on 5:30 am flights are not appreciated.,@AmericanAir as your flight attendants are an extension of your brand - bitchy flight attendants on 5:30 am flights are not appreciated.,0,American,negative,negative,0.9506599307060242,0.9506599307060242,0.04401424527168274,0.005325872451066971
569649712996823041,2015-02-23 00:07:29+00:00,@AmericanAir arrived in lax from ord flight AA1657 NO LUGGAGE,@AmericanAir arrived in lax from ord flight AA1657 NO LUGGAGE,0,American,negative,neutral,0.6149555444717407,0.1336078941822052,0.6149555444717407,0.2514365613460541
570110386827087872,2015-02-24 06:38:03+00:00,@united so 8 hotels for 32 people but feel like we are being held hostage because someone has our boarding passes so we can't leave! #FAIL,@united so 8 hotels for 32 people but feel like we are being held hostage because someone has our boarding passes so we can't leave! #FAIL,0,United,negative,negative,0.9053400754928589,0.9053400754928589,0.0890761986374855,0.005583673715591431
567734644515536896,2015-02-17 17:17:41+00:00,@JetBlue why is my flight delayed 2.5 hours. This is insane. Every other flight has made it to NYC.,@JetBlue why is my flight delayed 2.5 hours. This is insane. Every other flight has made it to NYC.,0,Delta,negative,negative,0.8859535455703735,0.8859535455703735,0.1049480140209198,0.00909846369177103
567761113631449089,2015-02-17 19:02:52+00:00,"@united nexus confirmed that at any crossing via air, car or boat she can travel with only Nexus.","@united nexus confirmed that at any crossing via air, car or boat she can travel with only Nexus.",0,United,negative,neutral,0.8944246172904968,0.011685793288052082,0.8944246172904968,0.09388963878154755
570231786824994816,2015-02-24 14:40:27+00:00,@USAirways Thanks again for ruiningmy vacation.  You all are the best for this.  Could not have done it without you.,@USAirways Thanks again for ruiningmy vacation. You all are the best for this. Could not have done it without you.,0,US Airways,negative,positive,0.7389469146728516,0.14571864902973175,0.1153343990445137,0.7389469146728516
567846359631564800,2015-02-18 00:41:36+00:00,@USAirways freaking out about the fact you are fixing the engine from Charlotte to Orlando. #longday,@USAirways freaking out about the fact you are fixing the engine from Charlotte to Orlando. #longday,0,US Airways,negative,negative,0.8999751210212708,0.8999751210212708,0.09148087352514267,0.008543992415070534
569930942833258496,2015-02-23 18:45:00+00:00,@united Flight 211/ORD gate agent tried to prevent me from taking onboard a bag I've used for 15 years! Flight crew was more reasonable!,@united Flight 211/ORD gate agent tried to prevent me from taking onboard a bag I've used for 15 years! Flight crew was more reasonable!,0,United,negative,negative,0.7745360732078552,0.7745360732078552,0.20572026073932648,0.019743699580430984
568599227342852096,2015-02-20 02:33:14+00:00,@JetBlue Hi. I'm trying to find a flight to the Middle East.,@JetBlue Hi. I'm trying to find a flight to the Middle East.,0,Delta,neutral,neutral,0.8976463079452515,0.031691260635852814,0.8976463079452515,0.07066250592470169
568483491819753472,2015-02-19 18:53:21+00:00,Bruh “@VirginAmerica: @giannilee Turn down for what. #VXSafetyDance”,Bruh “@VirginAmerica: @giannilee Turn down for what. #VXSafetyDance”,0,Virgin America,neutral,neutral,0.5162265300750732,0.4565640985965729,0.5162265300750732,0.02720937319099903
568064339544051712,2015-02-18 15:07:47+00:00,@SouthwestAir why do your MDW gates have so many fewer seats than your planes?,@SouthwestAir why do your MDW gates have so many fewer seats than your planes?,0,Southwest,negative,negative,0.8056475520133972,0.8056475520133972,0.18509861826896667,0.009253771044313908
567873519356284928,2015-02-18 02:29:32+00:00,"@united 374 ORD to ROC. Fam came to see me at SNA. I'm a member, so is my dad. He used his miles for them.","@united 374 ORD to ROC. Fam came to see me at SNA. I'm a member, so is my dad. He used his miles for them.",0,United,neutral,neutral,0.7635380625724792,0.007642352022230625,0.7635380625724792,0.2288195937871933
568056741885288448,2015-02-18 14:37:35+00:00,"@SouthwestAir Therefore, since I've received no recourse through phone I have submitted an email complaint &amp; a letter via mail will follow.","@SouthwestAir Therefore, since I've received no recourse through phone I have submitted an email complaint & a letter via mail will follow.",0,Southwest,negative,negative,0.5982643365859985,0.5982643365859985,0.38590845465660095,0.01582723669707775
569689826221363201,2015-02-23 02:46:53+00:00,@AmericanAir you guys should really improve the service experience with your on site personnel. This has been one of the worst experiences.,@AmericanAir you guys should really improve the service experience with your on site personnel. This has been one of the worst experiences.,0,American,negative,negative,0.9523379802703857,0.9523379802703857,0.041920796036720276,0.005741237662732601
568148652352544769,2015-02-18 20:42:49+00:00,@VirginAmerica all crap channels which is why I pay to watch UK tv,@VirginAmerica all crap channels which is why I pay to watch UK tv,0,Virgin America,negative,negative,0.9254193305969238,0.9254193305969238,0.06599314510822296,0.008587532676756382
569951021398683650,2015-02-23 20:04:47+00:00,@usairways im trying to get my dads wheelchair and no one is answering at Dulles.we have tried to call back on.multiple times,@usairways im trying to get my dads wheelchair and no one is answering at Dulles.we have tried to call back on.multiple times,0,US Airways,negative,negative,0.8612654209136963,0.8612654209136963,0.13054071366786957,0.008193866349756718
569699471954587648,2015-02-23 03:25:13+00:00,@United #1758 now going in 40 min waiting for other plane to vacate gate. #findanothergate,@United #1758 now going in 40 min waiting for other plane to vacate gate. #findanothergate,0,United,negative,negative,0.659149169921875,0.659149169921875,0.32229381799697876,0.018556980416178703
569359025655181312,2015-02-22 04:52:24+00:00,"@USAirways This is garbage, been trying to book a reward flight and then it got Cancelled Flighted and still can't get anyone on phone. Unacceptable","@USAirways This is garbage, been trying to book a reward flight and then it got Cancelled Flighted and still can't get anyone on phone. Unacceptable",0,US Airways,negative,negative,0.9505631923675537,0.9505631923675537,0.04475908726453781,0.004677699878811836
568140850963881984,2015-02-18 20:11:49+00:00,"@united Thanks, but not so much the missing bag as the nonexistent staff at this apparent remote outpost (busy airport for city of ~1M).","@united Thanks, but not so much the missing bag as the nonexistent staff at this apparent remote outpost (busy airport for city of ~1M).",0,United,negative,negative,0.7428600192070007,0.7428600192070007,0.23614570498466492,0.020994259044528008
569668448718073856,2015-02-23 01:21:56+00:00,@AmericanAir 901 #Miami to #Rio to participate at @RCM_Oficial representing @CisnerosMedia #yourstoryhere,@AmericanAir 901 #Miami to #Rio to participate at @RCM_Oficial representing @CisnerosMedia #yourstoryhere,1,American,neutral,neutral,0.9273936152458191,0.007730033714324236,0.9273936152458191,0.06487639248371124
569676871744364544,2015-02-23 01:55:24+00:00,@united your seats are god awful.,@united your seats are god awful.,0,United,negative,negative,0.952543318271637,0.952543318271637,0.04055003076791763,0.006906675640493631
569956285828853761,2015-02-23 20:25:42+00:00,@AmericanAir THANK YOU!!! 👍👍👍👍👍,@AmericanAir THANK YOU!!! 👍👍👍👍👍,0,American,positive,positive,0.9831542372703552,0.0035764973144978285,0.013269259594380856,0.9831542372703552
569693012885770240,2015-02-23 02:59:33+00:00,@southwestair Winter Weather for Denver extended for tomorrow by chance? Even to Late Flightr in the day would be super helpful.,@southwestair Winter Weather for Denver extended for tomorrow by chance? Even to Late Flightr in the day would be super helpful.,0,Southwest,neutral,positive,0.8378674387931824,0.007961994968354702,0.15417057275772095,0.8378674387931824
567895664769785856,2015-02-18 03:57:32+00:00,@JetBlue the gate agent said our original plane got de-icing fluid in the engine that created a short so they took the plane out of service,@JetBlue the gate agent said our original plane got de-icing fluid in the engine that created a short so they took the plane out of service,0,Delta,negative,negative,0.8026182651519775,0.8026182651519775,0.19093617796897888,0.006445585284382105
569826992251473921,2015-02-23 11:51:56+00:00,@united hi -- @united was. Thank you!,@united hi -- @united was. Thank you!,0,United,neutral,positive,0.9313139915466309,0.0029616362880915403,0.06572435051202774,0.9313139915466309
569892199690678272,2015-02-23 16:11:03+00:00,@VirginAmerica why must a traveler miss a flight to Late Flight check a bag?  I missed my morning appointments and you lost my business. #sfo2lax,@VirginAmerica why must a traveler miss a flight to Late Flight check a bag? I missed my morning appointments and you lost my business. #sfo2lax,0,Virgin America,negative,negative,0.9211647510528564,0.9211647510528564,0.07404032349586487,0.004794919863343239
568077686507229184,2015-02-18 16:00:49+00:00,@USAirways just realized my @AmericanAir advantage number wasn't used for my flight.  How do I get my ff miles?,@USAirways just realized my @AmericanAir advantage number wasn't used for my flight. How do I get my ff miles?,0,US Airways,neutral,negative,0.5800486207008362,0.5800486207008362,0.4060567021369934,0.01389466505497694
569926608997498881,2015-02-23 18:27:46+00:00,“@JetBlue: Our fleet's on fleek. http://t.co/mFSsh2UHUe” LMFAO!!!!!!!!!!,“@JetBlue: Our fleet's on fleek. LMFAO!!!!!!!!!!,0,Delta,neutral,positive,0.5652965307235718,0.13018417358398438,0.30451929569244385,0.5652965307235718
568470715009277952,2015-02-19 18:02:34+00:00,@SouthwestAir now flying non stop CMH-OAK has me daydreaming about a trip to the bay...especially in this weather. #OhioProbz,@SouthwestAir now flying non stop CMH-OAK has me daydreaming about a trip to the bay...especially in this weather. #OhioProbz,0,Southwest,positive,neutral,0.4869111180305481,0.27303481101989746,0.4869111180305481,0.24005398154258728
569609887388270592,2015-02-22 21:29:14+00:00,"@AmericanAir Changed flight from BNA to 2/20 ahead of weather. Slammed me with cost diff because ""no weather advisory.""Really!","@AmericanAir Changed flight from BNA to 2/20 ahead of weather. Slammed me with cost diff because ""no weather advisory.""Really!",0,American,negative,negative,0.858173668384552,0.858173668384552,0.13400621712207794,0.007820043712854385
568802906280845312,2015-02-20 16:02:35+00:00,"@united I need a breakdown of what the ""international surcharge"" on my flights cover. Please help","@united I need a breakdown of what the ""international surcharge"" on my flights cover. Please help",0,United,neutral,neutral,0.5119615793228149,0.45643484592437744,0.5119615793228149,0.03160350024700165
568843160224452608,2015-02-20 18:42:32+00:00,This is so smart it makes me angry MT @JetBlue: We’ve partnered with @WSJ to bring you free digital access onboard! http://t.co/0LiwEcAsOe,This is so smart it makes me angry MT @JetBlue: We’ve partnered with @WSJ to bring you free digital access onboard!,5,Delta,positive,positive,0.6084697842597961,0.10986258834600449,0.2816676199436188,0.6084697842597961
569650819894652928,2015-02-23 00:11:53+00:00,@USAirways @AmericanAir According to your costumer support your website is holding my money hostage and you cant do anything about it..,@USAirways @AmericanAir According to your costumer support your website is holding my money hostage and you cant do anything about it..,0,US Airways,negative,negative,0.9228904247283936,0.9228904247283936,0.07215873897075653,0.0049509028904139996
568882014415249408,2015-02-20 21:16:56+00:00,@VirginAmerica already contacted Central Baggage &amp; sent DM. @RenttheRunway is charging me for the dress that was in the lost suitcase #help,@VirginAmerica already contacted Central Baggage & sent DM. @RenttheRunway is charging me for the dress that was in the lost suitcase #help,0,Virgin America,negative,negative,0.7157837152481079,0.7157837152481079,0.2710741460323334,0.013142154552042484
570101666571288576,2015-02-24 06:03:23+00:00,@AmericanAir - Reference number to this request: 1-3001408092,@AmericanAir - Reference number to this request: 1-3001408092,0,American,neutral,neutral,0.8642957210540771,0.10414639115333557,0.8642957210540771,0.031557947397232056
568514794287796224,2015-02-19 20:57:44+00:00,@USAirways please secure the 'footrest' shelf' in business class on A330 airplanes!!! http://t.co/ZL4bVEXmcJ,@USAirways please secure the 'footrest' shelf' in business class on A330 airplanes!!!,0,US Airways,negative,neutral,0.5910323262214661,0.09281475841999054,0.5910323262214661,0.3161529302597046
568855468975759360,2015-02-20 19:31:27+00:00,@united Thanks...seat made for a 6 year old and a broken TV. 20 flights/year...my last on your airline.,@united Thanks...seat made for a 6 year old and a broken TV. 20 flights/year...my last on your airline.,1,United,negative,negative,0.7134172320365906,0.7134172320365906,0.23016469180583954,0.05641810968518257
568982494676172800,2015-02-21 03:56:12+00:00,"@JetBlue since high likelihood of snow at time of flight tomorrow, any chance I can rebook for Sunday?","@JetBlue since high likelihood of snow at time of flight tomorrow, any chance I can rebook for Sunday?",0,Delta,neutral,neutral,0.6975980997085571,0.27849075198173523,0.6975980997085571,0.023911112919449806
570001064424026112,2015-02-23 23:23:38+00:00,"@USAirways yes, thanks but took forever","@USAirways yes, thanks but took forever",0,US Airways,negative,neutral,0.5508645176887512,0.11642488837242126,0.5508645176887512,0.3327106535434723
569627907871502338,2015-02-22 22:40:51+00:00,"@JetBlue, thanks for not guarantee that you can not deli ever my bags to my hotel, when bag missed connection. #sFO #customerservicenot","@JetBlue, thanks for not guarantee that you can not deli ever my bags to my hotel, when bag missed connection. #sFO #customerservicenot",0,Delta,negative,negative,0.8708211779594421,0.8708211779594421,0.12105158716440201,0.008127231150865555
569686267354599426,2015-02-23 02:32:45+00:00,"@JetBlue pilot: ""Don't worry folks there's a backup for the backup for every part of this plane."" Thanks guy","@JetBlue pilot: ""Don't worry folks there's a backup for the backup for every part of this plane."" Thanks guy",0,Delta,positive,positive,0.7160996198654175,0.012630244717001915,0.27127015590667725,0.7160996198654175
568232723170484224,2015-02-19 02:16:53+00:00,@united @staralliance Now do the right thing and reinstate the tickets you voided #UnitedFail,@united @staralliance Now do the right thing and reinstate the tickets you voided #UnitedFail,0,United,negative,negative,0.8659855723381042,0.8659855723381042,0.12411203980445862,0.009902335703372955
568491142410571778,2015-02-19 19:23:45+00:00,@SouthwestAir Yes. Please train your customer service agents with correct protocol.. I should not be receiving different 411 evrytime I call,@SouthwestAir Yes. Please train your customer service agents with correct protocol.. I should not be receiving different 411 evrytime I call,0,Southwest,negative,negative,0.5908375978469849,0.5908375978469849,0.3566581606864929,0.052504267543554306
569360352594546688,2015-02-22 04:57:40+00:00,"@USAirways As a member of the news media, the awful service of the last few days won't go unnoticed.","@USAirways As a member of the news media, the awful service of the last few days won't go unnoticed.",0,US Airways,negative,negative,0.9224646091461182,0.9224646091461182,0.07028225809335709,0.007253127172589302
569792291264712704,2015-02-23 09:34:03+00:00,@united the child is two years old,@united the child is two years old,0,United,neutral,neutral,0.7986693382263184,0.17309999465942383,0.7986693382263184,0.028230633586645126
570120432453615617,2015-02-24 07:17:58+00:00,@USAirways it doesn't take 6 days to respond to an already open case!,@USAirways it doesn't take 6 days to respond to an already open case!,0,US Airways,negative,negative,0.4955866038799286,0.4955866038799286,0.42042863368988037,0.08398473262786865
567778498723737600,2015-02-17 20:11:57+00:00,@usairways Thx for responding :) When bags came there was mad rush towards end of jetway—why not just put thru baggage claim?,@usairways Thx for responding :) When bags came there was mad rush towards end of jetway—why not just put thru baggage claim?,0,US Airways,negative,neutral,0.4987557530403137,0.2023049145936966,0.4987557530403137,0.2989393472671509
568077746481586176,2015-02-18 16:01:03+00:00,"@USAirways announced that people going to FL via Charlotte would have to go to a different plane &amp; gate, but it was a 'direct flight' #logic","@USAirways announced that people going to FL via Charlotte would have to go to a different plane & gate, but it was a 'direct flight' #logic",0,US Airways,neutral,neutral,0.7314425110816956,0.24214698374271393,0.7314425110816956,0.02641051448881626
569134718396051456,2015-02-21 14:01:05+00:00,@SouthwestAir great flight! And great view! http://t.co/auFM4xdaj2,@SouthwestAir great flight! And great view!,0,Southwest,positive,positive,0.9889681935310364,0.0029031592421233654,0.008128693327307701,0.9889681935310364
568524724256444416,2015-02-19 21:37:11+00:00,"@JetBlue okie doke! Knowing you, you will fix this ;)","@JetBlue okie doke! Knowing you, you will fix this ;)",0,Delta,positive,positive,0.8660245537757874,0.015935933217406273,0.1180395558476448,0.8660245537757874
569276864260255745,2015-02-21 23:25:55+00:00,@SouthwestAir please refund my ticket. What a terrible experience. #southwestfail,@SouthwestAir please refund my ticket. What a terrible experience. #southwestfail,0,Southwest,negative,negative,0.9523481130599976,0.9523481130599976,0.042100392282009125,0.005551480688154697
570040750412406784,2015-02-24 02:01:20+00:00,@AmericanAir the folks at the Executive Platinum desk are great pros.  They understand my displeasure with change fees and switch to SW.,@AmericanAir the folks at the Executive Platinum desk are great pros. They understand my displeasure with change fees and switch to SW.,0,American,positive,positive,0.5996278524398804,0.0835191085934639,0.3168530762195587,0.5996278524398804
567855171335626752,2015-02-18 01:16:37+00:00,@VirginAmerica save some for 871 tomorrow AM!,@VirginAmerica save some for 871 tomorrow AM!,0,Virgin America,neutral,neutral,0.8112601041793823,0.03170568868517876,0.8112601041793823,0.15703420341014862
568170840174538752,2015-02-18 22:10:59+00:00,"“@united: @qlyss8 We don't want our customers to be frustrated. Thank you for your patience. ^JT” A lovely sentiment, but not a $180 one.","“@united: @qlyss8 We don't want our customers to be frustrated. Thank you for your patience. ^JT” A lovely sentiment, but not a $180 one.",0,United,negative,neutral,0.43874213099479675,0.24733811616897583,0.43874213099479675,0.3139197528362274
569564824939556864,2015-02-22 18:30:10+00:00,@JetBlue Something to think about when you are dealing with PEOPLE!!!!!  Just wrong.  No excuses. Figure it out &amp; expect the unexpected,@JetBlue Something to think about when you are dealing with PEOPLE!!!!! Just wrong. No excuses. Figure it out & expect the unexpected,0,Delta,negative,negative,0.9333395957946777,0.9333395957946777,0.06149721145629883,0.005163196939975023
569603039750852608,2015-02-22 21:02:02+00:00,@JetBlue does not fit in 140,@JetBlue does not fit in 140,0,Delta,negative,negative,0.8013885021209717,0.8013885021209717,0.18449507653713226,0.014116473495960236
569263373092823040,2015-02-21 22:32:19+00:00,@USAirways how is it that my flt to EWR was Cancelled Flightled yet flts to NYC from USAirways are still flying?,@USAirways how is it that my flt to EWR was Cancelled Flightled yet flts to NYC from USAirways are still flying?,0,US Airways,negative,negative,0.8070913553237915,0.8070913553237915,0.18622633814811707,0.006682291626930237
568788141236199424,2015-02-20 15:03:55+00:00,"@USAirways No. Just felt that you could do better in making the emails feel a little less of “We don’t care. We’re automated.""","@USAirways No. Just felt that you could do better in making the emails feel a little less of “We don’t care. We’re automated.""",0,US Airways,negative,negative,0.7191275954246521,0.7191275954246521,0.26164576411247253,0.019226735457777977
568893072001646592,2015-02-20 22:00:52+00:00,@united or us air: http://t.co/Eis9hcNPrO,@united or us air:,0,United,neutral,neutral,0.9108741283416748,0.03167426586151123,0.9108741283416748,0.05745156109333038
569465299495358466,2015-02-22 11:54:42+00:00,@USAirways XNA has TSA Precheck! Would be nice if your system knew that.,@USAirways XNA has TSA Precheck! Would be nice if your system knew that.,0,US Airways,negative,neutral,0.4435048997402191,0.11848699301481247,0.4435048997402191,0.4380081295967102
569531827989454848,2015-02-22 16:19:03+00:00,@united two hour delay for a plane that was visible from the airport. So far terrible customer service. #neveragain,@united two hour delay for a plane that was visible from the airport. So far terrible customer service. #neveragain,0,United,negative,negative,0.9376171827316284,0.9376171827316284,0.05636841431260109,0.006014390382915735
569992815624781824,2015-02-23 22:50:51+00:00,"@AmericanAir My chariot tonight. From this angle it looks like a 787, no? http://t.co/3ZZKQWWbJz","@AmericanAir My chariot tonight. From this angle it looks like a 787, no?",0,American,neutral,neutral,0.8269696235656738,0.06836755573749542,0.8269696235656738,0.10466283559799194
569579474762608640,2015-02-22 19:28:23+00:00,"@united, no. Re-booked with American and United said they'd transfer our bags to them.","@united, no. Re-booked with American and United said they'd transfer our bags to them.",0,United,negative,neutral,0.6868793368339539,0.2901248037815094,0.6868793368339539,0.02299584448337555
569332442194178049,2015-02-22 03:06:46+00:00,@SouthwestAir Cancelled Flightled all flights Fort Lauderdale to Philly. USAir flights got to Philly with no problem. WTF is wrong with SW @USAirways,@SouthwestAir Cancelled Flightled all flights Fort Lauderdale to Philly. USAir flights got to Philly with no problem. WTF is wrong with SW @USAirways,2,Southwest,negative,negative,0.8962160348892212,0.8962160348892212,0.09639179706573486,0.00739218108355999
569188967180058625,2015-02-21 17:36:39+00:00,@united Yeah that didn't happen!,@united Yeah that didn't happen!,0,United,negative,negative,0.5322706699371338,0.5322706699371338,0.42565545439720154,0.04207387939095497
569369239183872000,2015-02-22 05:32:59+00:00,"@VirginAmerica congrats, you just got all my business from EWR to SFO/LAX. Fuck you @united fl1289 SFO/EWR was the clincher...","@VirginAmerica congrats, you just got all my business from EWR to SFO/LAX. Fuck you @united fl1289 SFO/EWR was the clincher...",0,Virgin America,negative,negative,0.9128431081771851,0.9128431081771851,0.0703277587890625,0.01682916469871998
569700068476866560,2015-02-23 03:27:35+00:00,@USairways Since I am a loyal USAir customer I am sure that they will make this up to me-right now I want to get home &amp; back to work.,@USairways Since I am a loyal USAir customer I am sure that they will make this up to me-right now I want to get home & back to work.,0,US Airways,positive,neutral,0.5456809401512146,0.1297241896390915,0.5456809401512146,0.3245948255062103
569539287118692352,2015-02-22 16:48:42+00:00,@JetBlue according to jfk plenty of planes are landing. No problem there,@JetBlue according to jfk plenty of planes are landing. No problem there,0,Delta,negative,neutral,0.5617250204086304,0.040465060621500015,0.5617250204086304,0.3978099822998047
569671871634935809,2015-02-23 01:35:32+00:00,@USAirways @AmericanAir so does that mean @AmericanAir that you might care about my sister be assaulted on one of your flights,@USAirways @AmericanAir so does that mean @AmericanAir that you might care about my sister be assaulted on one of your flights,0,US Airways,negative,negative,0.8292171955108643,0.8292171955108643,0.16258001327514648,0.008202766999602318
570094701371469825,2015-02-24 05:35:43+00:00,@VirginAmerica Are the hours of operation for the Club at SFO that are posted online current?,@VirginAmerica Are the hours of operation for the Club at SFO that are posted online current?,0,Virgin America,neutral,neutral,0.9441235661506653,0.028069527819752693,0.9441235661506653,0.027806885540485382
569670286418841603,2015-02-23 01:29:14+00:00,@AmericanAir no worries even though I was talking about seat assignment :),@AmericanAir no worries even though I was talking about seat assignment :),0,American,positive,positive,0.8405323624610901,0.007943972013890743,0.1515236645936966,0.8405323624610901
568551906634797056,2015-02-19 23:25:12+00:00,@AmericanAir Hopefully you ll see bad ones as opportunity to get better and not dwell in it... and the good ones as encouragement words!,@AmericanAir Hopefully you ll see bad ones as opportunity to get better and not dwell in it... and the good ones as encouragement words!,0,American,positive,positive,0.631862223148346,0.11029414087533951,0.25784361362457275,0.631862223148346
567843646881599489,2015-02-18 00:30:50+00:00,@SouthwestAir thank you :-),@SouthwestAir thank you :-),0,Southwest,positive,positive,0.9411863088607788,0.0037850576918572187,0.055028606206178665,0.9411863088607788
568209028188233728,2015-02-19 00:42:43+00:00,.@VirginAmerica If only you guys were starting those flights at the end of the month! Guess I’m still road tripping on Feb 27…,.@VirginAmerica If only you guys were starting those flights at the end of the month! Guess I’m still road tripping on Feb 27…,0,Virgin America,neutral,negative,0.734603762626648,0.734603762626648,0.24161070585250854,0.023785527795553207
570276806512779264,2015-02-24 17:39:20+00:00,@USAirways  2 calls &amp; wasted 3 hrs on hold to change my coming divided awards weather reLate Flightd flight. Y'all disconnected me 2x. Please help.,@USAirways 2 calls & wasted 3 hrs on hold to change my coming divided awards weather reLate Flightd flight. Y'all disconnected me 2x. Please help.,0,US Airways,neutral,negative,0.897897481918335,0.897897481918335,0.09553992003202438,0.006562627386301756
568900016636452864,2015-02-20 22:28:28+00:00,@JetBlue ...second incident of lost baggage.  I sent you a DM.  Thoughts?,@JetBlue ...second incident of lost baggage. I sent you a DM. Thoughts?,0,Delta,negative,negative,0.6776255369186401,0.6776255369186401,0.31449055671691895,0.007883908227086067
569560386548006912,2015-02-22 18:12:32+00:00,@USAirways come scoop,@USAirways come scoop,0,US Airways,neutral,neutral,0.8371042013168335,0.04758292809128761,0.8371042013168335,0.11531279236078262
568214091229224960,2015-02-19 01:02:50+00:00,@JetBlue ANYWHERE!! http://t.co/FeFHPmFPlE,@JetBlue ANYWHERE!!,0,Delta,neutral,neutral,0.684898316860199,0.0948830246925354,0.684898316860199,0.22021859884262085
569244201021362176,2015-02-21 21:16:08+00:00,@united now been on board with no movement for 25 min...wow this experience just keeps getting worse and worse,@united now been on board with no movement for 25 min...wow this experience just keeps getting worse and worse,0,United,negative,negative,0.9486504793167114,0.9486504793167114,0.04625079408288002,0.005098727531731129
569668792265019392,2015-02-23 01:23:18+00:00,@SouthwestAir I miss mine terribly. A +1 for my 30th anniversary would be amazing. It would mean LUV is in the air. #dontmakemebeg,@SouthwestAir I miss mine terribly. A +1 for my 30th anniversary would be amazing. It would mean LUV is in the air. #dontmakemebeg,0,Southwest,positive,positive,0.7784168720245361,0.06792972981929779,0.1536533534526825,0.7784168720245361
568583737417605122,2015-02-20 01:31:41+00:00,@JetBlue safety first !! #lovejetblue,@JetBlue safety first !! #lovejetblue,0,Delta,positive,positive,0.8746753334999084,0.014792254194617271,0.11053241789340973,0.8746753334999084
570108724636831745,2015-02-24 06:31:26+00:00,@lindaSWC @united:  We don't like to hear you had a poor experience. Please share details w/our Customer Care team http://t.co/HIsc4NdMgZ.,@lindaSWC @united: We don't like to hear you had a poor experience. Please share details w/our Customer Care team,0,United,negative,negative,0.9099286794662476,0.9099286794662476,0.08355578780174255,0.006515440531075001
569881449249316864,2015-02-23 15:28:20+00:00,@united I am trying to make/change reservations and getting extremely frustrated!!! Giving up and trying another airline!!!,@united I am trying to make/change reservations and getting extremely frustrated!!! Giving up and trying another airline!!!,0,United,negative,negative,0.9332180023193359,0.9332180023193359,0.05983937904238701,0.006942716892808676
568031932719566849,2015-02-18 12:59:00+00:00,"@united cool, thanks.","@united cool, thanks.",0,United,positive,positive,0.9272680282592773,0.004012398887425661,0.06871958822011948,0.9272680282592773
570237238631669763,2015-02-24 15:02:06+00:00,@AmericanAir I am dealing with the reFlight Booking Problems agent in the Miami airport now,@AmericanAir I am dealing with the reFlight Booking Problems agent in the Miami airport now,0,American,neutral,neutral,0.5185025334358215,0.4622606039047241,0.5185025334358215,0.019236937165260315
569609163824713729,2015-02-22 21:26:22+00:00,@AmericanAir when is next lax JFK flight today,@AmericanAir when is next lax JFK flight today,0,American,neutral,neutral,0.694049060344696,0.2776247560977936,0.694049060344696,0.028326207771897316
569741756968919040,2015-02-23 06:13:14+00:00,@JetBlue last sleep in Cali... back to JFK tomorrow night.  Looking forward to an another amazing flight with you all :),@JetBlue last sleep in Cali... back to JFK tomorrow night. Looking forward to an another amazing flight with you all :),0,Delta,positive,positive,0.9871724247932434,0.0016061391215771437,0.011221489869058132,0.9871724247932434
569332399471001600,2015-02-22 03:06:36+00:00,@USAirways so far no call back,@USAirways so far no call back,0,US Airways,negative,negative,0.7735870480537415,0.7735870480537415,0.2161092311143875,0.010303659364581108
567919391515348992,2015-02-18 05:31:49+00:00,@united Where are my bags!!!  They weren't in LAX like your promised.  9 out of 10 things today were a mess today because of you.,@united Where are my bags!!! They weren't in LAX like your promised. 9 out of 10 things today were a mess today because of you.,1,United,negative,negative,0.9493991732597351,0.9493991732597351,0.044835612177848816,0.005765278823673725
567796413880397825,2015-02-17 21:23:08+00:00,@SouthwestAir no but seriously wtf? #nochill http://t.co/esd3XD5V1r,@SouthwestAir no but seriously wtf? #nochill,0,Southwest,negative,negative,0.8265237212181091,0.8265237212181091,0.16172458231449127,0.011751656420528889
568446450700558336,2015-02-19 16:26:09+00:00,"@SouthwestAir SW rocks, thanks for the reply and the follow. Rebooked earlier flight!","@SouthwestAir SW rocks, thanks for the reply and the follow. Rebooked earlier flight!",0,Southwest,positive,positive,0.9704757332801819,0.0032964590936899185,0.02622782066464424,0.9704757332801819
570255201069899776,2015-02-24 16:13:29+00:00,@AmericanAir Can't unload flight #3322 because jetway is broken.  #steps #planB? #waiting nearly an hour,@AmericanAir Can't unload flight #3322 because jetway is broken. #steps #planB? #waiting nearly an hour,0,American,negative,negative,0.9259266257286072,0.9259266257286072,0.06942528486251831,0.004648033995181322
570289080090689536,2015-02-24 18:28:06+00:00,@SouthwestAir weather bc of system outage. Hopefully everything goes smoothly now. Thank you for follow up,@SouthwestAir weather bc of system outage. Hopefully everything goes smoothly now. Thank you for follow up,0,Southwest,positive,neutral,0.5523169636726379,0.07817801088094711,0.5523169636726379,0.36950504779815674
569759459632750592,2015-02-23 07:23:35+00:00,@USAirways IS THIS RINGLING BROTHERS BARNUM AND BAILEY???  SHOULD I KEEP MY EYES PEELED FOR THE CLOWN CAR???,@USAirways IS THIS RINGLING BROTHERS BARNUM AND BAILEY??? SHOULD I KEEP MY EYES PEELED FOR THE CLOWN CAR???,0,US Airways,negative,negative,0.5757054686546326,0.5757054686546326,0.4081762135028839,0.01611836440861225
570012549631975424,2015-02-24 00:09:16+00:00,@USAirways @AmericanAir need to check candy w working flight 449 iah to phx on usairways she is the reason I always choose @Delta #rude,@USAirways @AmericanAir need to check candy w working flight 449 iah to phx on usairways she is the reason I always choose @Delta #rude,0,US Airways,negative,negative,0.7975578904151917,0.7975578904151917,0.1805024892091751,0.021939579397439957
569345829653254145,2015-02-22 03:59:58+00:00,"@SouthwestAir How to find out if my parents luggage really went to FLL on a Cancelled Flighted SW flight?  Called 1800IFlySWA, long long waits...","@SouthwestAir How to find out if my parents luggage really went to FLL on a Cancelled Flighted SW flight? Called 1800IFlySWA, long long waits...",0,Southwest,negative,negative,0.8433570861816406,0.8433570861816406,0.15028801560401917,0.006354855839163065
567773609939058688,2015-02-17 19:52:31+00:00,@united quick response offering assistance but lack of follow through - not really the service I was expecting,@united quick response offering assistance but lack of follow through - not really the service I was expecting,0,United,negative,negative,0.8973692655563354,0.8973692655563354,0.09580152481794357,0.006829182151705027
567814001212809216,2015-02-17 22:33:02+00:00,@united do you have an e-mail address I can write my account to? Might be less likely to disappear,@united do you have an e-mail address I can write my account to? Might be less likely to disappear,0,United,neutral,neutral,0.8117255568504333,0.11419741064310074,0.8117255568504333,0.07407711446285248
569922730008518656,2015-02-23 18:12:22+00:00,@SouthwestAir Awesome. Thanks! You guys rock!,@SouthwestAir Awesome. Thanks! You guys rock!,0,Southwest,positive,positive,0.988560140132904,0.0033219207543879747,0.008117912337183952,0.988560140132904
569258404742500353,2015-02-21 22:12:34+00:00,@JetBlue - trying to fly from BOS to JFK. Flight delayed. Traveling with kids. Book a hotel or are we getting out tonight?,@JetBlue - trying to fly from BOS to JFK. Flight delayed. Traveling with kids. Book a hotel or are we getting out tonight?,0,Delta,negative,negative,0.6943801045417786,0.6943801045417786,0.29751014709472656,0.0081098061054945
568802305606361089,2015-02-20 16:00:12+00:00,@SouthwestAir make this delay go away. Maybe upgrade me and Kats seats. We are headed to Columbus.,@SouthwestAir make this delay go away. Maybe upgrade me and Kats seats. We are headed to Columbus.,0,Southwest,negative,neutral,0.5158950686454773,0.40248367190361023,0.5158950686454773,0.08162127435207367
569517721764786176,2015-02-22 15:23:00+00:00,@SouthwestAir flying flight 3130 tonight at 7:20 from PBI- I have boarding position C-42. Is flight overbooked? Have funeral to attend!,@SouthwestAir flying flight 3130 tonight at 7:20 from PBI- I have boarding position C-42. Is flight overbooked? Have funeral to attend!,0,Southwest,neutral,negative,0.7514618039131165,0.7514618039131165,0.23748138546943665,0.011056817136704922
569030858759213056,2015-02-21 07:08:23+00:00,@SouthwestAir DAL is due for sleet Sun. eve-didn't see it listed for cities that can re-book?  Fly to DCA at 8:10,@SouthwestAir DAL is due for sleet Sun. eve-didn't see it listed for cities that can re-book? Fly to DCA at 8:10,0,Southwest,neutral,neutral,0.6960817575454712,0.2900557816028595,0.6960817575454712,0.013862419873476028
567719199850496000,2015-02-17 16:16:19+00:00,@SouthwestAir I'm showing flight 4720 delayed again. Would my boarding pass still be good or was my seat given away?,@SouthwestAir I'm showing flight 4720 delayed again. Would my boarding pass still be good or was my seat given away?,0,Southwest,negative,negative,0.6624661087989807,0.6624661087989807,0.32866737246513367,0.008866546675562859
567811142924656640,2015-02-17 22:21:40+00:00,@SouthwestAir I did but it only shows one flight one way. When I try to go to the home page and book roundtrip there's nothing available :(,@SouthwestAir I did but it only shows one flight one way. When I try to go to the home page and book roundtrip there's nothing available :(,0,Southwest,negative,negative,0.8034393787384033,0.8034393787384033,0.1851954460144043,0.011365164071321487
567756085583302656,2015-02-17 18:42:53+00:00,@JetBlue was just at T5 a little over a month ago. @JetBlue you guys are great thanks for everything!,@JetBlue was just at T5 a little over a month ago. @JetBlue you guys are great thanks for everything!,0,Delta,positive,positive,0.9867812991142273,0.0028401766903698444,0.010378503240644932,0.9867812991142273
569282312203997185,2015-02-21 23:47:34+00:00,@united thanks ... not sure arranged move to the earlier flight but I'm at the gate with a seat assignment.  Super nice agent at gate C4 ORD,@united thanks ... not sure arranged move to the earlier flight but I'm at the gate with a seat assignment. Super nice agent at gate C4 ORD,0,United,positive,positive,0.9423305988311768,0.005856517236679792,0.05181285738945007,0.9423305988311768
569011048843313153,2015-02-21 05:49:40+00:00,@united that would have been nice earlier  today. Too Late Flight now. I hope.,@united that would have been nice earlier today. Too Late Flight now. I hope.,0,United,negative,negative,0.7331234812736511,0.7331234812736511,0.21846331655979156,0.04841312766075134
568574614110117888,2015-02-20 00:55:26+00:00,@SouthwestAir on brd now.frustrated we go 2 #BUF not #ROC.if tld flt was gng 2b held earlier would not be a mess.cng bk unable due to overbk,@SouthwestAir on brd now.frustrated we go 2 #BUF not #ROC.if tld flt was gng 2b held earlier would not be a mess.cng bk unable due to overbk,2,Southwest,negative,negative,0.8675913214683533,0.8675913214683533,0.12466298788785934,0.007745672948658466
568894021688434690,2015-02-20 22:04:38+00:00,@JetBlue do you have direct flights to and from Bos to St Lucia or Antigua?,@JetBlue do you have direct flights to and from Bos to St Lucia or Antigua?,0,Delta,neutral,neutral,0.9288609027862549,0.024395426735281944,0.9288609027862549,0.046743620187044144
569698840149950464,2015-02-23 03:22:42+00:00,@SouthwestAir I know that not everybody on flight can be 1st time flying. But in case it is people in front deplane 1st not from the back?!?,@SouthwestAir I know that not everybody on flight can be 1st time flying. But in case it is people in front deplane 1st not from the back?!?,0,Southwest,neutral,neutral,0.626721203327179,0.3406461775302887,0.626721203327179,0.032632626593112946
569085417045143552,2015-02-21 10:45:11+00:00,@SouthwestAir There's nothing I love more than being on hold for over an hour http://t.co/LIQWoblFbT,@SouthwestAir There's nothing I love more than being on hold for over an hour,0,Southwest,negative,positive,0.7650735974311829,0.0955054759979248,0.13942091166973114,0.7650735974311829
570261289420898305,2015-02-24 16:37:40+00:00,@SouthwestAir and thx for not responding,@SouthwestAir and thx for not responding,0,Southwest,negative,negative,0.7991618514060974,0.7991618514060974,0.18548980355262756,0.015348326414823532
569125454684278785,2015-02-21 13:24:16+00:00,@JetBlue going to San Juan!,@JetBlue going to San Juan!,0,Delta,neutral,neutral,0.7982457876205444,0.011425884440541267,0.7982457876205444,0.19032834470272064
569815545077501952,2015-02-23 11:06:27+00:00,@AmericanAir Your rubbish at Social Media! In the air two hours Late Flight but that's better than being Cancelled Flightled!,@AmericanAir Your rubbish at Social Media! In the air two hours Late Flight but that's better than being Cancelled Flightled!,0,American,negative,negative,0.9378565549850464,0.9378565549850464,0.05559117719531059,0.00655231811106205
569641343254970368,2015-02-22 23:34:14+00:00,@USAirways can you please help me find my luggage since you're the one who lost it? Your customer service SUCKS.,@USAirways can you please help me find my luggage since you're the one who lost it? Your customer service SUCKS.,0,US Airways,negative,negative,0.9584945440292358,0.9584945440292358,0.03669164329767227,0.004813880193978548
569648534569361408,2015-02-23 00:02:48+00:00,@USAirways @AmericanAir 2hrs Late Flightr finally taking off😂😂😂,@USAirways @AmericanAir 2hrs Late Flightr finally taking off😂😂😂,0,US Airways,negative,negative,0.5919973850250244,0.5919973850250244,0.3639427125453949,0.04405985772609711
569612035585155073,2015-02-22 21:37:46+00:00,@AmericanAir leave our luggage in the baggage claim without any previous information! That's not the deal!! http://t.co/oTTy5rYMzD,@AmericanAir leave our luggage in the baggage claim without any previous information! That's not the deal!!,0,American,negative,negative,0.9031056761741638,0.9031056761741638,0.09016405045986176,0.006730241701006889
568493225788510209,2015-02-19 19:32:01+00:00,@united 777 from SFO to HNL with ZERO entertainment systems???!!!#youareonyourown,@united 777 from SFO to HNL with ZERO entertainment systems???!!!#youareonyourown,0,United,negative,negative,0.9296004176139832,0.9296004176139832,0.06367143243551254,0.006728138774633408
570042096242917377,2015-02-24 02:06:41+00:00,"@AmericanAir SO BAD service in Miami, AirPort..","@AmericanAir SO BAD service in Miami, AirPort..",0,American,negative,negative,0.95098477602005,0.95098477602005,0.04306992143392563,0.005945425946265459
570287651137445888,2015-02-24 18:22:26+00:00,@SouthwestAir  got my bags 35 hours Late Flightr and an offer of $50 to go pick them up. Taxi costs $65 one way. Spent $200 for the inconvenience.,@SouthwestAir got my bags 35 hours Late Flightr and an offer of $50 to go pick them up. Taxi costs $65 one way. Spent $200 for the inconvenience.,0,Southwest,negative,negative,0.8242865800857544,0.8242865800857544,0.1653066873550415,0.01040668971836567
570264481772777472,2015-02-24 16:50:22+00:00,"@SouthwestAir your website has now reverted my 1st flight to only a 5-minute delay. But it's changed, so is that reliable information?","@SouthwestAir your website has now reverted my 1st flight to only a 5-minute delay. But it's changed, so is that reliable information?",0,Southwest,negative,negative,0.6162944436073303,0.6162944436073303,0.37132999300956726,0.012375573627650738
569608733321498627,2015-02-22 21:24:39+00:00,"@AmericanAir appreciate update. Have also appreciated our pilots effort to explain to us just now. Accurate, authoritative comms is vital.","@AmericanAir appreciate update. Have also appreciated our pilots effort to explain to us just now. Accurate, authoritative comms is vital.",0,American,positive,positive,0.9251836538314819,0.010991737246513367,0.0638245940208435,0.9251836538314819
568554542897307648,2015-02-19 23:35:40+00:00,@JetBlue Same exact flight too. Love JetBlue. Really want to fly with ya'll. But that's a little pricey for basic (not Mint). BOS to SFO.,@JetBlue Same exact flight too. Love JetBlue. Really want to fly with ya'll. But that's a little pricey for basic (not Mint). BOS to SFO.,0,Delta,positive,positive,0.8458610773086548,0.03061182238161564,0.12352710962295532,0.8458610773086548
568804026789138433,2015-02-20 16:07:02+00:00,@united good fly!! #United #businessFirst,@united good fly!! #United #businessFirst,0,United,positive,positive,0.97880619764328,0.002636177698150277,0.01855766586959362,0.97880619764328
568173585484771328,2015-02-18 22:21:53+00:00,"@SouthwestAir alas, it was pretty full so we had to entertain ourselves with witty repartee ...","@SouthwestAir alas, it was pretty full so we had to entertain ourselves with witty repartee ...",0,Southwest,negative,neutral,0.45132309198379517,0.16272428631782532,0.45132309198379517,0.3859526216983795
569531924219191296,2015-02-22 16:19:26+00:00,"@JetBlue it's been 3 hours, why have you not sent the plane from the hangar for flight 1533 at JFK? This is absolutely ridiculous.","@JetBlue it's been 3 hours, why have you not sent the plane from the hangar for flight 1533 at JFK? This is absolutely ridiculous.",0,Delta,negative,negative,0.9278392791748047,0.9278392791748047,0.06636614352464676,0.005794599652290344
569435866902302720,2015-02-22 09:57:44+00:00,@JetBlue thanks for getting us to NYC -JFK really safely. :-) But srsly? How long does it take to get our checked bags? #eternity #5amMisery,@JetBlue thanks for getting us to NYC -JFK really safely. :-) But srsly? How long does it take to get our checked bags? #eternity #5amMisery,0,Delta,positive,positive,0.6279977560043335,0.07231144607067108,0.29969078302383423,0.6279977560043335
568571772251082752,2015-02-20 00:44:08+00:00,"@VirginAmerica @VirginAtlantic @GMA @AmericanAir 
Can You Help #ourprincess in need of some help in #USA 
🎀🇬🇧🎀🇺🇸🎀 http://t.co/778AzTDaer",@VirginAmerica @VirginAtlantic @GMA @AmericanAir Can You Help #ourprincess in need of some help in #USA 🎀🇬🇧🎀🇺🇸🎀,1,Virgin America,neutral,positive,0.6028348207473755,0.010538922622799873,0.3866262137889862,0.6028348207473755
569855106583281664,2015-02-23 13:43:39+00:00,@SouthwestAir almost at the gate for 1156 to SF. Please wait 60 more seconds.,@SouthwestAir almost at the gate for 1156 to SF. Please wait 60 more seconds.,0,Southwest,negative,negative,0.552832841873169,0.552832841873169,0.40613287687301636,0.04103425145149231
569361701495304192,2015-02-22 05:03:02+00:00,@united just called and did it. Should have earlier because I'm being sent to DCA first and THEN to pvd. We may rent a car instead.,@united just called and did it. Should have earlier because I'm being sent to DCA first and THEN to pvd. We may rent a car instead.,0,United,neutral,neutral,0.7608270049095154,0.17991556227207184,0.7608270049095154,0.05925736576318741
569923809634947072,2015-02-23 18:16:39+00:00,"@united Hi, Im flying SFO-LAX-SAL-CLO. My connecting time in LAX is 1h45m. Is it enough time? Do I have to collect my bag and recheck on AV?","@united Hi, Im flying SFO-LAX-SAL-CLO. My connecting time in LAX is 1h45m. Is it enough time? Do I have to collect my bag and recheck on AV?",0,United,neutral,neutral,0.9170456528663635,0.042213089764118195,0.9170456528663635,0.04074133560061455
568144894964994048,2015-02-18 20:27:53+00:00,"@united I did not, my mind was on getting to the next flight.","@united I did not, my mind was on getting to the next flight.",0,United,negative,neutral,0.7589787244796753,0.16318275034427643,0.7589787244796753,0.07783854007720947
567830991491997696,2015-02-17 23:40:32+00:00,"@USAirways so i ask for ice and the attendant snaps ""i dont have ice on this cart"" not 5 min Late Flightr 2 cups of ice to the people 2 rows ahead.","@USAirways so i ask for ice and the attendant snaps ""i dont have ice on this cart"" not 5 min Late Flightr 2 cups of ice to the people 2 rows ahead.",0,US Airways,negative,negative,0.7934642434120178,0.7934642434120178,0.1958019882440567,0.010733804665505886
568903082765000704,2015-02-20 22:40:39+00:00,"@united OK, thanks for the clarification.","@united OK, thanks for the clarification.",0,United,neutral,positive,0.5536384582519531,0.019879179075360298,0.42648231983184814,0.5536384582519531
568170564289867776,2015-02-18 22:09:53+00:00,@united 4 different departure / arrival updates for UA304??? In 1hr. Please!,@united 4 different departure / arrival updates for UA304??? In 1hr. Please!,0,United,negative,negative,0.790425717830658,0.790425717830658,0.19611184298992157,0.01346247922629118
568609999200477185,2015-02-20 03:16:02+00:00,@USAirways - BOS -&gt; DCA delayed again. This needs to stop. I will be filing complaints with the FAA and Consumer Affairs,@USAirways - BOS -&gt; DCA delayed again. This needs to stop. I will be filing complaints with the FAA and Consumer Affairs,0,US Airways,negative,negative,0.9206669330596924,0.9206669330596924,0.07250095158815384,0.006832067389041185
569932363641298944,2015-02-23 18:50:38+00:00,@AmericanAir why have I been on hold for almost 3 hours? This is ridiculous,@AmericanAir why have I been on hold for almost 3 hours? This is ridiculous,0,American,negative,negative,0.9393208026885986,0.9393208026885986,0.0532773993909359,0.007401824463158846
569524310186061824,2015-02-22 15:49:11+00:00,@JetBlue seriously? System down? No IT?,@JetBlue seriously? System down? No IT?,0,Delta,negative,negative,0.9110921025276184,0.9110921025276184,0.08352648466825485,0.005381423979997635
568020431036420096,2015-02-18 12:13:18+00:00,@united that's funny because I emailed @VirginAtlantic once and they found it hadn't left LHR. In the mean time stuck with no bag in NYC!!!,@united that's funny because I emailed @VirginAtlantic once and they found it hadn't left LHR. In the mean time stuck with no bag in NYC!!!,0,United,negative,negative,0.5789384245872498,0.5789384245872498,0.32582181692123413,0.09523981064558029
568579873926746112,2015-02-20 01:16:20+00:00,@SouthwestAir Your crew on 4028 tonight was outstanding. God bless them and the medically trained passengers on board.,@SouthwestAir Your crew on 4028 tonight was outstanding. God bless them and the medically trained passengers on board.,0,Southwest,positive,positive,0.9827247262001038,0.004316582810133696,0.012958724051713943,0.9827247262001038
569667675603009537,2015-02-23 01:18:52+00:00,@AmericanAir The wine served in USAirways flights are watered down somehow right out of the bottles.,@AmericanAir The wine served in USAirways flights are watered down somehow right out of the bottles.,0,American,negative,negative,0.8056254386901855,0.8056254386901855,0.18124793469905853,0.013126568868756294
569891469210755074,2015-02-23 16:08:08+00:00,@VirginAmerica check out new music http://t.co/maRcnOCWzn,@VirginAmerica check out new music,0,Virgin America,neutral,neutral,0.8172590136528015,0.029613438993692398,0.8172590136528015,0.153127521276474
568061931761864704,2015-02-18 14:58:13+00:00,@united Can I add miles from my January Air China flight to my MileagePlus account?,@united Can I add miles from my January Air China flight to my MileagePlus account?,0,United,neutral,neutral,0.9297649264335632,0.01964610256254673,0.9297649264335632,0.05058896541595459
569940462678749186,2015-02-23 19:22:49+00:00,"@USAirways what's the deal with flight 5268 from DCA to PHL? We boarded on time, left the gate a few mins Late Flight and are now sat on Tarmac?","@USAirways what's the deal with flight 5268 from DCA to PHL? We boarded on time, left the gate a few mins Late Flight and are now sat on Tarmac?",0,US Airways,negative,negative,0.7120968699455261,0.7120968699455261,0.2770899534225464,0.010813175700604916
569172065724428288,2015-02-21 16:29:29+00:00,"@united customer service: 16hr delay coupon can only be redeemed on website which has $200 higher prices than Expedia, call wait time 55mins","@united customer service: 16hr delay coupon can only be redeemed on website which has $200 higher prices than Expedia, call wait time 55mins",1,United,negative,negative,0.8771971464157104,0.8771971464157104,0.11452716588973999,0.008275668136775494
570270651996463104,2015-02-24 17:14:53+00:00,@AmericanAir Flight 35. I'm on my way.,@AmericanAir Flight 35. I'm on my way.,0,American,neutral,neutral,0.7552360892295837,0.018857847899198532,0.7552360892295837,0.225906103849411
569925645204987904,2015-02-23 18:23:57+00:00,"@SouthwestAir Thanks, Lindsey. Any idea when I'll get there?! Stuck in Denver and told to ""listen to the intercom better"".","@SouthwestAir Thanks, Lindsey. Any idea when I'll get there?! Stuck in Denver and told to ""listen to the intercom better"".",0,Southwest,neutral,neutral,0.6543680429458618,0.18577133119106293,0.6543680429458618,0.15986062586307526
569207022597509120,2015-02-21 18:48:24+00:00,"@SouthwestAir I'm upset because we were lied to. Was told ice on runway, but EVERY other carrier was able to fly. Airport confirmed no ice!","@SouthwestAir I'm upset because we were lied to. Was told ice on runway, but EVERY other carrier was able to fly. Airport confirmed no ice!",0,Southwest,negative,negative,0.884931206703186,0.884931206703186,0.10494258254766464,0.010126186534762383
567841828411551744,2015-02-18 00:23:36+00:00,"@jetblue #philly lost and read program - Our customers get hot tea, great crewmembers, top notch info &amp; now #BOOKS! http://t.co/9rAGncw2Bk","@jetblue #philly lost and read program - Our customers get hot tea, great crewmembers, top notch info & now #BOOKS!",1,Delta,positive,positive,0.9523753523826599,0.004940495360642672,0.04268413037061691,0.9523753523826599
569487317917958144,2015-02-22 13:22:11+00:00,@USAirways Ten hrs Late Flightr and still here on Army cots @ airport waiting for 11am flight. #poorlyhandled #usairheads http://t.co/18fMr06mn6,@USAirways Ten hrs Late Flightr and still here on Army cots @ airport waiting for 11am flight. #poorlyhandled #usairheads,0,US Airways,negative,negative,0.9214852452278137,0.9214852452278137,0.07253861427307129,0.005976191721856594
568523834980057088,2015-02-19 21:33:39+00:00,@JetBlue should I check in my awesome bag on my flight or carry it on... Decisions...,@JetBlue should I check in my awesome bag on my flight or carry it on... Decisions...,0,Delta,neutral,neutral,0.7198042869567871,0.0341210812330246,0.7198042869567871,0.24607452750205994
570283248301043712,2015-02-24 18:04:56+00:00,@SouthwestAir went to purchase a flight that I began processing not even 4 minutes earlier and the points had gone up - any help?,@SouthwestAir went to purchase a flight that I began processing not even 4 minutes earlier and the points had gone up - any help?,0,Southwest,negative,negative,0.6215534806251526,0.6215534806251526,0.3587563931941986,0.01969013549387455
570241830757007360,2015-02-24 15:20:21+00:00,"@united I received 1 bag last night, I am still missing the other one.","@united I received 1 bag last night, I am still missing the other one.",0,United,negative,negative,0.6457483172416687,0.6457483172416687,0.3404020071029663,0.013849727809429169
569243017552375809,2015-02-21 21:11:26+00:00,@JetBlue as a customer it feels like i should stick to airlines other than jet blue. I travel for my work for past 5 years never seen $70,@JetBlue as a customer it feels like i should stick to airlines other than jet blue. I travel for my work for past 5 years never seen $70,0,Delta,negative,negative,0.6611049771308899,0.6611049771308899,0.3036620616912842,0.03523295000195503
569837685428359168,2015-02-23 12:34:25+00:00,@AmericanAir. All I get is an automated system that hangs up on me. I finally get a message that some will call me back in 2 hours.,@AmericanAir. All I get is an automated system that hangs up on me. I finally get a message that some will call me back in 2 hours.,0,American,negative,negative,0.9257116317749023,0.9257116317749023,0.0686398446559906,0.005648603197187185
569591765793165312,2015-02-22 20:17:14+00:00,@AmericanAir I understand the weather issue but you can't expect passengers to wait 24 hours inside airports for whatever reason. Outrageous,@AmericanAir I understand the weather issue but you can't expect passengers to wait 24 hours inside airports for whatever reason. Outrageous,0,American,negative,negative,0.9151498079299927,0.9151498079299927,0.0790579542517662,0.0057922531850636005
570085487261700096,2015-02-24 04:59:06+00:00,@USAirways  I've never been treated this badly,@USAirways I've never been treated this badly,0,US Airways,negative,negative,0.9283345937728882,0.9283345937728882,0.0637739822268486,0.007891358807682991
569280157678071808,2015-02-21 23:39:00+00:00,"@united yes, after landing at 930pm last night. Spoke to 10 baggage claim customer service reps. Finally spoke to one amazing ticket agent.","@united yes, after landing at 930pm last night. Spoke to 10 baggage claim customer service reps. Finally spoke to one amazing ticket agent.",0,United,negative,positive,0.9332621097564697,0.006402067374438047,0.06033574417233467,0.9332621097564697
568657247896788992,2015-02-20 06:23:47+00:00,@united U kept passengers waiting all night 4 a plane that was being put out of service.  Leaving everyone stranded for night. #inexcusable,@united U kept passengers waiting all night 4 a plane that was being put out of service. Leaving everyone stranded for night. #inexcusable,0,United,negative,negative,0.9373853206634521,0.9373853206634521,0.05805214121937752,0.004562594927847385
569541336224927744,2015-02-22 16:56:50+00:00,@JetBlue thanks for making my vacation not worth it again... Currently waiting on the runway for another hour to DEPLANE,@JetBlue thanks for making my vacation not worth it again... Currently waiting on the runway for another hour to DEPLANE,0,Delta,negative,negative,0.9447426199913025,0.9447426199913025,0.04927893355488777,0.0059784697368741035
569261063406882816,2015-02-21 22:23:08+00:00,@united u guys did it again changed ages and double booked seats so I had to I've even though I have platinum and the other person none,@united u guys did it again changed ages and double booked seats so I had to I've even though I have platinum and the other person none,0,United,negative,negative,0.5390526652336121,0.5390526652336121,0.4278574287891388,0.03308987617492676
569604330229092352,2015-02-22 21:07:09+00:00,@AmericanAir ask the 10 people you left behind at Miami airport because you guys could not wait 5 minutes and ... http://t.co/XPM98Igqjn,@AmericanAir ask the 10 people you left behind at Miami airport because you guys could not wait 5 minutes and ...,0,American,negative,negative,0.9082875847816467,0.9082875847816467,0.08679705113172531,0.0049154567532241344
568457722909368320,2015-02-19 17:10:57+00:00,@USAirways that's where we are now. Thank you.,@USAirways that's where we are now. Thank you.,0,US Airways,positive,positive,0.759175181388855,0.006769730243831873,0.23405508697032928,0.759175181388855
569615410720432128,2015-02-22 21:51:11+00:00,"@americanair hi, you Cancelled Flightled our flight back to the US and now won't take our call. What are we supposed to do?","@americanair hi, you Cancelled Flightled our flight back to the US and now won't take our call. What are we supposed to do?",0,American,negative,negative,0.8889650106430054,0.8889650106430054,0.10659738630056381,0.004437593277543783
569607909501472769,2015-02-22 21:21:23+00:00,@JetBlue where is it coming from? I thought Tampa?,@JetBlue where is it coming from? I thought Tampa?,0,Delta,negative,neutral,0.9145906567573547,0.06639260798692703,0.9145906567573547,0.01901676133275032
567769620648828929,2015-02-17 19:36:40+00:00,@SouthwestAir thank you for the response. How can I got about getting the points onto my rewards account?,@SouthwestAir thank you for the response. How can I got about getting the points onto my rewards account?,0,Southwest,neutral,positive,0.693159282207489,0.00712789548560977,0.29971280694007874,0.693159282207489
568916446710857728,2015-02-20 23:33:45+00:00,@united free booze for the Bach party would make it better!  ORD--&gt;MSY #Delayed #Again   We will enjoy either way.  Thanks!,@united free booze for the Bach party would make it better! ORD--&gt;MSY #Delayed #Again We will enjoy either way. Thanks!,0,United,positive,positive,0.9537708163261414,0.005850465968251228,0.04037872701883316,0.9537708163261414
568793432900177920,2015-02-20 15:24:56+00:00,@united WTH be honest with your customers.  This better be the last change or we are driving home.  Has our plane left or not!,@united WTH be honest with your customers. This better be the last change or we are driving home. Has our plane left or not!,0,United,negative,negative,0.7791466116905212,0.7791466116905212,0.2042151242494583,0.01663827709853649
569684963777503232,2015-02-23 02:27:34+00:00,@united I didn't have time to take my wet clothes/suit back to the airport and wasn't going to pay for another cab to do so.,@united I didn't have time to take my wet clothes/suit back to the airport and wasn't going to pay for another cab to do so.,0,United,negative,negative,0.858776867389679,0.858776867389679,0.13226118683815002,0.008961901068687439
569967305859293184,2015-02-23 21:09:29+00:00,@united #UnitedAirlines Pls Fix #AspenBaggageFail issues. Had to pay my own way to #Aspen after flight Cancelled Flight. Left us in the cold in DEN.,@united #UnitedAirlines Pls Fix #AspenBaggageFail issues. Had to pay my own way to #Aspen after flight Cancelled Flight. Left us in the cold in DEN.,0,United,negative,negative,0.9159190058708191,0.9159190058708191,0.07892286032438278,0.005158208776265383
568090000199270400,2015-02-18 16:49:45+00:00,@united of course but they were just as helpless as everyone else .,@united of course but they were just as helpless as everyone else .,0,United,negative,negative,0.8728806972503662,0.8728806972503662,0.1196042150259018,0.007515130564570427
568764059732058112,2015-02-20 13:28:13+00:00,"@USAirways you told us last night that there was a ground stop at O'Hare FOUR HOURS AFTER Obama landed, stop blaming someone else","@USAirways you told us last night that there was a ground stop at O'Hare FOUR HOURS AFTER Obama landed, stop blaming someone else",0,US Airways,negative,negative,0.7781431674957275,0.7781431674957275,0.20974576473236084,0.012111079879105091
569539560910282752,2015-02-22 16:49:47+00:00,@USAirways No one answers your reservation phone line. I need to book travel with a  companion certificate. How do I get through?!!!,@USAirways No one answers your reservation phone line. I need to book travel with a companion certificate. How do I get through?!!!,0,US Airways,negative,negative,0.8940656185150146,0.8940656185150146,0.09993883222341537,0.005995618179440498
568844078730727424,2015-02-20 18:46:11+00:00,"@united I log in, view reservations, try view specific reservation &amp; takes me back to login page,","@united I log in, view reservations, try view specific reservation & takes me back to login page,",0,United,negative,neutral,0.6126255989074707,0.36731502413749695,0.6126255989074707,0.020059384405612946
567794017593991169,2015-02-17 21:13:37+00:00,@united All these changes. Way to stick it to your Premiere 1K loyal customers. Why make things harder for those that loyal to you?,@united All these changes. Way to stick it to your Premiere 1K loyal customers. Why make things harder for those that loyal to you?,1,United,negative,negative,0.8909321427345276,0.8909321427345276,0.1008511334657669,0.008216695860028267
569697267856187392,2015-02-23 03:16:27+00:00,"@USAirways after 2 hrs of trying to reach real human, finally did and been on hold for 1:36 hrs for out of synch reservation.","@USAirways after 2 hrs of trying to reach real human, finally did and been on hold for 1:36 hrs for out of synch reservation.",0,US Airways,negative,negative,0.844038724899292,0.844038724899292,0.14534322917461395,0.010618072003126144
569670147893383168,2015-02-23 01:28:41+00:00,"@AmericanAir Been trying to call all day, get hung up on every time. Your guys are horrible!","@AmericanAir Been trying to call all day, get hung up on every time. Your guys are horrible!",0,American,negative,negative,0.9545459747314453,0.9545459747314453,0.0394284650683403,0.006025598384439945
567845500205936640,2015-02-18 00:38:11+00:00,"@united On top of this, a CSR went ahead and hung up on me after I called United to discuss this.","@united On top of this, a CSR went ahead and hung up on me after I called United to discuss this.",0,United,negative,negative,0.8976995348930359,0.8976995348930359,0.09704041481018066,0.005260035395622253
567739785406873601,2015-02-17 17:38:07+00:00,@SouthwestAir Karen with customer service was very helpful. Thank you for providing one bright spot in a frustrating situation.,@SouthwestAir Karen with customer service was very helpful. Thank you for providing one bright spot in a frustrating situation.,0,Southwest,positive,positive,0.9338951110839844,0.01454008836299181,0.05156479403376579,0.9338951110839844
568541544506114048,2015-02-19 22:44:01+00:00,@united your airline is a joke. 1 person working special services at EWR?!? Line is 15 ppl deep. GROW UP!,@united your airline is a joke. 1 person working special services at EWR?!? Line is 15 ppl deep. GROW UP!,0,United,negative,negative,0.9415683746337891,0.9415683746337891,0.05237516015768051,0.006056416779756546
570194141612789760,2015-02-24 12:10:51+00:00,"@AmericanAir travel week, delays, Cancelled Flightlations, ""if you want to learn more about the merger press 1"", delay my connector in Chicago #deice","@AmericanAir travel week, delays, Cancelled Flightlations, ""if you want to learn more about the merger press 1"", delay my connector in Chicago #deice",0,American,neutral,negative,0.8732443451881409,0.8732443451881409,0.11996868252754211,0.006786948535591364
569941617697644544,2015-02-23 19:27:25+00:00,"@united On a standby to Denver, which has been delayed, and a confirmed to Aspen, whose flights have been Cancelled Flighted all day. 0 confidence.","@united On a standby to Denver, which has been delayed, and a confirmed to Aspen, whose flights have been Cancelled Flighted all day. 0 confidence.",0,United,negative,negative,0.9298497438430786,0.9298497438430786,0.06563568860292435,0.004514583386480808
570205399619661824,2015-02-24 12:55:35+00:00,@SouthwestAir can anyone help me upgrade to buisness select !? Cant seem to get hail of the right area at all .. I know you guys are good,@SouthwestAir can anyone help me upgrade to buisness select !? Cant seem to get hail of the right area at all .. I know you guys are good,0,Southwest,positive,negative,0.6518985629081726,0.6518985629081726,0.2979848086833954,0.050116654485464096
570033764044304385,2015-02-24 01:33:34+00:00,"@AmericanAir @maryella_green despite the inconvenience, the situation was handled quickly and we appreciate it very much!","@AmericanAir @maryella_green despite the inconvenience, the situation was handled quickly and we appreciate it very much!",0,American,positive,positive,0.9318275451660156,0.010249897837638855,0.05792248994112015,0.9318275451660156
568981498046623744,2015-02-21 03:52:14+00:00,@SouthwestAir Do you still offer discounts on seats for children under 2? We would rather put him in a seat than in a lap!,@SouthwestAir Do you still offer discounts on seats for children under 2? We would rather put him in a seat than in a lap!,0,Southwest,neutral,neutral,0.6283391714096069,0.26606816053390503,0.6283391714096069,0.10559270530939102
568133754142793728,2015-02-18 19:43:37+00:00,"@USAirways nope, done. Was supposed to get home at 9pm and didn't get home until midnight. #NeverAgain","@USAirways nope, done. Was supposed to get home at 9pm and didn't get home until midnight. #NeverAgain",0,US Airways,negative,negative,0.9129003882408142,0.9129003882408142,0.08041071146726608,0.006688890978693962
568475039680434176,2015-02-19 18:19:45+00:00,@united I'm a minor and freaking out bc I might not make my connecting flight to Hawaii so yes I'm frustrated,@united I'm a minor and freaking out bc I might not make my connecting flight to Hawaii so yes I'm frustrated,0,United,negative,negative,0.8833510279655457,0.8833510279655457,0.10798777639865875,0.008661225438117981
569323082701275138,2015-02-22 02:29:35+00:00,@VirginAmerica too bad you say it takes 10 to 14 days via YOUR confirmation email. When I inquired after 3 weeks you claim 6 to 8 weeks!,@VirginAmerica too bad you say it takes 10 to 14 days via YOUR confirmation email. When I inquired after 3 weeks you claim 6 to 8 weeks!,0,Virgin America,negative,negative,0.897065281867981,0.897065281867981,0.09612414985895157,0.006810637190937996
567843889748418560,2015-02-18 00:31:48+00:00,@JetBlue the TV. Wifi was spotty. It's just a nice feature for a X country flight. Still won't keep us away #lovejetblue,@JetBlue the TV. Wifi was spotty. It's just a nice feature for a X country flight. Still won't keep us away #lovejetblue,0,Delta,negative,positive,0.35250401496887207,0.2987322211265564,0.34876376390457153,0.35250401496887207
569948646717812736,2015-02-23 19:55:21+00:00,@AmericanAir Let's all have a extraordinary week and make it a year to remember #GoingForGreat 2015 thanks so much American Airlines!!!,@AmericanAir Let's all have a extraordinary week and make it a year to remember #GoingForGreat 2015 thanks so much American Airlines!!!,0,American,positive,positive,0.9887294173240662,0.0028609968721866608,0.008409511297941208,0.9887294173240662
568979198007595008,2015-02-21 03:43:06+00:00,@united the wait time for a baggage question is 60 minutes that's crazy is there a limit to the amount of bags I can bring internationally,@united the wait time for a baggage question is 60 minutes that's crazy is there a limit to the amount of bags I can bring internationally,0,United,negative,negative,0.8102414011955261,0.8102414011955261,0.17460443079471588,0.015154233202338219
569701377779183616,2015-02-23 03:32:47+00:00,@united I was sincerely thanking the pilot of flight 4461 of braving the snow and getting me home amongst many other Cancelled Flightlations.,@united I was sincerely thanking the pilot of flight 4461 of braving the snow and getting me home amongst many other Cancelled Flightlations.,0,United,positive,positive,0.7448537349700928,0.04363076761364937,0.21151554584503174,0.7448537349700928
568847199460835328,2015-02-20 18:58:35+00:00,@united actually we aren't. Still parked here.,@united actually we aren't. Still parked here.,1,United,negative,negative,0.6532605290412903,0.6532605290412903,0.33305925130844116,0.013680162839591503
568116146899169280,2015-02-18 18:33:39+00:00,@united annnnddddd I'm going to lose my first class seat on the flight they shuffle me to,@united annnnddddd I'm going to lose my first class seat on the flight they shuffle me to,0,United,negative,negative,0.9058816432952881,0.9058816432952881,0.08748344331979752,0.006634872872382402
569991295776595968,2015-02-23 22:44:49+00:00,@USAirways I am good. I just did not understand the terminology.  but the merger brings new verbiage,@USAirways I am good. I just did not understand the terminology. but the merger brings new verbiage,0,US Airways,neutral,neutral,0.4606861472129822,0.09919393062591553,0.4606861472129822,0.4401198923587799
569838593423708160,2015-02-23 12:38:02+00:00,@united any chance flight 3745 is being delayed??  nervous about driving to DFW in this weather to drop off my brother,@united any chance flight 3745 is being delayed?? nervous about driving to DFW in this weather to drop off my brother,0,United,neutral,negative,0.8453674912452698,0.8453674912452698,0.1473403424024582,0.007292110938578844
568834799592448000,2015-02-20 18:09:19+00:00,@united workin on it. Waiting on him to reply.,@united workin on it. Waiting on him to reply.,0,United,neutral,neutral,0.6800804734230042,0.009325556457042694,0.6800804734230042,0.31059399247169495
570247748286435328,2015-02-24 15:43:52+00:00,@AmericanAir How are you going to compensate all of whose days/plans have been ruined because of the AA3490 delay/pending Cancelled Flightlation?,@AmericanAir How are you going to compensate all of whose days/plans have been ruined because of the AA3490 delay/pending Cancelled Flightlation?,0,American,negative,negative,0.9151953458786011,0.9151953458786011,0.07964970171451569,0.0051549398340284824
569630160233873411,2015-02-22 22:49:48+00:00,@JetBlue Think about it...boarding to a chill untz untz untz....like this http://t.co/lj2lARivE0...,@JetBlue Think about it...boarding to a chill untz untz untz....like this,0,Delta,neutral,neutral,0.784858763217926,0.17189307510852814,0.784858763217926,0.04324818029999733
569923163259318274,2015-02-23 18:14:05+00:00,"@USAirways Aye, and nothing to do with an automated system which doesn't work properly. Anyway, got through to somebody...","@USAirways Aye, and nothing to do with an automated system which doesn't work properly. Anyway, got through to somebody...",0,US Airways,negative,negative,0.7647530436515808,0.7647530436515808,0.20894074440002441,0.02630618028342724
569769624780165120,2015-02-23 08:03:59+00:00,@united on plane to Newark now. I was checked in as Rebecca Levi. My bag is under her name too.,@united on plane to Newark now. I was checked in as Rebecca Levi. My bag is under her name too.,0,United,negative,neutral,0.9089205861091614,0.009021500125527382,0.9089205861091614,0.0820579007267952
569700953164615681,2015-02-23 03:31:06+00:00,@AmericanAir why are you still selling tickets when you haven't rebooked people to arrive at their destinations on time?,@AmericanAir why are you still selling tickets when you haven't rebooked people to arrive at their destinations on time?,0,American,negative,negative,0.8514767289161682,0.8514767289161682,0.14146962761878967,0.007053586188703775
569918035097731072,2015-02-23 17:53:42+00:00,@USAirways it was customer service like I have never seen before!  Kudos to your organization.,@USAirways it was customer service like I have never seen before! Kudos to your organization.,0,US Airways,positive,positive,0.9779038429260254,0.007245510350912809,0.01485056895762682,0.9779038429260254
569657725304610816,2015-02-23 00:39:20+00:00,@JetBlue 4 hr delay on flight to JFK via Tampa &amp; worst customer service in San Juan airport. This after app not working all day.,@JetBlue 4 hr delay on flight to JFK via Tampa & worst customer service in San Juan airport. This after app not working all day.,0,Delta,negative,negative,0.940934956073761,0.940934956073761,0.054079774767160416,0.00498536229133606
569982742198251520,2015-02-23 22:10:50+00:00,@USAirways I have never had a more unpleasant travel experience in my life. Now I might not get on my flight till tomorrow? This is insane,@USAirways I have never had a more unpleasant travel experience in my life. Now I might not get on my flight till tomorrow? This is insane,1,US Airways,negative,negative,0.9481569528579712,0.9481569528579712,0.046024952083826065,0.005818108096718788
568977430439817216,2015-02-21 03:36:05+00:00,@JetBlue: DCA to Nantucket - Washington Business Journal http://t.co/ebxC94kFJD,@JetBlue: DCA to Nantucket - Washington Business Journal,0,Delta,neutral,neutral,0.9460225701332092,0.009978081099689007,0.9460225701332092,0.04399934411048889
569593045777321985,2015-02-22 20:22:19+00:00,@AmericanAir @travisamex It's not the weather. It's also gross incompetence. Understaffing. Crew forgetting to load bags. Don't duck truth.,@AmericanAir @travisamex It's not the weather. It's also gross incompetence. Understaffing. Crew forgetting to load bags. Don't duck truth.,0,American,negative,negative,0.9271902441978455,0.9271902441978455,0.06759430468082428,0.0052154394797980785
568112842261594112,2015-02-18 18:20:31+00:00,@SouthwestAir :arrived in San Juan early. Thanks for a great flight. LUV u!,@SouthwestAir :arrived in San Juan early. Thanks for a great flight. LUV u!,0,Southwest,positive,positive,0.9870327711105347,0.0031595034524798393,0.00980769470334053,0.9870327711105347
569621852718411776,2015-02-22 22:16:47+00:00,@AmericanAir understand waiting 2+ hours for callback on the exec plat line but when call dropped the agent could at least try again,@AmericanAir understand waiting 2+ hours for callback on the exec plat line but when call dropped the agent could at least try again,0,American,negative,negative,0.7776926755905151,0.7776926755905151,0.20946088433265686,0.012846401892602444
569631824101683200,2015-02-22 22:56:24+00:00,"@AmericanAir Where are your tickets offices in Boston? Impossible to book by phone or use vouchers on website, what a headache. PLEASE HELP!","@AmericanAir Where are your tickets offices in Boston? Impossible to book by phone or use vouchers on website, what a headache. PLEASE HELP!",0,American,negative,negative,0.926832377910614,0.926832377910614,0.06590918451547623,0.007258436176925898
570271209822294016,2015-02-24 17:17:06+00:00,@USAirways so I can make a reservation,@USAirways so I can make a reservation,0,US Airways,neutral,neutral,0.8269556760787964,0.04423126205801964,0.8269556760787964,0.12881310284137726
567777100112101376,2015-02-17 20:06:24+00:00,@USAirways right on. Up. Up &amp; away ✈️🌞,@USAirways right on. Up. Up & away ✈️🌞,0,US Airways,positive,positive,0.6223661303520203,0.017392728477716446,0.360241174697876,0.6223661303520203
569125033509048320,2015-02-21 13:22:36+00:00,@united on flight 1665 but it's not departing! Website says delayed due to operational difficulties-what does that mean?,@united on flight 1665 but it's not departing! Website says delayed due to operational difficulties-what does that mean?,0,United,negative,negative,0.7960343360900879,0.7960343360900879,0.19579459726810455,0.008171124383807182
569367755670966272,2015-02-22 05:27:05+00:00,@united Pick,@united Pick,0,United,neutral,neutral,0.8004544377326965,0.08643466979265213,0.8004544377326965,0.11311089992523193
569641259826061312,2015-02-22 23:33:54+00:00,@AmericanAir You've now put me on a BA flight - can I get access for 2 for the lounge? Been at ORD for 11.5 hrs now and still have 5 to go.,@AmericanAir You've now put me on a BA flight - can I get access for 2 for the lounge? Been at ORD for 11.5 hrs now and still have 5 to go.,0,American,negative,neutral,0.5318836569786072,0.4426977336406708,0.5318836569786072,0.02541864477097988
570192183766196224,2015-02-24 12:03:04+00:00,"@AmericanAir If you are sorry, answer my claims (AA Ref#1-2990176298, 1-3001885409 and : 1-3001885409) accordingly, without using ""weather""","@AmericanAir If you are sorry, answer my claims (AA Ref#1-2990176298, 1-3001885409 and : 1-3001885409) accordingly, without using ""weather""",0,American,negative,negative,0.7238069176673889,0.7238069176673889,0.264163613319397,0.01202947087585926
570160120698679296,2015-02-24 09:55:40+00:00,"@united customer service is atrocious! You have disrupted my travel plans, you have lost my luggage and it is impossible to TALK TO A HUMAN","@united customer service is atrocious! You have disrupted my travel plans, you have lost my luggage and it is impossible to TALK TO A HUMAN",0,United,negative,negative,0.9562527537345886,0.9562527537345886,0.03850025311112404,0.00524695822969079
569727488131092481,2015-02-23 05:16:32+00:00,@AmericanAir your customer service is a disgrace.,@AmericanAir your customer service is a disgrace.,0,American,negative,negative,0.9483803510665894,0.9483803510665894,0.04412679001688957,0.0074928393587470055
569589460226183168,2015-02-22 20:08:04+00:00,@AmericanAir Flight 953 NYC-Buenos Aires has been delay since yesterday at 10PM. Is going to take off at 3.30PM now? Give us answers!,@AmericanAir Flight 953 NYC-Buenos Aires has been delay since yesterday at 10PM. Is going to take off at 3.30PM now? Give us answers!,0,American,negative,negative,0.6951466798782349,0.6951466798782349,0.29519015550613403,0.009663109667599201
569696862011133952,2015-02-23 03:14:51+00:00,@JetBlue #611 from JFK to LAS still delayed?,@JetBlue #611 from JFK to LAS still delayed?,0,Delta,negative,negative,0.5736366510391235,0.5736366510391235,0.4164126217365265,0.009950658306479454
568865011717705730,2015-02-20 20:09:22+00:00,@VirginAmerica I need you to follow back in order to DM.,@VirginAmerica I need you to follow back in order to DM.,0,Virgin America,neutral,neutral,0.9090743660926819,0.04665952920913696,0.9090743660926819,0.044266123324632645
570240052279648257,2015-02-24 15:13:17+00:00,Sigh... “@JetBlue: Our fleet's on fleek. http://t.co/W5NL0AY9Bl”,Sigh... “@JetBlue: Our fleet's on fleek.,0,Delta,neutral,neutral,0.6276150941848755,0.12250763922929764,0.6276150941848755,0.24987730383872986
570307390752608257,2015-02-24 19:40:52+00:00,"@AmericanAir no thanks.  As I said, being denied miles that expired one week ago was the last drop for me; plan to avoid AA as possible.","@AmericanAir no thanks. As I said, being denied miles that expired one week ago was the last drop for me; plan to avoid AA as possible.",0,American,negative,negative,0.8742491006851196,0.8742491006851196,0.11637016385793686,0.009380750358104706
570100438487314432,2015-02-24 05:58:31+00:00,@united 32 people getting pretty tired about no action on solving the problem plus missing a day of vacation and skiing,@united 32 people getting pretty tired about no action on solving the problem plus missing a day of vacation and skiing,0,United,negative,negative,0.9250074625015259,0.9250074625015259,0.06984100490808487,0.005151457153260708
569938487920566272,2015-02-23 19:14:59+00:00,@USAirways yes. It says bag is being delivered. The local number says Not Open. Asked main # for cust service got hung up on.,@USAirways yes. It says bag is being delivered. The local number says Not Open. Asked main # for cust service got hung up on.,0,US Airways,negative,negative,0.6388326287269592,0.6388326287269592,0.3448815941810608,0.016285883262753487
568626368373780481,2015-02-20 04:21:05+00:00,@USAirways we already spoke to someone several times about the matter and no one is sympathetic or will fly us home early complimentary.,@USAirways we already spoke to someone several times about the matter and no one is sympathetic or will fly us home early complimentary.,0,US Airways,negative,negative,0.8840091824531555,0.8840091824531555,0.10944270342588425,0.006548143457621336
568848795733069824,2015-02-20 19:04:56+00:00,@SouthwestAir how oh how do we get tickets! ?!,@SouthwestAir how oh how do we get tickets! ?!,0,Southwest,neutral,neutral,0.5101267695426941,0.45435830950737,0.5101267695426941,0.03551490232348442
569711003585220608,2015-02-23 04:11:02+00:00,@united currently crying... I wanted to ski tomorrow but prolly not. Just a boy tryna fulfill his dreams,@united currently crying... I wanted to ski tomorrow but prolly not. Just a boy tryna fulfill his dreams,0,United,negative,negative,0.8403693437576294,0.8403693437576294,0.13589663803577423,0.023734038695693016
568759027775225856,2015-02-20 13:08:13+00:00,@USAirways I have been trying to book a flight using my miles for 3 straight days. 210 min on phone - still haven't talked to a human.,@USAirways I have been trying to book a flight using my miles for 3 straight days. 210 min on phone - still haven't talked to a human.,0,US Airways,negative,negative,0.8336287140846252,0.8336287140846252,0.15602238476276398,0.01034898217767477
570058295689523200,2015-02-24 03:11:03+00:00,"@USAirways finally spoke with someone. I have to email the refund dept. I love you guys, but 6 hours in line to be told no dice sucks.","@USAirways finally spoke with someone. I have to email the refund dept. I love you guys, but 6 hours in line to be told no dice sucks.",0,US Airways,negative,negative,0.6173602342605591,0.6173602342605591,0.23391467332839966,0.14872512221336365
568429191546277888,2015-02-19 15:17:34+00:00,"@SouthwestAir thank you for integrating with Passbook on iOS, it all works so much better now!!!","@SouthwestAir thank you for integrating with Passbook on iOS, it all works so much better now!!!",0,Southwest,positive,positive,0.9815869927406311,0.00288960849866271,0.015523460693657398,0.9815869927406311
569685957437362176,2015-02-23 02:31:31+00:00,"@SouthwestAir For example, can't pay 4 hotel &amp; food? Or transport to alternate city we are flying from? Or give clear record of alt flight?","@SouthwestAir For example, can't pay 4 hotel & food? Or transport to alternate city we are flying from? Or give clear record of alt flight?",0,Southwest,negative,neutral,0.5057427287101746,0.4821004271507263,0.5057427287101746,0.012156843207776546
569620382023622657,2015-02-22 22:10:56+00:00,@united lost my bags and there was a flight from Chi to Eri that landed over 1.5 hrs ago...yet still have zero updates?? #UnitedAirlinesSux,@united lost my bags and there was a flight from Chi to Eri that landed over 1.5 hrs ago...yet still have zero updates?? #UnitedAirlinesSux,0,United,negative,negative,0.8942245841026306,0.8942245841026306,0.10054882615804672,0.005226638168096542
569457148129779714,2015-02-22 11:22:18+00:00,@united where is my bag?? I'm in Mexico about to go build a house &amp; my suitcase never got on my flight from CLE w me. I need it. SAN68059M,@united where is my bag?? I'm in Mexico about to go build a house & my suitcase never got on my flight from CLE w me. I need it. SAN68059M,0,United,negative,negative,0.822361409664154,0.822361409664154,0.1644914150238037,0.013147125951945782
569574646229684224,2015-02-22 19:09:12+00:00,@united Thanks but why did this occur? You guys had 3 hours extra to get my bag on due to your delay. So that's 7 hours you had. #fail!,@united Thanks but why did this occur? You guys had 3 hours extra to get my bag on due to your delay. So that's 7 hours you had. #fail!,0,United,negative,negative,0.9009580612182617,0.9009580612182617,0.09073733538389206,0.008304540067911148
569956446487642112,2015-02-23 20:26:20+00:00,@united flight 1491...plane from SFO to DEN is basically on time.,@united flight 1491...plane from SFO to DEN is basically on time.,0,United,positive,positive,0.6476373672485352,0.006391314323991537,0.3459712862968445,0.6476373672485352
569969218306904067,2015-02-23 21:17:05+00:00,@USAirways the jetway because he felt I was disrespectful. I have never been treated this way particularly when I was trying to be a good c,@USAirways the jetway because he felt I was disrespectful. I have never been treated this way particularly when I was trying to be a good c,0,US Airways,negative,negative,0.8724896311759949,0.8724896311759949,0.11916466057300568,0.008345799520611763
568067065388642304,2015-02-18 15:18:37+00:00,@united Thanks to supervisor Miriam who provided me with great customer service. #finally,@united Thanks to supervisor Miriam who provided me with great customer service. #finally,0,United,positive,positive,0.9833505749702454,0.0035478519275784492,0.013101509772241116,0.9833505749702454
570097279870361600,2015-02-24 05:45:58+00:00,@AmericanAir that was the worst customer service experience ever. Too bad for you I'm a lawyer. Enjoy my wrath.,@AmericanAir that was the worst customer service experience ever. Too bad for you I'm a lawyer. Enjoy my wrath.,0,American,negative,negative,0.9526364803314209,0.9526364803314209,0.04056880995631218,0.006794661283493042
568107670177239040,2015-02-18 17:59:58+00:00,@SouthwestAir so when do we find out who won the imagine dragons contest?,@SouthwestAir so when do we find out who won the imagine dragons contest?,0,Southwest,neutral,neutral,0.9060922265052795,0.060446809977293015,0.9060922265052795,0.033460937440395355
569784699117137920,2015-02-23 09:03:53+00:00,@AmericanAir speaking 2 languages paid off! as the US line left me over 70 min in hold -without an answer- the latinamerican solved in 20min,@AmericanAir speaking 2 languages paid off! as the US line left me over 70 min in hold -without an answer- the latinamerican solved in 20min,0,American,negative,neutral,0.4993077516555786,0.23149684071540833,0.4993077516555786,0.2691953480243683
568633802433507329,2015-02-20 04:50:37+00:00,"@USAirways the fact that you are making customers pay $15 to ""choose"" a seat and try to convince them using psychological tricks with colors","@USAirways the fact that you are making customers pay $15 to ""choose"" a seat and try to convince them using psychological tricks with colors",0,US Airways,negative,negative,0.8925755620002747,0.8925755620002747,0.10100694000720978,0.006417537108063698
569872921700667392,2015-02-23 14:54:26+00:00,@AmericanAir at LAX &amp; just got off the phone w/reservations. Every flight that'd get me to BOS before 11 am tmrw is apparently unavailable 😐,@AmericanAir at LAX & just got off the phone w/reservations. Every flight that'd get me to BOS before 11 am tmrw is apparently unavailable 😐,0,American,neutral,negative,0.863896906375885,0.863896906375885,0.12905767560005188,0.00704548554494977
569989082719358976,2015-02-23 22:36:01+00:00,@SouthwestAir u were bae until u lost both of my bags and had no clue where they were or what happened to them for 36 hours :/,@SouthwestAir u were bae until u lost both of my bags and had no clue where they were or what happened to them for 36 hours :/,0,Southwest,negative,negative,0.928138256072998,0.928138256072998,0.0659584030508995,0.005903325043618679
568448023845572608,2015-02-19 16:32:24+00:00,@JetBlue yes he and all the princesses. Trying to get to the #glassslipperchallenge at WDW.,@JetBlue yes he and all the princesses. Trying to get to the #glassslipperchallenge at WDW.,0,Delta,neutral,positive,0.5823358297348022,0.006356611382216215,0.41130757331848145,0.5823358297348022
569747170741465088,2015-02-23 06:34:45+00:00,@AmericanAir Why offer automated call back option when agent is available only to call me &amp; have me sit on hold? At 12:30am. #onholdfordays,@AmericanAir Why offer automated call back option when agent is available only to call me & have me sit on hold? At 12:30am. #onholdfordays,0,American,negative,negative,0.8742517232894897,0.8742517232894897,0.1195986345410347,0.00614966219291091
569084344930676736,2015-02-21 10:40:55+00:00,@SouthwestAir @Imaginedragons #DestinationDragons Scavenger Hunt rules: http://t.co/vHgkiTzSaw,@SouthwestAir @Imaginedragons #DestinationDragons Scavenger Hunt rules:,0,Southwest,neutral,neutral,0.8656913638114929,0.015266703441739082,0.8656913638114929,0.11904200166463852
569644697309872128,2015-02-22 23:47:33+00:00,@SouthwestAir thanks connection thru Nashville have A1 boarding pass get to Dallas gate boarding 40 min before flt get end of B group,@SouthwestAir thanks connection thru Nashville have A1 boarding pass get to Dallas gate boarding 40 min before flt get end of B group,0,Southwest,positive,neutral,0.5632781386375427,0.014868262223899364,0.5632781386375427,0.4218536615371704
569672330261106688,2015-02-23 01:37:22+00:00,"@USAirways @GregWallace66 Yea, they will give you 5 cents on the dollar!","@USAirways @GregWallace66 Yea, they will give you 5 cents on the dollar!",0,US Airways,neutral,neutral,0.7070878148078918,0.12324792891740799,0.7070878148078918,0.16966424882411957
569831129773027329,2015-02-23 12:08:22+00:00,"@united why do I check in online if I still have to wait in line for an hour to ""check in"" at counter? #fuckinlame  @naia_miaa","@united why do I check in online if I still have to wait in line for an hour to ""check in"" at counter? #fuckinlame @naia_miaa",0,United,negative,negative,0.9256426692008972,0.9256426692008972,0.06902211904525757,0.005335243884474039
569588465593143297,2015-02-22 20:04:07+00:00,@USAirways What's the contact number for the corporate baggage office in Phoenix?,@USAirways What's the contact number for the corporate baggage office in Phoenix?,0,US Airways,neutral,neutral,0.9096940159797668,0.06925003975629807,0.9096940159797668,0.02105589397251606
568139253194067968,2015-02-18 20:05:28+00:00,"@USAirways Doubt it. Gate 35x is a cluster, and every agent encounter I saw (including one with me) was outright rude. Just very put off.","@USAirways Doubt it. Gate 35x is a cluster, and every agent encounter I saw (including one with me) was outright rude. Just very put off.",0,US Airways,negative,negative,0.9262981414794922,0.9262981414794922,0.06765644252300262,0.006045463494956493
569757651539660801,2015-02-23 07:16:24+00:00,@USAirways I can legitimately say that I would have rather driven cross country than flown on US Airways.,@USAirways I can legitimately say that I would have rather driven cross country than flown on US Airways.,0,US Airways,negative,negative,0.5238058567047119,0.5238058567047119,0.38543182611465454,0.09076230227947235
570250617379168256,2015-02-24 15:55:16+00:00,@AmericanAir and it's not a inconvenience it is a disaster. It's A $500 phone bill from you that you refuse to pay,@AmericanAir and it's not a inconvenience it is a disaster. It's A $500 phone bill from you that you refuse to pay,0,American,negative,negative,0.9348801970481873,0.9348801970481873,0.05875638872385025,0.006363353226333857
568052343922507776,2015-02-18 14:20:07+00:00,@SouthwestAir Thanks I just sent a DM with this info.,@SouthwestAir Thanks I just sent a DM with this info.,0,Southwest,neutral,positive,0.4962766468524933,0.01049213856458664,0.4932311773300171,0.4962766468524933
568784615877574656,2015-02-20 14:49:54+00:00,@SouthwestAir save mile to visit family in 2015 and this will impact how many times I can see my mother.  I planned and you change the rules,@SouthwestAir save mile to visit family in 2015 and this will impact how many times I can see my mother. I planned and you change the rules,0,Southwest,positive,negative,0.8315958976745605,0.8315958976745605,0.158490851521492,0.009913334622979164
569603875671396352,2015-02-22 21:05:21+00:00,"@united Your baggage tracking system is worthless! It tells me nothing about where the bag is, much less what your plans are to get it to me","@united Your baggage tracking system is worthless! It tells me nothing about where the bag is, much less what your plans are to get it to me",1,United,negative,negative,0.9123942852020264,0.9123942852020264,0.08024100214242935,0.007364677730947733
569589955837628416,2015-02-22 20:10:02+00:00,@SouthwestAir  I heard a rumor flight 898 was Cancelled Flightled.  Is this true?,@SouthwestAir I heard a rumor flight 898 was Cancelled Flightled. Is this true?,0,Southwest,neutral,negative,0.6577700972557068,0.6577700972557068,0.3351636528968811,0.007066173478960991
569934457215410176,2015-02-23 18:58:58+00:00,"@AmericanAir Hahaha.... ""Meanwhile in Russia....""","@AmericanAir Hahaha.... ""Meanwhile in Russia....""",0,American,neutral,neutral,0.6615179181098938,0.1819159835577011,0.6615179181098938,0.15656611323356628
568903479722246144,2015-02-20 22:42:13+00:00,"@united I know. I’m sure you hear it all the time — don’t like the new seats. I’m a small guy, 5’ 6” and I feel the new planes are tight","@united I know. I’m sure you hear it all the time — don’t like the new seats. I’m a small guy, 5’ 6” and I feel the new planes are tight",0,United,negative,negative,0.8093851208686829,0.8093851208686829,0.17158080637454987,0.01903412863612175
568244687477161984,2015-02-19 03:04:25+00:00,"@JetBlue 2 hour delay while sitting on the plane and you still wanna charge me for beer? Nah, I'm good.","@JetBlue 2 hour delay while sitting on the plane and you still wanna charge me for beer? Nah, I'm good.",0,Delta,negative,negative,0.9206764101982117,0.9206764101982117,0.07311128824949265,0.006212242878973484
569955122819817472,2015-02-23 20:21:05+00:00,@AmericanAir is there a way to reserve my dog’s flight without speaking with a representative? Just was booted from your helpline!,@AmericanAir is there a way to reserve my dog’s flight without speaking with a representative? Just was booted from your helpline!,0,American,negative,negative,0.8228484988212585,0.8228484988212585,0.1684897243976593,0.008661758154630661
567904873246781440,2015-02-18 04:34:07+00:00,"@JetBlue She claimed that she did, but I was not happy with the way I was treated.","@JetBlue She claimed that she did, but I was not happy with the way I was treated.",0,Delta,negative,negative,0.8558562994003296,0.8558562994003296,0.13687720894813538,0.007266512606292963
569854535608311809,2015-02-23 13:41:23+00:00,"@AmericanAir I love travel with yours planes, all people is very nice, it's amazing! Can you please follow me back? 😋I love the company!","@AmericanAir I love travel with yours planes, all people is very nice, it's amazing! Can you please follow me back? 😋I love the company!",0,American,positive,positive,0.9889068603515625,0.003725386457517743,0.0073677306063473225,0.9889068603515625
568573889359556608,2015-02-20 00:52:33+00:00,"@united Had wonderful, on time flights from OGG to MSN Lost RX eyeglasses (thick) in the Admiral Club in Chicago this morning. Found?","@united Had wonderful, on time flights from OGG to MSN Lost RX eyeglasses (thick) in the Admiral Club in Chicago this morning. Found?",0,United,positive,positive,0.8048219084739685,0.01117426436394453,0.1840038299560547,0.8048219084739685
570222625621831680,2015-02-24 14:04:02+00:00,"@SouthwestAir- Wife's RR pts expired a few days ago, were planning on Flight Booking Problems trip today. Anything you can do for us? On a tight budget...","@SouthwestAir- Wife's RR pts expired a few days ago, were planning on Flight Booking Problems trip today. Anything you can do for us? On a tight budget...",0,Southwest,neutral,negative,0.6333394050598145,0.6333394050598145,0.34984466433525085,0.016815930604934692
568887240685785089,2015-02-20 21:37:42+00:00,"@united blood services, make your appt. today! 18009174929 http://t.co/6UXwPaduGS","@united blood services, make your appt. today! 18009174929",1,United,neutral,neutral,0.8347663283348083,0.038460683077573776,0.8347663283348083,0.1267729550600052
569603127223066624,2015-02-22 21:02:22+00:00,@AmericanAir Trying to find out if flight #340 DFW to HOU is on tonight. Exec platinum desk not calling back and online info not clear.,@AmericanAir Trying to find out if flight #340 DFW to HOU is on tonight. Exec platinum desk not calling back and online info not clear.,0,American,negative,negative,0.6909793615341187,0.6909793615341187,0.29901349544525146,0.010007228702306747
568108100827217920,2015-02-18 18:01:40+00:00,@SouthwestAir thank you kindly.,@SouthwestAir thank you kindly.,0,Southwest,positive,positive,0.785973846912384,0.0076270028948783875,0.2063991129398346,0.785973846912384
569169887689641984,2015-02-21 16:20:50+00:00,@united I am not digging the new mileage earning plan. I would earn about 1/3 of the miles I do now. Any changes to the award ticket prices?,@united I am not digging the new mileage earning plan. I would earn about 1/3 of the miles I do now. Any changes to the award ticket prices?,0,United,negative,negative,0.857324481010437,0.857324481010437,0.13329146802425385,0.009384115226566792
569291447377137664,2015-02-22 00:23:52+00:00,@united who do I need to contact regrading a complaint and to get a voucher funds for future travel on United?,@united who do I need to contact regrading a complaint and to get a voucher funds for future travel on United?,0,United,neutral,neutral,0.7872247695922852,0.1895247995853424,0.7872247695922852,0.023250488564372063
569683397657767937,2015-02-23 02:21:20+00:00,@AmericanAir thanks. Bummer. Poor planning on my part. I assume the card in Passbook won't work either?,@AmericanAir thanks. Bummer. Poor planning on my part. I assume the card in Passbook won't work either?,0,American,neutral,negative,0.9248846769332886,0.9248846769332886,0.06993813812732697,0.00517716770991683
568274949275824128,2015-02-19 05:04:40+00:00,"@USAirways Been dealing w/ @americanair to solve the probs your team created. Your Manch, NH staff is clearly your C-team, btw. #NotEvenJV","@USAirways Been dealing w/ @americanair to solve the probs your team created. Your Manch, NH staff is clearly your C-team, btw. #NotEvenJV",0,US Airways,negative,negative,0.8415948748588562,0.8415948748588562,0.14704634249210358,0.011358784511685371
569641326536462336,2015-02-22 23:34:10+00:00,@united  always a fucken nightmare with your airline. #fail #lazy #alwaysLate Flight #worstairlineever,@united always a fucken nightmare with your airline. #fail #lazy #alwaysLate Flight #worstairlineever,0,United,negative,negative,0.9619967937469482,0.9619967937469482,0.03262738510966301,0.005375799722969532
568699390962958336,2015-02-20 09:11:15+00:00,"@united it seems like no one from United can help me. Lots of fingers pointed, zero people stepping up. At least the gate has Oreos","@united it seems like no one from United can help me. Lots of fingers pointed, zero people stepping up. At least the gate has Oreos",0,United,negative,negative,0.9012157320976257,0.9012157320976257,0.09004861116409302,0.008735607378184795
569615659333627904,2015-02-22 21:52:10+00:00,@united...do you still have flat tire policy.  Shuttle broke down on way to ORD.  Will probably miss the 425pm to CLE...Help please!!,@united...do you still have flat tire policy. Shuttle broke down on way to ORD. Will probably miss the 425pm to CLE...Help please!!,0,United,neutral,negative,0.8956139087677002,0.8956139087677002,0.09744007885456085,0.006946098990738392
569628521666117632,2015-02-22 22:43:17+00:00,@USAirways ... What's going on at @PHLAirport ?!  I've been sitting at the gate for 45minutes.,@USAirways ... What's going on at @PHLAirport ?! I've been sitting at the gate for 45minutes.,0,US Airways,negative,negative,0.8333282470703125,0.8333282470703125,0.15473707020282745,0.011934672482311726
568569662717313024,2015-02-20 00:35:45+00:00,@JetBlue thanks so much!! ❤️✨ very relaxing flight!,@JetBlue thanks so much!! ❤️✨ very relaxing flight!,0,Delta,positive,positive,0.9871745109558105,0.004422839730978012,0.008402717299759388,0.9871745109558105
568452051740413952,2015-02-19 16:48:25+00:00,@SouthwestAir That would be great. Thank you! I'll send it over when you follow.,@SouthwestAir That would be great. Thank you! I'll send it over when you follow.,0,Southwest,positive,positive,0.9729122519493103,0.0022852462716400623,0.02480248175561428,0.9729122519493103
570157210183069696,2015-02-24 09:44:06+00:00,"@usairways My flight was Cancelled Flighted Saturday. Why was my luggage not at the airport? Today, I'm supposed to have it delivered. Pathetic","@usairways My flight was Cancelled Flighted Saturday. Why was my luggage not at the airport? Today, I'm supposed to have it delivered. Pathetic",0,US Airways,negative,negative,0.9058863520622253,0.9058863520622253,0.08837147802114487,0.005742139648646116
570296670568751106,2015-02-24 18:58:16+00:00,@SouthwestAir Logically you would think you check all that before you have people board. I could've drove home in the time I've been waiting,@SouthwestAir Logically you would think you check all that before you have people board. I could've drove home in the time I've been waiting,0,Southwest,negative,negative,0.48382046818733215,0.48382046818733215,0.4778589904308319,0.03832060098648071
570284840752427008,2015-02-24 18:11:16+00:00,"@JetBlue can't book a flight because of outdated, forced opt-in ""Verified by Visa"" nonsense. Help a girl out? I just want to get to @sxsw","@JetBlue can't book a flight because of outdated, forced opt-in ""Verified by Visa"" nonsense. Help a girl out? I just want to get to @sxsw",0,Delta,negative,negative,0.9211342930793762,0.9211342930793762,0.07315985858440399,0.0057058269158005714
569113328724807680,2015-02-21 12:36:05+00:00,@JetBlue's CEO battles to appease passengers and Wall Street - Waterbury Republican American http://t.co/FFc13zYGJS,@JetBlue's CEO battles to appease passengers and Wall Street - Waterbury Republican American,0,Delta,neutral,neutral,0.8192800879478455,0.10931120067834854,0.8192800879478455,0.071408711373806
569915610890547200,2015-02-23 17:44:04+00:00,"@united, last week shanghai to sfo 858 delay 5hrs bc of engine. today sfo-sea delay to ""sick pilot"". no compensation. They Do. Not. Care.","@united, last week shanghai to sfo 858 delay 5hrs bc of engine. today sfo-sea delay to ""sick pilot"". no compensation. They Do. Not. Care.",0,United,negative,negative,0.9347794651985168,0.9347794651985168,0.0609014667570591,0.004319106228649616
569641346316640256,2015-02-22 23:34:15+00:00,@united Resolved. Over hour of work on  ground &amp; somehow the system reset itself during takeoff. I appreciate the quick response/service.,@united Resolved. Over hour of work on ground & somehow the system reset itself during takeoff. I appreciate the quick response/service.,0,United,positive,positive,0.8440822958946228,0.01517441589385271,0.14074325561523438,0.8440822958946228
569500360651509760,2015-02-22 14:14:01+00:00,"@united Cancelled Flights your flight then sends you an email saying ""think about your next flight..."" #customer #outrage http://t.co/KkwiwI97A4","@united Cancelled Flights your flight then sends you an email saying ""think about your next flight..."" #customer #outrage",0,United,negative,negative,0.915048360824585,0.915048360824585,0.08012440800666809,0.00482720835134387
569305409925873664,2015-02-22 01:19:21+00:00,@JetBlue I want to give a warm thanks to your crew at Logan airport for still getting me to the DC area after Cancelled Flightlations this morning!,@JetBlue I want to give a warm thanks to your crew at Logan airport for still getting me to the DC area after Cancelled Flightlations this morning!,0,Delta,positive,positive,0.9263932704925537,0.00653343740850687,0.06707321852445602,0.9263932704925537
568830757730422784,2015-02-20 17:53:15+00:00,@united Did somebody say flight upgrade?,@united Did somebody say flight upgrade?,0,United,negative,neutral,0.8492628931999207,0.1315743625164032,0.8492628931999207,0.01916268654167652
568409651466899457,2015-02-19 13:59:56+00:00,@USAirways any chance of making #561?,@USAirways any chance of making #561?,0,US Airways,neutral,neutral,0.8595067262649536,0.10180039703845978,0.8595067262649536,0.03869286924600601
569625599570014209,2015-02-22 22:31:40+00:00,@USAirways will you hold #475 today for connecting passengers coming from delayed flights?,@USAirways will you hold #475 today for connecting passengers coming from delayed flights?,0,US Airways,negative,neutral,0.8702099323272705,0.1103895753622055,0.8702099323272705,0.0194004587829113
569864689452077058,2015-02-23 14:21:44+00:00,@AmericanAir I need to be back home tomorrow and no one is helping me. Please help me rebook for a flight tomorrow!,@AmericanAir I need to be back home tomorrow and no one is helping me. Please help me rebook for a flight tomorrow!,0,American,negative,negative,0.9054531455039978,0.9054531455039978,0.0866406187415123,0.00790613517165184
569255280275369984,2015-02-21 22:00:09+00:00,@SouthwestAir IND website says contact airline for flight 899 tomorrow to ATL. On hold for over an hour. Can you give me any more info?,@SouthwestAir IND website says contact airline for flight 899 tomorrow to ATL. On hold for over an hour. Can you give me any more info?,0,Southwest,negative,neutral,0.49426645040512085,0.48665302991867065,0.49426645040512085,0.019080569967627525
567752826353225728,2015-02-17 18:29:56+00:00,"@SouthwestAir not terribly inspired to call ""customer service"" in the future now.","@SouthwestAir not terribly inspired to call ""customer service"" in the future now.",0,Southwest,negative,negative,0.9000574946403503,0.9000574946403503,0.09179475903511047,0.008147820830345154
569215076655214592,2015-02-21 19:20:24+00:00,@JetBlue  What are your rules on checked baggage and carry ons from SLC to SJO?,@JetBlue What are your rules on checked baggage and carry ons from SLC to SJO?,0,Delta,neutral,neutral,0.8394895792007446,0.14225362241268158,0.8394895792007446,0.018256796523928642
567837023014273024,2015-02-18 00:04:30+00:00,"@JetBlue.  Punta Cana, to enjoy weather n see my wifes family","@JetBlue. Punta Cana, to enjoy weather n see my wifes family",0,Delta,neutral,positive,0.8701374530792236,0.0026943390257656574,0.12716823816299438,0.8701374530792236
569499262855331840,2015-02-22 14:09:39+00:00,@USAirways one question. Can I book one way tickets with award travel/points,@USAirways one question. Can I book one way tickets with award travel/points,0,US Airways,neutral,neutral,0.9186786413192749,0.0408296138048172,0.9186786413192749,0.0404917411506176
569527440499978240,2015-02-22 16:01:37+00:00,@USAirways have had a medical issue Late Flight yesterday and need to change my flight today been on hold for an hour and still not through,@USAirways have had a medical issue Late Flight yesterday and need to change my flight today been on hold for an hour and still not through,0,US Airways,negative,negative,0.8604971170425415,0.8604971170425415,0.13126032054424286,0.008242515847086906
569483821080453121,2015-02-22 13:08:18+00:00,@SouthwestAir stuck in NYC flights Cancelled Flightled 2 days in a row Long wait times on phones. Running out of $ but SWA no help,@SouthwestAir stuck in NYC flights Cancelled Flightled 2 days in a row Long wait times on phones. Running out of $ but SWA no help,0,Southwest,negative,negative,0.9424124360084534,0.9424124360084534,0.053019341081380844,0.004568256437778473
569260276626956288,2015-02-21 22:20:00+00:00,@USAirways need seat assignments for one leg of family's return flight - can you please help via Twitter PM?,@USAirways need seat assignments for one leg of family's return flight - can you please help via Twitter PM?,0,US Airways,neutral,neutral,0.8520770072937012,0.04006175324320793,0.8520770072937012,0.10786119103431702
569667173544812546,2015-02-23 01:16:52+00:00,@SouthwestAir where is mines?,@SouthwestAir where is mines?,0,Southwest,neutral,neutral,0.5295764207839966,0.44943922758102417,0.5295764207839966,0.020984340459108353
569686510108344320,2015-02-23 02:33:42+00:00,@JetBlue aka take stuff out of the checked bag! Then just carry on the extra weight. For someone just had shoulder surgery that's just no,@JetBlue aka take stuff out of the checked bag! Then just carry on the extra weight. For someone just had shoulder surgery that's just no,0,Delta,negative,negative,0.810268223285675,0.810268223285675,0.17598123848438263,0.013750546611845493
567614049425555457,2015-02-17 09:18:29+00:00,"@united, link to current status of flights/airports? Fly BWI-EWR-MCO this morning yet can't yet tell what any problems are except see snow.","@united, link to current status of flights/airports? Fly BWI-EWR-MCO this morning yet can't yet tell what any problems are except see snow.",0,United,negative,negative,0.7714613080024719,0.7714613080024719,0.21886728703975677,0.009671453386545181
569705220088795136,2015-02-23 03:48:03+00:00,@united that's not good enough for all of us affected by the awful organization and timing and have now been set back,@united that's not good enough for all of us affected by the awful organization and timing and have now been set back,0,United,negative,negative,0.9306780695915222,0.9306780695915222,0.06415076553821564,0.00517116766422987
569870128915083264,2015-02-23 14:43:21+00:00,@USAirways I've been on hold for 30 minutes and counting. #unacceptable,@USAirways I've been on hold for 30 minutes and counting. #unacceptable,0,US Airways,negative,negative,0.9416219592094421,0.9416219592094421,0.052109573036432266,0.006268443074077368
569684686160719872,2015-02-23 02:26:28+00:00,@USAirways Flight 4424 operated by @FlyRepublicAir (N813MA) arrives at @FlyTPA following flight from Reagan National http://t.co/OSc9OFlol3,@USAirways Flight 4424 operated by @FlyRepublicAir (N813MA) arrives at @FlyTPA following flight from Reagan National,0,US Airways,neutral,neutral,0.9212080240249634,0.00964516680687666,0.9212080240249634,0.06914673000574112
570241403822813184,2015-02-24 15:18:39+00:00,@SouthwestAir An Oscar-worthy entrance into LA. http://t.co/10tmtHVFDC,@SouthwestAir An Oscar-worthy entrance into LA.,0,Southwest,neutral,positive,0.7598605751991272,0.010814364068210125,0.22932502627372742,0.7598605751991272
570276414567493633,2015-02-24 17:37:47+00:00,@AmericanAir robocalls me with another Cancelled Flightation. And then when I don’t accept the change it won’t let me connect to an agent. Just wow.,@AmericanAir robocalls me with another Cancelled Flightation. And then when I don’t accept the change it won’t let me connect to an agent. Just wow.,0,American,negative,negative,0.9229488968849182,0.9229488968849182,0.07200123369693756,0.00504987221211195
568925459540344833,2015-02-21 00:09:34+00:00,@SouthwestAir so happy that you can finally put your #southwestairlines boarding pass into passbook! Makes life so much easier ✈️,@SouthwestAir so happy that you can finally put your #southwestairlines boarding pass into passbook! Makes life so much easier ✈️,0,Southwest,positive,positive,0.982421338558197,0.00279004848562181,0.014788655564188957,0.982421338558197
570308064185880577,2015-02-24 19:43:32+00:00,@AmericanAir we've already made other arrangements ourselves.,@AmericanAir we've already made other arrangements ourselves.,0,American,neutral,neutral,0.742197573184967,0.2199825644493103,0.742197573184967,0.037819888442754745
568818669024907264,2015-02-20 17:05:13+00:00,@JetBlue what is going on with your BDL to DCA flights yesterday and today?! Why is every single one getting delayed?,@JetBlue what is going on with your BDL to DCA flights yesterday and today?! Why is every single one getting delayed?,0,Delta,negative,negative,0.9081748127937317,0.9081748127937317,0.08614949136972427,0.005675675347447395
569598915722518528,2015-02-22 20:45:38+00:00,@USAirways I have nothing but issues when I fly w/u what's up w/that?! #travel #vacation #awful,@USAirways I have nothing but issues when I fly w/u what's up w/that?! #travel #vacation #awful,0,US Airways,negative,negative,0.937953531742096,0.937953531742096,0.05620225891470909,0.005844232626259327
567908796917420032,2015-02-18 04:49:43+00:00,@VirginAmerica I am all about the in flight artisanal cheese and wine pairing.,@VirginAmerica I am all about the in flight artisanal cheese and wine pairing.,0,Virgin America,positive,positive,0.7040785551071167,0.008244683034718037,0.28767675161361694,0.7040785551071167
568856823048089600,2015-02-20 19:36:50+00:00,@SouthwestAir I have a question re: your ATL companion pass offer. I know I need 3 revenue flight roundtrips. What's a revenue flight? thnx,@SouthwestAir I have a question re: your ATL companion pass offer. I know I need 3 revenue flight roundtrips. What's a revenue flight? thnx,0,Southwest,neutral,neutral,0.8237913250923157,0.1314823180437088,0.8237913250923157,0.044726334512233734
569843082994315264,2015-02-23 12:55:52+00:00,@SouthwestAir Me on one of your planes!!! Thanks for taking me Arizona 184! http://t.co/Finq5Fh6ue,@SouthwestAir Me on one of your planes!!! Thanks for taking me Arizona 184!,0,Southwest,positive,positive,0.9504795074462891,0.0033649648539721966,0.04615549370646477,0.9504795074462891
568999279936679937,2015-02-21 05:02:54+00:00,@southwestair Your staff was really kind about the flight delay. Luggage? Not at all. Very disappointing.,@southwestair Your staff was really kind about the flight delay. Luggage? Not at all. Very disappointing.,0,Southwest,negative,negative,0.9089608788490295,0.9089608788490295,0.08159191906452179,0.009447173215448856
569077393886810112,2015-02-21 10:13:18+00:00,@united typically once you get the problem fixed - then the crew expires - and the delay turns into a Cancelled Flight...,@united typically once you get the problem fixed - then the crew expires - and the delay turns into a Cancelled Flight...,0,United,negative,negative,0.7998536825180054,0.7998536825180054,0.19120533764362335,0.008941011503338814
568555022209847296,2015-02-19 23:37:35+00:00,@united happens every time in and out of Newark.,@united happens every time in and out of Newark.,0,United,neutral,neutral,0.7301643490791321,0.2399783730506897,0.7301643490791321,0.029857242479920387
570022345424834560,2015-02-24 00:48:12+00:00,@united has made my no fly list. Other airlines wait when connector Late Flight. Stuck in IAH.,@united has made my no fly list. Other airlines wait when connector Late Flight. Stuck in IAH.,0,United,negative,negative,0.8860760927200317,0.8860760927200317,0.10758733004331589,0.006336686201393604
570192452486889473,2015-02-24 12:04:08+00:00,@JetBlue now out of A gates and into main terminal @ DCA. @NATCA members keeping watch from ATCT. #avgeek http://t.co/hPsiEaokwh,@JetBlue now out of A gates and into main terminal @ DCA. @NATCA members keeping watch from ATCT. #avgeek,2,Delta,neutral,neutral,0.9414561986923218,0.014194213785231113,0.9414561986923218,0.04434962198138237
568527304348942336,2015-02-19 21:47:26+00:00,@united I got an email from cust. care for an issue I had offering me a voucher. How do I claim that? I emailed back but got no reply. DM me,@united I got an email from cust. care for an issue I had offering me a voucher. How do I claim that? I emailed back but got no reply. DM me,0,United,neutral,negative,0.5564236044883728,0.5564236044883728,0.42774850130081177,0.015827875584363937
569226044118581248,2015-02-21 20:03:59+00:00,@USAirways What's the seat assignment policy? Why let us choose a seat only to change it on us two weeks Late Flightr?,@USAirways What's the seat assignment policy? Why let us choose a seat only to change it on us two weeks Late Flightr?,0,US Airways,negative,negative,0.7879934310913086,0.7879934310913086,0.20559287071228027,0.006413714028894901
569718802029666305,2015-02-23 04:42:01+00:00,@AmericanAir @nrosenb1 it says changes can't be made online,@AmericanAir @nrosenb1 it says changes can't be made online,0,American,negative,negative,0.6366223096847534,0.6366223096847534,0.3510608971118927,0.012316741980612278
569864791323320320,2015-02-23 14:22:08+00:00,@AmericanAir I do not need an apology. I need you to fix it in a competent manner.,@AmericanAir I do not need an apology. I need you to fix it in a competent manner.,0,American,negative,negative,0.7755318880081177,0.7755318880081177,0.20759907364845276,0.016869015991687775
568378598043852800,2015-02-19 11:56:32+00:00,@JetBlue where's my selfie?,@JetBlue where's my selfie?,0,Delta,positive,negative,0.8016794919967651,0.8016794919967651,0.1907537281513214,0.007566735148429871
569636885863251969,2015-02-22 23:16:31+00:00,@AmericanAir @dotnetnate Two hour wait for EXPs as I sit on a JFK PHX flight because US computers are down. Any shot at an LAX flight?,@AmericanAir @dotnetnate Two hour wait for EXPs as I sit on a JFK PHX flight because US computers are down. Any shot at an LAX flight?,0,American,negative,negative,0.8657129406929016,0.8657129406929016,0.12668739259243011,0.007599660661071539
568539689176530944,2015-02-19 22:36:39+00:00,@JetBlue @TSA JetBlue never disappoints !,@JetBlue @TSA JetBlue never disappoints !,0,Delta,positive,positive,0.9521413445472717,0.004494655877351761,0.04336395487189293,0.9521413445472717
569985813712392194,2015-02-23 22:23:02+00:00,@USAirways And you took away my 1st class seat.  Love being a Chairman Preferred and assigned row 24 seat B middle seat,@USAirways And you took away my 1st class seat. Love being a Chairman Preferred and assigned row 24 seat B middle seat,0,US Airways,negative,negative,0.6937156319618225,0.6937156319618225,0.2315732091665268,0.07471110671758652
569701607144693760,2015-02-23 03:33:42+00:00,@united WHERE IS MY FUCKING BAG?!?! Where the fuck is my fucking bag??? TELL ME NOW OR GIVE ME A NUMBER TO CALL A HUMAN. SAN68059M,@united WHERE IS MY FUCKING BAG?!?! Where the fuck is my fucking bag??? TELL ME NOW OR GIVE ME A NUMBER TO CALL A HUMAN. SAN68059M,0,United,negative,negative,0.9519851803779602,0.9519851803779602,0.041239380836486816,0.00677537452429533
567899010045988865,2015-02-18 04:10:49+00:00,"@united again, you said to go take the time to go there, knowing what the issue was, and knowing you won’t fix it.","@united again, you said to go take the time to go there, knowing what the issue was, and knowing you won’t fix it.",0,United,negative,negative,0.9301239252090454,0.9301239252090454,0.0648118183016777,0.005064360331743956
569651579307069440,2015-02-23 00:14:54+00:00,@AmericanAir flight from JFK to EGE was cxld after on runway for an hour. Flight moved to 7am but they won't give luggage back. Nice.,@AmericanAir flight from JFK to EGE was cxld after on runway for an hour. Flight moved to 7am but they won't give luggage back. Nice.,0,American,negative,negative,0.663044273853302,0.663044273853302,0.29355716705322266,0.043398573994636536
568788849440063489,2015-02-20 15:06:43+00:00,@USAirways suppose I need to tweet everyone how horrible your airline is for you to take notice. Let me try that route.,@USAirways suppose I need to tweet everyone how horrible your airline is for you to take notice. Let me try that route.,0,US Airways,negative,negative,0.9266548752784729,0.9266548752784729,0.06752544641494751,0.005819699261337519
569956564993310720,2015-02-23 20:26:49+00:00,@SouthwestAir just got a call apologizing personally for the long waits last week trying to rebook flights. Class act. I appreciate that!,@SouthwestAir just got a call apologizing personally for the long waits last week trying to rebook flights. Class act. I appreciate that!,0,Southwest,positive,positive,0.8619800806045532,0.02514352649450302,0.11287642270326614,0.8619800806045532
569534889055395841,2015-02-22 16:31:13+00:00,@JetBlue u guys have 2b kidding. No help anywhere. 5 hour delays? Still no answers. Bad cust service. #idlovetoask http://t.co/DPX3yoGTEj,@JetBlue u guys have 2b kidding. No help anywhere. 5 hour delays? Still no answers. Bad cust service. #idlovetoask,0,Delta,negative,negative,0.9529679417610168,0.9529679417610168,0.04219117760658264,0.004840869456529617
569751515461603328,2015-02-23 06:52:01+00:00,"@united after a Cancelled Flighted flight, and 2 delays, you lost my luggage AGAIN! You're the WORST! Disgraceful! Awful company, horrible service!","@united after a Cancelled Flighted flight, and 2 delays, you lost my luggage AGAIN! You're the WORST! Disgraceful! Awful company, horrible service!",0,United,negative,negative,0.958160936832428,0.958160936832428,0.036211222410202026,0.005627851001918316
569678787383857152,2015-02-23 02:03:01+00:00,@JetBlue ill call in the morning. too upset right now.,@JetBlue ill call in the morning. too upset right now.,0,Delta,negative,negative,0.9432201981544495,0.9432201981544495,0.05181514099240303,0.00496474327519536
570232616755929088,2015-02-24 14:43:44+00:00,@JetBlue glad you like it. Feel free to steal it.,@JetBlue glad you like it. Feel free to steal it.,0,Delta,positive,positive,0.9513830542564392,0.008111625909805298,0.04050534591078758,0.9513830542564392
570299824760860672,2015-02-24 19:10:48+00:00,"@AmericanAir Great, thanks. Followed.","@AmericanAir Great, thanks. Followed.",0,American,positive,positive,0.9513349533081055,0.003692553611472249,0.044972486793994904,0.9513349533081055
569249493264289793,2015-02-21 21:37:09+00:00,@united this flight has been amazing. This is the best flight I have ever been on I am not kidding. Service is INCREDIBLE!,@united this flight has been amazing. This is the best flight I have ever been on I am not kidding. Service is INCREDIBLE!,0,United,positive,positive,0.9864616990089417,0.006279690656810999,0.007258543279021978,0.9864616990089417
569567084721655808,2015-02-22 18:39:09+00:00,"@USAirways Its not just PHL, at BTV today made to deplane because ""it's Sunday and we don't know if maintenance will be available""","@USAirways Its not just PHL, at BTV today made to deplane because ""it's Sunday and we don't know if maintenance will be available""",0,US Airways,negative,negative,0.7863895893096924,0.7863895893096924,0.20369525253772736,0.009915235452353954
567758020239966208,2015-02-17 18:50:35+00:00,@JetBlue alittle more money to book our flights... we're 1/2 way there :),@JetBlue alittle more money to book our flights... we're 1/2 way there :),0,Delta,neutral,positive,0.8192740082740784,0.010081510059535503,0.17064452171325684,0.8192740082740784
568554107952177152,2015-02-19 23:33:57+00:00,@JetBlue Flight I want to book was $320 one day; went to purchase next day &amp; price doubled to $737. Inquiring on chance it may go down?,@JetBlue Flight I want to book was $320 one day; went to purchase next day & price doubled to $737. Inquiring on chance it may go down?,0,Delta,neutral,negative,0.7703671455383301,0.7703671455383301,0.22019639611244202,0.009436381980776787
568408653562294272,2015-02-19 13:55:58+00:00,@united Thanks JT,@united Thanks JT,0,United,positive,positive,0.7441210746765137,0.00709323538467288,0.24878571927547455,0.7441210746765137
569351220097216512,2015-02-22 04:21:23+00:00,@VirginAmerica - too many apologies! You r the worse airlines! Don't even respond to your cudtomers,@VirginAmerica - too many apologies! You r the worse airlines! Don't even respond to your cudtomers,0,Virgin America,negative,negative,0.9531137943267822,0.9531137943267822,0.04118957370519638,0.0056966994889080524
567859008230563840,2015-02-18 01:31:52+00:00,"@USAirways what does ""your reservation is 'out of sync.'"" mean? On hold w customer service 12 min and want an idea what is up","@USAirways what does ""your reservation is 'out of sync.'"" mean? On hold w customer service 12 min and want an idea what is up",1,US Airways,negative,negative,0.809209406375885,0.809209406375885,0.18212421238422394,0.008666319772601128
569747706047934464,2015-02-23 06:36:53+00:00,@united I wanna be ride United airline! I love airplane,@united I wanna be ride United airline! I love airplane,0,United,positive,positive,0.984451174736023,0.0030382610857486725,0.012510521337389946,0.984451174736023
569091378438746112,2015-02-21 11:08:52+00:00,@JetBlue word thanks,@JetBlue word thanks,0,Delta,positive,neutral,0.5426747798919678,0.026900574564933777,0.5426747798919678,0.43042463064193726
569959283934277633,2015-02-23 20:37:37+00:00,@JetBlue Just got the time to reply and share my thoughts in greater detail via web form.,@JetBlue Just got the time to reply and share my thoughts in greater detail via web form.,0,Delta,neutral,neutral,0.8192342519760132,0.1147252768278122,0.8192342519760132,0.06604050099849701
568005720026660864,2015-02-18 11:14:51+00:00,@JetBlue this is lovely!,@JetBlue this is lovely!,0,Delta,positive,positive,0.977377712726593,0.0075699384324252605,0.01505233719944954,0.977377712726593
567849200295124992,2015-02-18 00:52:54+00:00,@VirginAmerica @JezzieGoldz club Virgin is bumping in New York http://t.co/HaQc7GDg7c,@VirginAmerica @JezzieGoldz club Virgin is bumping in New York,0,Virgin America,neutral,neutral,0.8370383381843567,0.012049879878759384,0.8370383381843567,0.15091179311275482
569889846472409088,2015-02-23 16:01:42+00:00,@JetBlue ...and when did your legal department start running your social media channels?,@JetBlue ...and when did your legal department start running your social media channels?,0,Delta,neutral,neutral,0.658225953578949,0.3280597925186157,0.658225953578949,0.01371424738317728
567811913586876417,2015-02-17 22:24:44+00:00,@united calling that number was useless. Heading to the airport now to pick up my bags. this whole situation seems like a real joke.,@united calling that number was useless. Heading to the airport now to pick up my bags. this whole situation seems like a real joke.,0,United,negative,negative,0.950792670249939,0.950792670249939,0.043998345732688904,0.005209001712501049
567851942627577856,2015-02-18 01:03:47+00:00,"@JetBlue Guys, really bad @JetBlue #fail . Someone better call my wife back to get this handled. 203-382-3312 while she waits on hold....","@JetBlue Guys, really bad @JetBlue #fail . Someone better call my wife back to get this handled. 203-382-3312 while she waits on hold....",0,Delta,negative,negative,0.952012300491333,0.952012300491333,0.043403059244155884,0.004584659356623888
570212118059995136,2015-02-24 13:22:17+00:00,@AmericanAir thanks for the great customer service. Family made it back to SAT safely. The weather at DFW made things a little worrisome.,@AmericanAir thanks for the great customer service. Family made it back to SAT safely. The weather at DFW made things a little worrisome.,0,American,positive,positive,0.7751405835151672,0.050496309995651245,0.17436310648918152,0.7751405835151672
568463569458741248,2015-02-19 17:34:11+00:00,@USAirways I've been on hold for 36 mins and counting cause you charged my credit card for bag but provided no receipt and said error. Awful,@USAirways I've been on hold for 36 mins and counting cause you charged my credit card for bag but provided no receipt and said error. Awful,0,US Airways,negative,negative,0.9451791644096375,0.9451791644096375,0.04971707984805107,0.005103675648570061
569338492515278848,2015-02-22 03:30:49+00:00,@USAirways likelihood of PHL to BDL actually leaving tonight? 2 hour delay so far!,@USAirways likelihood of PHL to BDL actually leaving tonight? 2 hour delay so far!,0,US Airways,negative,negative,0.8040640354156494,0.8040640354156494,0.18729446828365326,0.00864152330905199
569986782567071744,2015-02-23 22:26:53+00:00,"@VirginAmerica @LadyGaga @CarrieUnderwood Sorry, Mary Martin had it first!","@VirginAmerica @LadyGaga @CarrieUnderwood Sorry, Mary Martin had it first!",0,Virgin America,neutral,neutral,0.71683669090271,0.16172295808792114,0.71683669090271,0.1214403435587883
569745303794024448,2015-02-23 06:27:20+00:00,@AmericanAir Flight #2390 delayed 14 hours!! No one at #AmericanAirlines counter can tell my husband that he will be on that flight! Help???,@AmericanAir Flight #2390 delayed 14 hours!! No one at #AmericanAirlines counter can tell my husband that he will be on that flight! Help???,0,American,negative,negative,0.8945800065994263,0.8945800065994263,0.09770303219556808,0.007716958411037922
569592626300751873,2015-02-22 20:20:39+00:00,@united Do you have Bereavement discount on airfare as my grandfather just passed and need to attend his funeral this week.,@united Do you have Bereavement discount on airfare as my grandfather just passed and need to attend his funeral this week.,0,United,neutral,neutral,0.6026436686515808,0.3621700406074524,0.6026436686515808,0.03518619015812874
569960635376766976,2015-02-23 20:42:59+00:00,“@JetBlue: Our fleet's on fleek. http://t.co/4LlWi5oxvO” lmfaooooo hook me up with a flight!,“@JetBlue: Our fleet's on fleek. lmfaooooo hook me up with a flight!,0,Delta,neutral,positive,0.8475286364555359,0.017910154536366463,0.1345612108707428,0.8475286364555359
569171003852468224,2015-02-21 16:25:16+00:00,@SouthwestAir @SouthwestOliver that's a great FA right there.,@SouthwestAir @SouthwestOliver that's a great FA right there.,0,Southwest,positive,positive,0.9582265019416809,0.005759145598858595,0.036014407873153687,0.9582265019416809
570001983408635904,2015-02-23 23:27:17+00:00,"@USAirways Can you follow, so I can DM you?","@USAirways Can you follow, so I can DM you?",0,US Airways,neutral,neutral,0.8876743912696838,0.01630997471511364,0.8876743912696838,0.09601560980081558
567711860938772480,2015-02-17 15:47:09+00:00,@united how much does it cost to check in an additional bag? Traveling from newark to glasgow. Thank you :),@united how much does it cost to check in an additional bag? Traveling from newark to glasgow. Thank you :),0,United,neutral,positive,0.4966719150543213,0.007754335645586252,0.4955737292766571,0.4966719150543213
570221343985295360,2015-02-24 13:58:57+00:00,@SouthwestAir would be great if I atleast was next to my husband who is flying in the same reservation,@SouthwestAir would be great if I atleast was next to my husband who is flying in the same reservation,0,Southwest,negative,positive,0.6258687973022461,0.02892482653260231,0.3452063500881195,0.6258687973022461
569588375037960192,2015-02-22 20:03:45+00:00,@SouthwestAir wife's flight to DAL just got Cancelled Flightled. What does she do to find options to get back home?  1708 PHX-&gt;DAL,@SouthwestAir wife's flight to DAL just got Cancelled Flightled. What does she do to find options to get back home? 1708 PHX-&gt;DAL,0,Southwest,negative,negative,0.7584452033042908,0.7584452033042908,0.23379603028297424,0.007758771535009146
569940832691752960,2015-02-23 19:24:18+00:00,@AmericanAir I was going to change it to tomorrow because I am concerned if the fllight does make I won't be able to leave the airport   1/2,@AmericanAir I was going to change it to tomorrow because I am concerned if the fllight does make I won't be able to leave the airport 1/2,0,American,neutral,negative,0.7788977026939392,0.7788977026939392,0.211603045463562,0.009499314241111279
568832394196684800,2015-02-20 17:59:45+00:00,@united The pilot of UA475 just landed this plane like he was gently placing us into a pile of whipped cream. Smoothest landing ever.,@united The pilot of UA475 just landed this plane like he was gently placing us into a pile of whipped cream. Smoothest landing ever.,0,United,positive,positive,0.3862469792366028,0.31112727522850037,0.30262577533721924,0.3862469792366028
570306260010176512,2015-02-24 19:36:22+00:00,@AmericanAir 1hr 46 min. Cost of flight change $788. Was $188 2hrs ago b/f drop call. Cancelled Flighted flight. Asked 4 refund.,@AmericanAir 1hr 46 min. Cost of flight change $788. Was $188 2hrs ago b/f drop call. Cancelled Flighted flight. Asked 4 refund.,0,American,negative,negative,0.8098684549331665,0.8098684549331665,0.18282070755958557,0.007310818415135145
569128660101427200,2015-02-21 13:37:01+00:00,"@USAirways we're glad to hear it. Out of curiosity, what causes such flight patterns?","@USAirways we're glad to hear it. Out of curiosity, what causes such flight patterns?",0,US Airways,neutral,positive,0.845530092716217,0.006232110317796469,0.14823776483535767,0.845530092716217
570265397058002944,2015-02-24 16:54:00+00:00,@SouthwestAir flight to Atlanta getting Cancelled Flightled and then had to re schedule on the phone for over 1.5 hours with a rep this bumping us,@SouthwestAir flight to Atlanta getting Cancelled Flightled and then had to re schedule on the phone for over 1.5 hours with a rep this bumping us,0,Southwest,negative,negative,0.8943461179733276,0.8943461179733276,0.09939737617969513,0.006256476044654846
569229796401684480,2015-02-21 20:18:53+00:00,@united nope.  no case id either time.,@united nope. no case id either time.,0,United,neutral,negative,0.5668687224388123,0.5668687224388123,0.4129491448402405,0.02018209919333458
568537219822010368,2015-02-19 22:26:50+00:00,@united @bwood we'd prefer everyone hear our complaints amount your airline,@united @bwood we'd prefer everyone hear our complaints amount your airline,0,United,negative,negative,0.5492173433303833,0.5492173433303833,0.42383936047554016,0.026943255215883255
568430198254747649,2015-02-19 15:21:34+00:00,@SouthwestAir @thirty_lives birthday is the 24th and he's not seeing Imagine Dragons at #DestinationDragons ?,@SouthwestAir @thirty_lives birthday is the 24th and he's not seeing Imagine Dragons at #DestinationDragons ?,0,Southwest,negative,negative,0.7243633270263672,0.7243633270263672,0.26113173365592957,0.014504925347864628
568432117539065856,2015-02-19 15:29:12+00:00,"@VirginAmerica Anytime, sugafly.","@VirginAmerica Anytime, sugafly.",0,Virgin America,neutral,neutral,0.7637278437614441,0.07511106133460999,0.7637278437614441,0.16116108000278473
569939057247023104,2015-02-23 19:17:14+00:00,😕 RT @JetBlue: Our fleet's on fleek. http://t.co/4KH92mKoTZ,😕 RT @JetBlue: Our fleet's on fleek.,1,Delta,neutral,neutral,0.5910401344299316,0.2807261049747467,0.5910401344299316,0.12823371589183807
569478023839416320,2015-02-22 12:45:15+00:00,@USAirways now on hold for 2 hrs 20 min. This is ridiculous,@USAirways now on hold for 2 hrs 20 min. This is ridiculous,0,US Airways,negative,negative,0.945751965045929,0.945751965045929,0.04751815274357796,0.0067299045622348785
568078441364393985,2015-02-18 16:03:49+00:00,"@united worst agents in US at Ft. Lauderdale Airport; passengers stand in line, getting status alerts &amp; still didn't make an announcement","@united worst agents in US at Ft. Lauderdale Airport; passengers stand in line, getting status alerts & still didn't make an announcement",0,United,negative,negative,0.9348775148391724,0.9348775148391724,0.060218628495931625,0.004903887864202261
569489032100614144,2015-02-22 13:29:00+00:00,@united I just sent to you.,@united I just sent to you.,0,United,neutral,neutral,0.8733335733413696,0.021704332903027534,0.8733335733413696,0.10496208816766739
569910528279228416,2015-02-23 17:23:53+00:00,@AmericanAir Trying  to Cancelled Flight fligt 2321 O'Hare to Dallas 12:17pm. High call volume no one answer. Online no confirmation. #thankU,@AmericanAir Trying to Cancelled Flight fligt 2321 O'Hare to Dallas 12:17pm. High call volume no one answer. Online no confirmation. #thankU,0,American,negative,negative,0.8708624839782715,0.8708624839782715,0.12309251725673676,0.006045028567314148
570036932270358528,2015-02-24 01:46:10+00:00,"@united captain ""on behalf of the front office, welcome on board."".... Never heard that before. I laughed...hard.  #funnycaptain","@united captain ""on behalf of the front office, welcome on board."".... Never heard that before. I laughed...hard. #funnycaptain",0,United,positive,positive,0.9512205719947815,0.005219640210270882,0.0435597263276577,0.9512205719947815
569666840370110465,2015-02-23 01:15:33+00:00,@united JP - DM message who? Can't get a DM through to @united,@united JP - DM message who? Can't get a DM through to @united,0,United,negative,neutral,0.5533427596092224,0.4327602982521057,0.5533427596092224,0.01389691885560751
569927476463452160,2015-02-23 18:31:13+00:00,@jetblue who's running your tweeter using the word fleek?,@jetblue who's running your tweeter using the word fleek?,0,Delta,neutral,negative,0.8070239424705505,0.8070239424705505,0.1869073361158371,0.006068715825676918
570034397153398784,2015-02-24 01:36:05+00:00,@SouthwestAir is the vinyl part of the prize too?,@SouthwestAir is the vinyl part of the prize too?,0,Southwest,neutral,neutral,0.8958703279495239,0.011086436919867992,0.8958703279495239,0.09304329007863998
569650320613052416,2015-02-23 00:09:54+00:00,@united what a long day of delays. Please get us to Dallas tonight!!!!  Fingers crossed!!!  #winterstorm2015 #whichisworsedenordfw.,@united what a long day of delays. Please get us to Dallas tonight!!!! Fingers crossed!!! #winterstorm2015 #whichisworsedenordfw.,0,United,negative,negative,0.7301461696624756,0.7301461696624756,0.1867283135652542,0.0831255242228508
569523293356630016,2015-02-22 15:45:09+00:00,@USAirways my option is to use twitter. Most of the people working for u have no clue what they do. they tell you to go to A4 but its b16,@USAirways my option is to use twitter. Most of the people working for u have no clue what they do. they tell you to go to A4 but its b16,0,US Airways,negative,negative,0.8709473609924316,0.8709473609924316,0.12051527947187424,0.008537368848919868
568494749247778816,2015-02-19 19:38:04+00:00,@united I work in customer support- extremely saddened United won't waive change fee for flights I had to Cancelled Flight due to east coast storms.,@united I work in customer support- extremely saddened United won't waive change fee for flights I had to Cancelled Flight due to east coast storms.,0,United,negative,negative,0.8981363773345947,0.8981363773345947,0.09408453851938248,0.007779110223054886
570123386925539329,2015-02-24 07:29:42+00:00,@AmericanAir I had a 6am flight I can get no rest because I have to wait another 2 hours to receive an automated phone call. #neveragain,@AmericanAir I had a 6am flight I can get no rest because I have to wait another 2 hours to receive an automated phone call. #neveragain,0,American,negative,negative,0.9325166344642639,0.9325166344642639,0.061729662120342255,0.005753758363425732
570078894008594432,2015-02-24 04:32:54+00:00,@united it's highly unprofessional for you to overbook a flight by 12 seats &amp;feel that I should rearrange my schedule for your mismanagement,@united it's highly unprofessional for you to overbook a flight by 12 seats &feel that I should rearrange my schedule for your mismanagement,1,United,negative,negative,0.9256247878074646,0.9256247878074646,0.06970739364624023,0.004667806904762983
569580197709783040,2015-02-22 19:31:16+00:00,"@united a baby shit its pants half way through my flight and it smelled like shit, what are you going to do about this?","@united a baby shit its pants half way through my flight and it smelled like shit, what are you going to do about this?",0,United,negative,negative,0.9577176570892334,0.9577176570892334,0.03871269151568413,0.003569577122107148
570173181727674368,2015-02-24 10:47:34+00:00,@JetBlue no seat assignment 5 mins before a flight...line 20 people deep. Guess I'm sitting with the baggage? @MarinaDomine,@JetBlue no seat assignment 5 mins before a flight...line 20 people deep. Guess I'm sitting with the baggage? @MarinaDomine,0,Delta,negative,negative,0.8811905384063721,0.8811905384063721,0.11316438019275665,0.005645093973726034
569130620963696640,2015-02-21 13:44:48+00:00,@JetBlue got it. Thanks,@JetBlue got it. Thanks,0,Delta,positive,positive,0.587020218372345,0.01142178662121296,0.401557981967926,0.587020218372345
569613272049012736,2015-02-22 21:42:41+00:00,"@United - In case you're reading this, UA230, right now, 7D. So many oversized carryons taking up too much room. Enforce your rules.","@United - In case you're reading this, UA230, right now, 7D. So many oversized carryons taking up too much room. Enforce your rules.",0,United,negative,negative,0.6803529262542725,0.6803529262542725,0.29295510053634644,0.026691984385252
568791745925918721,2015-02-20 15:18:14+00:00,@USAirways the flights weren't from this morning... It was 4 flights 2 on Thursday and 2 on Monday which turned into Tuesday,@USAirways the flights weren't from this morning... It was 4 flights 2 on Thursday and 2 on Monday which turned into Tuesday,0,US Airways,negative,neutral,0.5276605486869812,0.45601600408554077,0.5276605486869812,0.01632336899638176
568490780203065347,2015-02-19 19:22:18+00:00,@USAirways 5 hour cross country morning flight and you have no food? #BadService,@USAirways 5 hour cross country morning flight and you have no food? #BadService,0,US Airways,negative,negative,0.9428192377090454,0.9428192377090454,0.051927633583545685,0.005253091920167208
567920067364540416,2015-02-18 05:34:30+00:00,@united are the miles going to be restructured? Help a silver status brotha out! I thought I was winning with you guys until today lol,@united are the miles going to be restructured? Help a silver status brotha out! I thought I was winning with you guys until today lol,0,United,negative,negative,0.6475422382354736,0.6475422382354736,0.2699148952960968,0.08254285901784897
569600023597428736,2015-02-22 20:50:02+00:00,@USAirways Its pretty ridiculous that at PHX sky harbor you have 4 (!) employees working check in on a SUNDAY afternoon. 30 min &amp; counting..,@USAirways Its pretty ridiculous that at PHX sky harbor you have 4 (!) employees working check in on a SUNDAY afternoon. 30 min & counting..,0,US Airways,negative,negative,0.9163830280303955,0.9163830280303955,0.07712240517139435,0.006494535133242607
567754056924672000,2015-02-17 18:34:50+00:00,@USAirways Fabulous - thank you so much! Looking forward to taking to the skies with you! :),@USAirways Fabulous - thank you so much! Looking forward to taking to the skies with you! :),0,US Airways,positive,positive,0.9911620616912842,0.0025888103991746902,0.006249153986573219,0.9911620616912842
567754096272224256,2015-02-17 18:34:59+00:00,@SouthwestAir Happily! But you need to follow me in order for me to DM you,@SouthwestAir Happily! But you need to follow me in order for me to DM you,0,Southwest,neutral,positive,0.7405078411102295,0.0039629205130040646,0.2555292844772339,0.7405078411102295
568085714744684544,2015-02-18 16:32:43+00:00,@SouthwestAir you're the best,@SouthwestAir you're the best,0,Southwest,positive,positive,0.9820297360420227,0.004557505715638399,0.01341275405138731,0.9820297360420227
570031615130394624,2015-02-24 01:25:02+00:00,@AmericanAir thanks 😩. idk if it still Late Flight but I hope I get it tonight 😭,@AmericanAir thanks 😩. idk if it still Late Flight but I hope I get it tonight 😭,0,American,positive,positive,0.6215686798095703,0.06915242969989777,0.3092788755893707,0.6215686798095703
568824987244584961,2015-02-20 17:30:19+00:00,@united I'm not know if the seats are actually narrower than other seats but they feel like it. Or maybe I'm extra bloated.,@united I'm not know if the seats are actually narrower than other seats but they feel like it. Or maybe I'm extra bloated.,0,United,negative,negative,0.7344066500663757,0.7344066500663757,0.251082181930542,0.014511173591017723
569143132756914176,2015-02-21 14:34:31+00:00,@SouthwestAir been on hold to rebook a flight to CMH for 1.5 hrs. Your rebook website is crashed.,@SouthwestAir been on hold to rebook a flight to CMH for 1.5 hrs. Your rebook website is crashed.,0,Southwest,negative,negative,0.9235723614692688,0.9235723614692688,0.07095714658498764,0.005470536183565855
569645048696053761,2015-02-22 23:48:57+00:00,"@united you guys suck, 2 1/2 delay to get out of ers and didn't even have curtesy to let me know,  #UnitedAirlines","@united you guys suck, 2 1/2 delay to get out of ers and didn't even have curtesy to let me know, #UnitedAirlines",0,United,negative,negative,0.9447630643844604,0.9447630643844604,0.04972344636917114,0.005513573531061411
570229557740969984,2015-02-24 14:31:35+00:00,"@AmericanAir thanks for the recommendation. We've been sitting here for 45 minutes, last update was 35 min ago.","@AmericanAir thanks for the recommendation. We've been sitting here for 45 minutes, last update was 35 min ago.",0,American,positive,positive,0.6146610975265503,0.01831939071416855,0.36701953411102295,0.6146610975265503
568073860911927296,2015-02-18 15:45:37+00:00,"@USAirways My flight was delayed and rerouted, and not so much as a ""sorry for your inconvenience"" from the check-in agent? #notimpressed","@USAirways My flight was delayed and rerouted, and not so much as a ""sorry for your inconvenience"" from the check-in agent? #notimpressed",0,US Airways,negative,negative,0.9260714650154114,0.9260714650154114,0.06869988143444061,0.0052286963909864426
569143915405651968,2015-02-21 14:37:38+00:00,@USAirways so disappointed. Least you could do is give us access to admirals club for an hour before our flight to our wedding!,@USAirways so disappointed. Least you could do is give us access to admirals club for an hour before our flight to our wedding!,0,US Airways,negative,negative,0.8993878960609436,0.8993878960609436,0.09106020629405975,0.009551895782351494
570208115205021696,2015-02-24 13:06:23+00:00,"“@JetBlue: @jannasaurusrex Thanks for the kind words, Janna! #WeAppreciateYou #TrueBlue” and now I'M feeling like a boss #jetbluefame","“@JetBlue: @jannasaurusrex Thanks for the kind words, Janna! #WeAppreciateYou #TrueBlue” and now I'M feeling like a boss #jetbluefame",0,Delta,positive,positive,0.9809891581535339,0.003919808194041252,0.015091066248714924,0.9809891581535339
569709058636320768,2015-02-23 04:03:18+00:00,@SouthwestAir apologies are whatever. Please just deliver the bags like you said you would. Feel like employees are lying to me.,@SouthwestAir apologies are whatever. Please just deliver the bags like you said you would. Feel like employees are lying to me.,0,Southwest,negative,negative,0.8826323747634888,0.8826323747634888,0.10798848420381546,0.009379091672599316
570299953286942721,2015-02-24 19:11:19+00:00,"@virginamerica Well, I didn't…but NOW I DO! :-D","@virginamerica Well, I didn't…but NOW I DO! :-D",0,Virgin America,positive,positive,0.9165878295898438,0.004753652960062027,0.07865850627422333,0.9165878295898438
568511254530101248,2015-02-19 20:43:40+00:00,@SouthwestAir thank you. Please follow and I will send.,@SouthwestAir thank you. Please follow and I will send.,0,Southwest,neutral,positive,0.6150873303413391,0.008850358426570892,0.3760623335838318,0.6150873303413391
570262977947013120,2015-02-24 16:44:23+00:00,@USAirways can I check bags through to my final destination even though I bought separate tickets from IAD to PHL  and PHL to Israel?,@USAirways can I check bags through to my final destination even though I bought separate tickets from IAD to PHL and PHL to Israel?,0,US Airways,neutral,neutral,0.910558819770813,0.03785525634884834,0.910558819770813,0.05158591642975807
568702964623216643,2015-02-20 09:25:27+00:00,"Thank you United! “@united: @dan_roam That's a beautiful place to stay a day longer. Have you been re-booked? If not, let me know. ^MN”","Thank you United! “@united: @dan_roam That's a beautiful place to stay a day longer. Have you been re-booked? If not, let me know. ^MN”",0,United,positive,positive,0.9850009679794312,0.0022090827114880085,0.012789977714419365,0.9850009679794312
569317490276360193,2015-02-22 02:07:21+00:00,@USAirways Hey. I hve Cancelled Flightled flght &amp; on hold for 30 min nw 4 rebook. Website not working. Can u give me some insight if I DM conf #?,@USAirways Hey. I hve Cancelled Flightled flght & on hold for 30 min nw 4 rebook. Website not working. Can u give me some insight if I DM conf #?,0,US Airways,negative,negative,0.7861941456794739,0.7861941456794739,0.20601381361484528,0.00779199693351984
568220625648672768,2015-02-19 01:28:48+00:00,@USAirways you have most likely lost my business. Terrible experience! Too many times stuck on Tarmac and last min Cancelled Flightled flights. #Done,@USAirways you have most likely lost my business. Terrible experience! Too many times stuck on Tarmac and last min Cancelled Flightled flights. #Done,0,US Airways,negative,negative,0.9561560153961182,0.9561560153961182,0.03890926390886307,0.0049347891472280025
568241499831287808,2015-02-19 02:51:45+00:00,"@JetBlue If it was simply a minor mechanical, why would they say that?","@JetBlue If it was simply a minor mechanical, why would they say that?",0,Delta,negative,negative,0.6246790885925293,0.6246790885925293,0.3642868995666504,0.011034028604626656
568574059652489217,2015-02-20 00:53:14+00:00,"@jetblue well, we're on our way now, but more than half my tv channels are just static. 😔","@jetblue well, we're on our way now, but more than half my tv channels are just static. 😔",0,Delta,negative,negative,0.8936957120895386,0.8936957120895386,0.0979432538151741,0.008360972627997398
569942011916259330,2015-02-23 19:28:59+00:00,@AmericanAir really appreciate the great customer service... One of your service agents just hung up on me when asking legitimate questions,@AmericanAir really appreciate the great customer service... One of your service agents just hung up on me when asking legitimate questions,0,American,negative,positive,0.8474740982055664,0.04823535308241844,0.10429055988788605,0.8474740982055664
567858076285452288,2015-02-18 01:28:10+00:00,"@SouthwestAir there... from my first interaction with your people this morning, after bad weather, sorry but I wont be flying with you again","@SouthwestAir there... from my first interaction with your people this morning, after bad weather, sorry but I wont be flying with you again",0,Southwest,negative,negative,0.9390158653259277,0.9390158653259277,0.05575845018029213,0.005225634668022394
568541043106435072,2015-02-19 22:42:02+00:00,@USAirways please change direct flights from RIC to JFK instead of LGA. Pleeeeease! LGA is the pits.,@USAirways please change direct flights from RIC to JFK instead of LGA. Pleeeeease! LGA is the pits.,0,US Airways,neutral,negative,0.8116593360900879,0.8116593360900879,0.15531155467033386,0.03302912041544914
567893822585327616,2015-02-18 03:50:12+00:00,@JetBlue 6 hour delay. Supposed to land at 9pm now it's 3am. Still not boarding. #EpicFail,@JetBlue 6 hour delay. Supposed to land at 9pm now it's 3am. Still not boarding. #EpicFail,0,Delta,negative,negative,0.928206741809845,0.928206741809845,0.06655240058898926,0.005240862723439932
569889547162669056,2015-02-23 16:00:30+00:00,"@JetBlue nope. The ""regular"" line was multi-x faster. You literally direct all the wheelchairs and strollers into the same line as EMS.","@JetBlue nope. The ""regular"" line was multi-x faster. You literally direct all the wheelchairs and strollers into the same line as EMS.",0,Delta,negative,neutral,0.557671070098877,0.3707616627216339,0.557671070098877,0.07156731188297272
569310070825226241,2015-02-22 01:37:52+00:00,@JetBlue would you say a delay is more likely? Thanks so much.,@JetBlue would you say a delay is more likely? Thanks so much.,0,Delta,positive,neutral,0.7632611393928528,0.07062739878892899,0.7632611393928528,0.16611149907112122
569498511609356288,2015-02-22 14:06:40+00:00,@JetBlue  will do.,@JetBlue will do.,0,Delta,neutral,neutral,0.6215023994445801,0.01610071212053299,0.6215023994445801,0.3623969256877899
569194996143755264,2015-02-21 18:00:36+00:00,@united I'm not sure why I expected anyone to be here http://t.co/bnFlHPXtmw,@united I'm not sure why I expected anyone to be here,1,United,negative,negative,0.7886884808540344,0.7886884808540344,0.20275911688804626,0.008552449755370617
569585968610615296,2015-02-22 19:54:11+00:00,"@USAirways Cancelled Flightled flight this AM. There was avail flight to PHL today u said was sold out. I had to buy 2nd ticket, u need to refund me.","@USAirways Cancelled Flightled flight this AM. There was avail flight to PHL today u said was sold out. I had to buy 2nd ticket, u need to refund me.",0,US Airways,negative,negative,0.8537309765815735,0.8537309765815735,0.14028501510620117,0.0059839654713869095
569150828952444928,2015-02-21 15:05:06+00:00,@JetBlue Airways Now Covered by Bank of America (JBLU) - Dakota Financial News http://t.co/WOwxhpU5qv,@JetBlue Airways Now Covered by Bank of America (JBLU) - Dakota Financial News,0,Delta,neutral,neutral,0.9119679927825928,0.006614749785512686,0.9119679927825928,0.08141721040010452
569312734896136193,2015-02-22 01:48:27+00:00,@SouthwestAir Thanks for making good on @PoteetTJ 's Cancelled Flightled flight.,@SouthwestAir Thanks for making good on @PoteetTJ 's Cancelled Flightled flight.,0,Southwest,positive,positive,0.7896901965141296,0.019054260104894638,0.19125552475452423,0.7896901965141296
568803013487276033,2015-02-20 16:03:00+00:00,@united Will you be issuing an exception policy for Denver for this weekend?,@united Will you be issuing an exception policy for Denver for this weekend?,0,United,neutral,neutral,0.9511405825614929,0.022247852757573128,0.9511405825614929,0.026611527428030968
568815514702770176,2015-02-20 16:52:41+00:00,@united please arrange someone at the arriving gate of flight 5957 to Chicago for either a refund or first class upgrade,@united please arrange someone at the arriving gate of flight 5957 to Chicago for either a refund or first class upgrade,0,United,neutral,neutral,0.8706106543540955,0.039090827107429504,0.8706106543540955,0.09029851853847504
568149912665198592,2015-02-18 20:47:49+00:00,@JetBlue i deleted that tweet because one of your wonderful employees swooped in to help--faith restored. You are one of the good ones. 👍,@JetBlue i deleted that tweet because one of your wonderful employees swooped in to help--faith restored. You are one of the good ones. 👍,0,Delta,positive,positive,0.9179197549819946,0.019153032451868057,0.06292718648910522,0.9179197549819946
569547782039728129,2015-02-22 17:22:27+00:00,@USAirways if I try and call your reservations line will someone answer the phone now or will I be on hold for an hour again?,@USAirways if I try and call your reservations line will someone answer the phone now or will I be on hold for an hour again?,0,US Airways,negative,negative,0.6248340010643005,0.6248340010643005,0.3628747761249542,0.012291201390326023
567997819560333313,2015-02-18 10:43:27+00:00,"@united Do you mean ""fortunately""? I don't want my flight to be affected! 😉","@united Do you mean ""fortunately""? I don't want my flight to be affected! 😉",0,United,neutral,negative,0.5839449167251587,0.5839449167251587,0.34304079413414,0.0730142667889595
569631027385245696,2015-02-22 22:53:14+00:00,@united yes I have &amp; they're unsure when it would come.This has never happened on any airline and my first time with @united #disappointed,@united yes I have & they're unsure when it would come.This has never happened on any airline and my first time with @united #disappointed,1,United,negative,negative,0.8844669461250305,0.8844669461250305,0.10432152450084686,0.011211501434445381
568441899402584064,2015-02-19 16:08:04+00:00,@SouthwestAir I got a phishing email claiming to be from Southwest. I can forward to you if you'd like to investigate.,@SouthwestAir I got a phishing email claiming to be from Southwest. I can forward to you if you'd like to investigate.,0,Southwest,neutral,negative,0.6042318344116211,0.6042318344116211,0.3807145357131958,0.015053635463118553
569365604832047104,2015-02-22 05:18:33+00:00,@USAirways just hit 4hrs.  what is typical wait time right now? should i drive 2h30m to the airport service desk?,@USAirways just hit 4hrs. what is typical wait time right now? should i drive 2h30m to the airport service desk?,0,US Airways,negative,negative,0.6952845454216003,0.6952845454216003,0.29498183727264404,0.009733576327562332
569111291454840833,2015-02-21 12:28:00+00:00,"@SouthwestAir Thanks for not telling us our flight was Cancelled Flightled, not helping us in anyway and ruining my birthday. #worstcustomerservice","@SouthwestAir Thanks for not telling us our flight was Cancelled Flightled, not helping us in anyway and ruining my birthday. #worstcustomerservice",0,Southwest,negative,negative,0.9455220103263855,0.9455220103263855,0.049565352499485016,0.004912733566015959
569234806543929344,2015-02-21 20:38:48+00:00,@USAirways  And now your half assed plane is falling apart. Some one tell my family I love them! #DoBetter http://t.co/UA6doUA34l,@USAirways And now your half assed plane is falling apart. Some one tell my family I love them! #DoBetter,0,US Airways,negative,negative,0.938845157623291,0.938845157623291,0.05102991312742233,0.010124912485480309
570280852791422976,2015-02-24 17:55:25+00:00,@USAirways where is your email address? Its not on this page: http://t.co/5cwH1yfOow,@USAirways where is your email address? Its not on this page:,0,US Airways,neutral,negative,0.5148154497146606,0.5148154497146606,0.46979790925979614,0.015386685729026794
568731785019990017,2015-02-20 11:19:58+00:00,@united lets see of we can do this today! Hoping for an on-time dept #dullestostatecollege #runningonthreehoursofsleep #delayedovernight,@united lets see of we can do this today! Hoping for an on-time dept #dullestostatecollege #runningonthreehoursofsleep #delayedovernight,0,United,neutral,positive,0.7103829383850098,0.02302253618836403,0.2665945291519165,0.7103829383850098
569843485911560192,2015-02-23 12:57:28+00:00,"“@AmericanAir: @mwangbickler We apologize for your frustrations, Michael. Have you been rebooked?” -got call back after 10 hours. Bad.","“@AmericanAir: @mwangbickler We apologize for your frustrations, Michael. Have you been rebooked?” -got call back after 10 hours. Bad.",2,American,negative,negative,0.9053126573562622,0.9053126573562622,0.088791623711586,0.005895809270441532
568202174917976064,2015-02-19 00:15:29+00:00,@united just dropped bags at Newark. Your desk guy was the rudest customer facing person I have met. Even my two children were shocked!,@united just dropped bags at Newark. Your desk guy was the rudest customer facing person I have met. Even my two children were shocked!,0,United,negative,negative,0.9470296502113342,0.9470296502113342,0.04685823619365692,0.006112145259976387
569875734677712896,2015-02-23 15:05:37+00:00,@united 2nd flight in two weeks that you have lost my bag!  Taking my 1K status to @AmericanAir #neveragain #WORSTCUSTOMERSERVICE,@united 2nd flight in two weeks that you have lost my bag! Taking my 1K status to @AmericanAir #neveragain #WORSTCUSTOMERSERVICE,0,United,negative,negative,0.9339228272438049,0.9339228272438049,0.05962304770946503,0.006454178132116795
567830279809937408,2015-02-17 23:37:43+00:00,@SouthwestAir flight yesterday Cancelled Flighted. Got to airport 4am today for an on time flight w was delayed Cancelled Flighted than reinstated which caused,@SouthwestAir flight yesterday Cancelled Flighted. Got to airport 4am today for an on time flight w was delayed Cancelled Flighted than reinstated which caused,0,Southwest,negative,negative,0.7634067535400391,0.7634067535400391,0.22949473559856415,0.007098465692251921
568808746689933312,2015-02-20 16:25:47+00:00,@JetBlue trivia contest to win flight. 1 question. RT and Follow &amp; I'll send you answer to enter. http://t.co/AucSYKFUHD via @WSJPlus,@JetBlue trivia contest to win flight. 1 question. RT and Follow & I'll send you answer to enter. via @WSJPlus,0,Delta,neutral,neutral,0.7854881286621094,0.006608917377889156,0.7854881286621094,0.20790298283100128
569357827522699264,2015-02-22 04:47:38+00:00,@JetBlue I am But Your customer service is Brutal.,@JetBlue I am But Your customer service is Brutal.,0,Delta,negative,negative,0.9237045645713806,0.9237045645713806,0.06815608590841293,0.008139443583786488
568605113457242112,2015-02-20 02:56:37+00:00,@united can you help 689 in Chicago get to a gate. Freezing on a runway seems like a crappy thing to do at 9pm,@united can you help 689 in Chicago get to a gate. Freezing on a runway seems like a crappy thing to do at 9pm,0,United,negative,negative,0.893022358417511,0.893022358417511,0.10047215968370438,0.006505425088107586
569589379385008129,2015-02-22 20:07:45+00:00,@SouthwestAir Just watched crew on flight 380 help elderly lady off plane...#firstclass,@SouthwestAir Just watched crew on flight 380 help elderly lady off plane...#firstclass,0,Southwest,positive,neutral,0.7968603372573853,0.08997869491577148,0.7968603372573853,0.11316098272800446
569102054922129409,2015-02-21 11:51:17+00:00,"@united Yes, myself and about 200 other people also.","@united Yes, myself and about 200 other people also.",0,United,negative,neutral,0.7866749167442322,0.020066531375050545,0.7866749167442322,0.19325858354568481
569369416963633152,2015-02-22 05:33:42+00:00,@united thank you! Much appreciation for your help.,@united thank you! Much appreciation for your help.,0,United,positive,positive,0.9817838668823242,0.003941281698644161,0.014274860732257366,0.9817838668823242
569953672861388800,2015-02-23 20:15:19+00:00,"@SouthwestAir I can. Doesn't it seem fair that if our bags need to fit under our seats, we should need to fit in them?","@SouthwestAir I can. Doesn't it seem fair that if our bags need to fit under our seats, we should need to fit in them?",0,Southwest,negative,neutral,0.7564546465873718,0.18196994066238403,0.7564546465873718,0.06157531589269638
569580001672237056,2015-02-22 19:30:29+00:00,@JetBlue Awesome! #bestairlineever,@JetBlue Awesome! #bestairlineever,0,Delta,positive,positive,0.9867892861366272,0.0039809271693229675,0.009229788556694984,0.9867892861366272
568616488766029824,2015-02-20 03:41:49+00:00,@USAirways the flight that I did not connect to was 1857.,@USAirways the flight that I did not connect to was 1857.,0,US Airways,negative,negative,0.7683894038200378,0.7683894038200378,0.22316192090511322,0.00844860915094614
569948910099308545,2015-02-23 19:56:23+00:00,@united when an airline causes the missed connection u would think they would take whatever steps to remedy that screw up.,@united when an airline causes the missed connection u would think they would take whatever steps to remedy that screw up.,0,United,negative,negative,0.8947895169258118,0.8947895169258118,0.09873653203248978,0.006473990622907877
569642730932064256,2015-02-22 23:39:45+00:00,@JetBlue thank you for the refund of the change fee for a recent flight affected by our bizarre winter. Excellent customer service and focus,@JetBlue thank you for the refund of the change fee for a recent flight affected by our bizarre winter. Excellent customer service and focus,0,Delta,positive,positive,0.9272277355194092,0.014378409832715988,0.05839383602142334,0.9272277355194092
568223557806915585,2015-02-19 01:40:27+00:00,@united Please stall flight 1535 out of ORD. I have to get to SNA tonight.,@united Please stall flight 1535 out of ORD. I have to get to SNA tonight.,0,United,negative,negative,0.7674418091773987,0.7674418091773987,0.2242911159992218,0.00826704129576683
569751096580812801,2015-02-23 06:50:21+00:00,@united doesn't help the 100 or more passengers that just arrived an hour Late Flight.,@united doesn't help the 100 or more passengers that just arrived an hour Late Flight.,0,United,negative,negative,0.8957487940788269,0.8957487940788269,0.09799402952194214,0.006257170345634222
567904569679880192,2015-02-18 04:32:55+00:00,@USAirways ~45 minutes means no public transit home and an expensive cab. Promises doesn't make up for it,@USAirways ~45 minutes means no public transit home and an expensive cab. Promises doesn't make up for it,0,US Airways,negative,negative,0.9072715044021606,0.9072715044021606,0.08595550805330276,0.006773048546165228
569911783596560384,2015-02-23 17:28:52+00:00,"@AmericanAir I was flying today to MTY Mex at 9:30am but still appear Cancelled Flight, Where can i talk for another flight?","@AmericanAir I was flying today to MTY Mex at 9:30am but still appear Cancelled Flight, Where can i talk for another flight?",0,American,negative,negative,0.7531957030296326,0.7531957030296326,0.23912383615970612,0.007680437993258238
569241682283081728,2015-02-21 21:06:07+00:00,@united You really should clean the food and coffee stains off of the area around the seats when new passengers come aboard. Gross!,@united You really should clean the food and coffee stains off of the area around the seats when new passengers come aboard. Gross!,0,United,negative,negative,0.8820601105690002,0.8820601105690002,0.10862040519714355,0.00931941531598568
569961203197325312,2015-02-23 20:45:14+00:00,@united We've had a ton of problems with getting our bags and have been given the run around for a day. Whats up with that?,@united We've had a ton of problems with getting our bags and have been given the run around for a day. Whats up with that?,1,United,negative,negative,0.9191322922706604,0.9191322922706604,0.07609839737415314,0.00476935226470232
570011533205336064,2015-02-24 00:05:14+00:00,"@USAirways #686 is delayed due to tail winds and need to jump on #521 to SEA, leaving the same time this arrives. Is there a chance to hold?","@USAirways #686 is delayed due to tail winds and need to jump on #521 to SEA, leaving the same time this arrives. Is there a chance to hold?",0,US Airways,negative,negative,0.5619949698448181,0.5619949698448181,0.4267207980155945,0.011284259147942066
568115014139162625,2015-02-18 18:29:09+00:00,@united every time I check a bag with your airline I'm confident I will be wearing the same clothes for 3 days.  Please prove me wrong.,@united every time I check a bag with your airline I'm confident I will be wearing the same clothes for 3 days. Please prove me wrong.,0,United,negative,negative,0.6913736462593079,0.6913736462593079,0.2746110260486603,0.034015294164419174
569510667612504065,2015-02-22 14:54:58+00:00,"@JetBlue flt 136 from PHX. Delayed 2 hrs, circle 1 hr, divert to upstate NY, just sitting for 1 hr No communication #horrible","@JetBlue flt 136 from PHX. Delayed 2 hrs, circle 1 hr, divert to upstate NY, just sitting for 1 hr No communication #horrible",0,Delta,negative,negative,0.9381629228591919,0.9381629228591919,0.0566842220723629,0.005152969621121883
569702549491752960,2015-02-23 03:37:27+00:00,@AmericanAir have been waiting for a call back for over two hours jan to die tomorrow at 6am Cancelled Flightled what are my options?,@AmericanAir have been waiting for a call back for over two hours jan to die tomorrow at 6am Cancelled Flightled what are my options?,0,American,negative,negative,0.9069281220436096,0.9069281220436096,0.08758734166622162,0.005484558176249266
569146084632760320,2015-02-21 14:46:15+00:00,"@JetBlue may I check my 17-month-old child's fold-up crib for free on my flight tomorrow, similar to your policy for infant car seats?","@JetBlue may I check my 17-month-old child's fold-up crib for free on my flight tomorrow, similar to your policy for infant car seats?",0,Delta,neutral,neutral,0.8684858083724976,0.013302741572260857,0.8684858083724976,0.11821144819259644
570275632518733825,2015-02-24 17:34:40+00:00,@AmericanAir my key point of confusion is whether I can make this change even though the initial Flight Booking Problems was on US Airways metal?,@AmericanAir my key point of confusion is whether I can make this change even though the initial Flight Booking Problems was on US Airways metal?,0,American,neutral,negative,0.6528997421264648,0.6528997421264648,0.3365834355354309,0.010516852140426636
569007580925677568,2015-02-21 05:35:53+00:00,.@united This flight attendant was extremely helpful to a woman who had a hard time walking. Very touching!,.@united This flight attendant was extremely helpful to a woman who had a hard time walking. Very touching!,1,United,positive,positive,0.9657385945320129,0.009662248194217682,0.02459922805428505,0.9657385945320129
568924327275401218,2015-02-21 00:05:04+00:00,@JetBlue Airways Corporation (NASDAQ:JBLU) Reaches on New High Range ... - StreetWise Report http://t.co/C7tpdKqULM,@JetBlue Airways Corporation (NASDAQ:JBLU) Reaches on New High Range ... - StreetWise Report,0,Delta,positive,positive,0.5090140700340271,0.003759230487048626,0.4872267246246338,0.5090140700340271
569890836361580544,2015-02-23 16:05:38+00:00,@AmericanAir yes but not with much help from you guys,@AmericanAir yes but not with much help from you guys,0,American,negative,negative,0.7019039392471313,0.7019039392471313,0.2794119417667389,0.01868414133787155
568190250377461760,2015-02-18 23:28:06+00:00,YO! @InternJohnRadio @mrerickv  give @SouthwestAir their plane back.  They're mad &amp; threatening to take away my Companion Pass. #Luv,YO! @InternJohnRadio @mrerickv give @SouthwestAir their plane back. They're mad & threatening to take away my Companion Pass. #Luv,1,Southwest,neutral,negative,0.8639121055603027,0.8639121055603027,0.11452246457338333,0.021565424278378487
569633545737490433,2015-02-22 23:03:15+00:00,@united I'll let you know week after next when I do another coast-coast RT again.,@united I'll let you know week after next when I do another coast-coast RT again.,0,United,neutral,neutral,0.9063907265663147,0.022838164120912552,0.9063907265663147,0.07077118009328842
568609263485984768,2015-02-20 03:13:07+00:00,@SouthwestAir  Just picked up my bag at SEATAC all the clothes are soaking wet... #bagawim http://t.co/nGxAl9OmL6,@SouthwestAir Just picked up my bag at SEATAC all the clothes are soaking wet... #bagawim,0,Southwest,negative,negative,0.8090865015983582,0.8090865015983582,0.1771446317434311,0.013768918812274933
567825891209912320,2015-02-17 23:20:16+00:00,@JetBlue tried again. Lovely customer service. Thank you!,@JetBlue tried again. Lovely customer service. Thank you!,0,Delta,positive,positive,0.9849855899810791,0.004279844928532839,0.01073463261127472,0.9849855899810791
569507060209090561,2015-02-22 14:40:38+00:00,Very quick! TY. @united: @auciello I am sorry to hear this. Can you please follow and DM me the details of what transpired? ^JH,Very quick! TY. @united: @auciello I am sorry to hear this. Can you please follow and DM me the details of what transpired? ^JH,0,United,positive,neutral,0.4470271170139313,0.44655632972717285,0.4470271170139313,0.10641647130250931
569551863260913664,2015-02-22 17:38:40+00:00,@SouthwestAir we didn't nothing was ruined just wet. Just frustrating when after traveling for 12 hours you can't change into clean clothes,@SouthwestAir we didn't nothing was ruined just wet. Just frustrating when after traveling for 12 hours you can't change into clean clothes,0,Southwest,negative,negative,0.9000709056854248,0.9000709056854248,0.09240651875734329,0.007522569037973881
570101817041747968,2015-02-24 06:03:59+00:00,@united plus what about food? And taxis?,@united plus what about food? And taxis?,0,United,negative,neutral,0.8408089280128479,0.13380807638168335,0.8408089280128479,0.025383051484823227
569961111086362625,2015-02-23 20:44:52+00:00,"@AmericanAir the original receipt lists my flight cost as $89ish, and doesn't reflect the use of a voucher","@AmericanAir the original receipt lists my flight cost as $89ish, and doesn't reflect the use of a voucher",0,American,negative,negative,0.6707121729850769,0.6707121729850769,0.318895161151886,0.010392686352133751
569622618195652608,2015-02-22 22:19:49+00:00,"@JetBlue Usually I have such a great experience with you guys? Very, very unhappy with you right now.","@JetBlue Usually I have such a great experience with you guys? Very, very unhappy with you right now.",0,Delta,negative,negative,0.9233020544052124,0.9233020544052124,0.06199568510055542,0.014702262356877327
568837638611992576,2015-02-20 18:20:36+00:00,@JetBlue I did.... Would be nice to see more services out of @triflight instead of having to drive 3-4 hrs to like charlotte or atlanta,@JetBlue I did.... Would be nice to see more services out of @triflight instead of having to drive 3-4 hrs to like charlotte or atlanta,0,Delta,neutral,neutral,0.4811358153820038,0.07089044153690338,0.4811358153820038,0.44797372817993164
569474700386045955,2015-02-22 12:32:03+00:00,@united My bag reference ID number is IND43728M. Thanks for looking at it.,@united My bag reference ID number is IND43728M. Thanks for looking at it.,0,United,positive,neutral,0.6251029968261719,0.009129277430474758,0.6251029968261719,0.3657677173614502
569117360965193728,2015-02-21 12:52:07+00:00,@USAirways bumping people off a flight ten minutes before takeoff because the flight is overbooked #fail,@USAirways bumping people off a flight ten minutes before takeoff because the flight is overbooked #fail,0,US Airways,negative,negative,0.8878301382064819,0.8878301382064819,0.10517039895057678,0.006999429780989885
568284092707401728,2015-02-19 05:41:00+00:00,@SouthwestAir @flightspots about time! #mobileboarding is a must!,@SouthwestAir @flightspots about time! #mobileboarding is a must!,0,Southwest,neutral,positive,0.9016111493110657,0.005463683512061834,0.09292515367269516,0.9016111493110657
569496017210462208,2015-02-22 13:56:45+00:00,@USAirways passengers sitting on plane for two hours flight #4663 from CMH!!!  All other flights have left #usairwaysfail #worstairlineever,@USAirways passengers sitting on plane for two hours flight #4663 from CMH!!! All other flights have left #usairwaysfail #worstairlineever,1,US Airways,negative,negative,0.9318467974662781,0.9318467974662781,0.061319805681705475,0.006833330728113651
569597857013084160,2015-02-22 20:41:26+00:00,@USAirways -- I've been on hold 40 mins to Cancelled Flight my reservation for this afternoon. Is there another way? Web tells me to call.,@USAirways -- I've been on hold 40 mins to Cancelled Flight my reservation for this afternoon. Is there another way? Web tells me to call.,1,US Airways,negative,negative,0.8695669770240784,0.8695669770240784,0.1248098611831665,0.005623128265142441
569356085359996929,2015-02-22 04:40:43+00:00,@SouthwestAir everything OK? This is my 3rd call for the day and this time I've been on hold for 1.5 hrs. I'll hang up and try again.,@SouthwestAir everything OK? This is my 3rd call for the day and this time I've been on hold for 1.5 hrs. I'll hang up and try again.,0,Southwest,negative,neutral,0.5200420022010803,0.4181833565235138,0.5200420022010803,0.0617746002972126
567951109677027328,2015-02-18 07:37:51+00:00,@SouthwestAir will you please tell me if I'll make my flight out of here tomorrow 8am? I've been tryin for 3 days now to leave,@SouthwestAir will you please tell me if I'll make my flight out of here tomorrow 8am? I've been tryin for 3 days now to leave,0,Southwest,negative,neutral,0.6080892086029053,0.3466183841228485,0.6080892086029053,0.04529240354895592
567795026307325952,2015-02-17 21:17:38+00:00,@JetBlue thanks for the upgrade😉!! so far so good. #KeepItUp http://t.co/BKmfeY7QOL,@JetBlue thanks for the upgrade😉!! so far so good. #KeepItUp,0,Delta,positive,positive,0.9901570081710815,0.002192386193200946,0.00765061704441905,0.9901570081710815
569755876401274880,2015-02-23 07:09:21+00:00,@united you'll be hearing from me for sure.,@united you'll be hearing from me for sure.,1,United,neutral,neutral,0.7030607461929321,0.026748325675725937,0.7030607461929321,0.270190954208374
570210502955155456,2015-02-24 13:15:52+00:00,@SouthwestAir weather where? And at what time Cancelled Flighted? No I can't because meeting was today.,@SouthwestAir weather where? And at what time Cancelled Flighted? No I can't because meeting was today.,0,Southwest,negative,negative,0.7469528913497925,0.7469528913497925,0.2439602017402649,0.009086927399039268
567735239456194560,2015-02-17 17:20:03+00:00,"@JetBlue unfortunately no, but hoping I can catch one sometime in the near future!","@JetBlue unfortunately no, but hoping I can catch one sometime in the near future!",0,Delta,neutral,neutral,0.5340290069580078,0.29087069630622864,0.5340290069580078,0.17510031163692474
569976030603059200,2015-02-23 21:44:09+00:00,@SouthwestAir Love Southwest. You guys have been good to me! http://t.co/X4tDY84dBH,@SouthwestAir Love Southwest. You guys have been good to me!,0,Southwest,positive,positive,0.988044798374176,0.002845135983079672,0.009110063314437866,0.988044798374176
569837191540551680,2015-02-23 12:32:28+00:00,@AmericanAir I remained on hold for 2 hrs to resolve my flight schedule &amp; your system hung up on me. #unhappycustomer,@AmericanAir I remained on hold for 2 hrs to resolve my flight schedule & your system hung up on me. #unhappycustomer,0,American,negative,negative,0.9370163679122925,0.9370163679122925,0.05779105797410011,0.005192575976252556
569870374638235649,2015-02-23 14:44:19+00:00,@USAirways &amp; @AmericanAir what are your weight restrictions for carry on luggage? Can find measurements but not weight restrictions. TIA,@USAirways & @AmericanAir what are your weight restrictions for carry on luggage? Can find measurements but not weight restrictions. TIA,0,US Airways,neutral,negative,0.5870739817619324,0.5870739817619324,0.3988191485404968,0.014106865972280502
569740962760499200,2015-02-23 06:10:05+00:00,@AmericanAir ... Do I have to even say anything?  Over 6 hours on hold... No one has ever sucked as much as you. http://t.co/NcrMqIBIWo,@AmericanAir ... Do I have to even say anything? Over 6 hours on hold... No one has ever sucked as much as you.,0,American,negative,negative,0.9508280158042908,0.9508280158042908,0.04318685829639435,0.005985098425298929
567889601869668352,2015-02-18 03:33:26+00:00,@united @annricord both!,@united @annricord both!,0,United,neutral,neutral,0.623436450958252,0.009070158936083317,0.623436450958252,0.3674933612346649
569351618522705920,2015-02-22 04:22:58+00:00,@SouthwestAir thanks for getting me home from Denver tonight despite the snow!,@SouthwestAir thanks for getting me home from Denver tonight despite the snow!,0,Southwest,positive,positive,0.9461331963539124,0.007478635758161545,0.04638821631669998,0.9461331963539124
569665692770967552,2015-02-23 01:10:59+00:00,@JetBlue Why close prechk at 8PM on a Sunday at JFK?  #annoying,@JetBlue Why close prechk at 8PM on a Sunday at JFK? #annoying,0,Delta,negative,negative,0.9125534296035767,0.9125534296035767,0.08221165090799332,0.005234903655946255
567735766416392194,2015-02-17 17:22:09+00:00,.@SouthwestAir you've got a mess here at DTW but your staff is doing great.,.@SouthwestAir you've got a mess here at DTW but your staff is doing great.,0,Southwest,positive,positive,0.39706113934516907,0.3188905417919159,0.2840483784675598,0.39706113934516907
568228749696577536,2015-02-19 02:01:05+00:00,"@united Very good flight, thank you!","@united Very good flight, thank you!",0,United,positive,positive,0.9865747094154358,0.0038226302713155746,0.009602664969861507,0.9865747094154358
567719005713334276,2015-02-17 16:15:33+00:00,@USAirways great job today In ruining 45 people's vacation. Thanks to your incompetent pilot and staff we have all now missed our flights,@USAirways great job today In ruining 45 people's vacation. Thanks to your incompetent pilot and staff we have all now missed our flights,0,US Airways,negative,negative,0.9472572207450867,0.9472572207450867,0.045934878289699554,0.006807888392359018
568965165783388160,2015-02-21 02:47:21+00:00,"@united Thanks for nothing. Next time I'll bring a whole extra suitcase for my 1 extra pound. That makes sense, right?","@united Thanks for nothing. Next time I'll bring a whole extra suitcase for my 1 extra pound. That makes sense, right?",0,United,negative,negative,0.7293393611907959,0.7293393611907959,0.23719422519207,0.033466387540102005
568890960358166528,2015-02-20 21:52:29+00:00,@united Love to report how horrible this flight is to your team. Let's make it worse...as they get to my seat...out of all snacks,@united Love to report how horrible this flight is to your team. Let's make it worse...as they get to my seat...out of all snacks,1,United,negative,negative,0.9507011771202087,0.9507011771202087,0.04296628013253212,0.006332587916404009
570078379421990912,2015-02-24 04:30:51+00:00,@USAirways done it! Process initiated Saturday morning.  Can't get info with website issues &amp; inadequate phone coverage.  How 2 get update??,@USAirways done it! Process initiated Saturday morning. Can't get info with website issues & inadequate phone coverage. How 2 get update??,0,US Airways,negative,negative,0.7850427627563477,0.7850427627563477,0.203102245926857,0.011854960583150387
569672099704508416,2015-02-23 01:36:27+00:00,@JetBlue I am less concerned about the delay than I am about not being notified until I looked at the board that my flight was delayed,@JetBlue I am less concerned about the delay than I am about not being notified until I looked at the board that my flight was delayed,0,Delta,negative,negative,0.7345719337463379,0.7345719337463379,0.25216948986053467,0.013258533552289009
569721972600528897,2015-02-23 04:54:37+00:00,@united Flight 472 from ORD couldn't let me know about this? Found out via app minutes before landing. Awful flight. http://t.co/DQJl8vZ2h2,@united Flight 472 from ORD couldn't let me know about this? Found out via app minutes before landing. Awful flight.,0,United,negative,negative,0.9383697509765625,0.9383697509765625,0.05683908984065056,0.0047911787405610085
569529020892651521,2015-02-22 16:07:54+00:00,@JetBlue don't think any1 rly knows what's goin on. supposed 2 leave at 8:30a then 9a then 9:30a then 10a then 11a then 11:30a. Now 12,@JetBlue don't think any1 rly knows what's goin on. supposed 2 leave at 8:30a then 9a then 9:30a then 10a then 11a then 11:30a. Now 12,0,Delta,negative,negative,0.7732357382774353,0.7732357382774353,0.2186185121536255,0.008145760744810104
569733572606763008,2015-02-23 05:40:43+00:00,@AmericanAir thanks for following up. I think it's fair to refund the ticket price and the two one way rental cars I had to buy.,@AmericanAir thanks for following up. I think it's fair to refund the ticket price and the two one way rental cars I had to buy.,0,American,positive,positive,0.5324109196662903,0.030741915106773376,0.43684715032577515,0.5324109196662903
567730833998757890,2015-02-17 17:02:33+00:00,@USAirways  to arrive the plane I'm sitting on needs to take off...wish someone would tell us what the holdup is,@USAirways to arrive the plane I'm sitting on needs to take off...wish someone would tell us what the holdup is,0,US Airways,negative,negative,0.7418628334999084,0.7418628334999084,0.243036150932312,0.015101072378456593
568913623327703040,2015-02-20 23:22:32+00:00,@SouthwestAir baggage woman said it was in Blatimore and would be on a plane this morning. Now they can't find it. WTF!???,@SouthwestAir baggage woman said it was in Blatimore and would be on a plane this morning. Now they can't find it. WTF!???,0,Southwest,negative,negative,0.8540266752243042,0.8540266752243042,0.1380995512008667,0.007873689755797386
567806905617281024,2015-02-17 22:04:50+00:00,@VirginAmerica On all your flights?,@VirginAmerica On all your flights?,0,Virgin America,neutral,neutral,0.7568292617797852,0.21673358976840973,0.7568292617797852,0.02643710933625698
568917611565592577,2015-02-20 23:38:23+00:00,@united Don't ask me to be patient without offering something in return.,@united Don't ask me to be patient without offering something in return.,1,United,negative,negative,0.728021502494812,0.728021502494812,0.2577047348022461,0.014273782260715961
570042533679656960,2015-02-24 02:08:25+00:00,See what you started now @nytimes RT @JetBlue: Our fleet's on fleek. http://t.co/atd2Sm8HF4,See what you started now @nytimes RT @JetBlue: Our fleet's on fleek.,0,Delta,negative,neutral,0.4968421757221222,0.007174577564001083,0.4968421757221222,0.49598321318626404
569981947612676096,2015-02-23 22:07:40+00:00,@AmericanAir Flight for tomorrow was Cancelled Flightled. New one booked. Seats taken care of. Just a tweet to commend you all on the service. Thanks!,@AmericanAir Flight for tomorrow was Cancelled Flightled. New one booked. Seats taken care of. Just a tweet to commend you all on the service. Thanks!,0,American,positive,positive,0.6789546012878418,0.03605281561613083,0.2849925756454468,0.6789546012878418
569179721549914112,2015-02-21 16:59:55+00:00,@united how much does a ski bag cost to check?  Bag contains 1 pair is skis and one pair of poles,@united how much does a ski bag cost to check? Bag contains 1 pair is skis and one pair of poles,0,United,neutral,neutral,0.841884434223175,0.12294314801692963,0.841884434223175,0.03517244756221771
568629820306952192,2015-02-20 04:34:48+00:00,@JetBlue that is great. But once it gets to Buffalo will it be able to leave and get to JFK? Or there's issues still at Buffalo airport?,@JetBlue that is great. But once it gets to Buffalo will it be able to leave and get to JFK? Or there's issues still at Buffalo airport?,0,Delta,positive,neutral,0.56522136926651,0.0713149905204773,0.56522136926651,0.3634636104106903
569611259357863936,2015-02-22 21:34:41+00:00,@AmericanAir  hung up on now many times trying to cal 8004337300 crazy,@AmericanAir hung up on now many times trying to cal 8004337300 crazy,0,American,neutral,negative,0.905917227268219,0.905917227268219,0.08625314384698868,0.007829621434211731
570075866748694528,2015-02-24 04:20:52+00:00,@USAirways thank u i wiil write after call  travel agency,@USAirways thank u i wiil write after call travel agency,0,US Airways,neutral,positive,0.5626351237297058,0.024240894243121147,0.4131239950656891,0.5626351237297058
569473302940372992,2015-02-22 12:26:30+00:00,@united met with agent. All taken care of. Thx for reply,@united met with agent. All taken care of. Thx for reply,0,United,positive,positive,0.6301907896995544,0.010300525464117527,0.3595086634159088,0.6301907896995544
570188684881821696,2015-02-24 11:49:10+00:00,@united Booked a flight home over 7 months ago and requested seats together for my fiancée and I. We got 2 middle seats. UNACCEPTABLE. The,@united Booked a flight home over 7 months ago and requested seats together for my fiancée and I. We got 2 middle seats. UNACCEPTABLE. The,0,United,negative,negative,0.7988722324371338,0.7988722324371338,0.18382690846920013,0.017300883308053017
569764275700375552,2015-02-23 07:42:43+00:00,@AmericanAir has to be the worst airline in the world #yousuck #horrible #Oscars2015,@AmericanAir has to be the worst airline in the world #yousuck #horrible #Oscars2015,0,American,negative,negative,0.961954653263092,0.961954653263092,0.031165048480033875,0.006880268454551697
570220208037584896,2015-02-24 13:54:26+00:00,@AmericanAir why thank you!! Yayayay!!,@AmericanAir why thank you!! Yayayay!!,0,American,positive,positive,0.9872662425041199,0.002365365857258439,0.010368329472839832,0.9872662425041199
570240896387710976,2015-02-24 15:16:38+00:00,@AmericanAir forgot to select my ksml on my flight to LA and it's a few minutes under the 24 hour mark. Is there any way to change it?,@AmericanAir forgot to select my ksml on my flight to LA and it's a few minutes under the 24 hour mark. Is there any way to change it?,0,American,neutral,negative,0.7835473418235779,0.7835473418235779,0.20938830077648163,0.007064260542392731
569865011788693504,2015-02-23 14:23:01+00:00,@united how about starting without the robotic response?,@united how about starting without the robotic response?,0,United,negative,neutral,0.5580703020095825,0.42424893379211426,0.5580703020095825,0.017680762335658073
568031706944540672,2015-02-18 12:58:07+00:00,"@USAirways Thanks means a lot after I was verbally cussed out, charged extra for a bag, &amp; then told "" I don't feel like dealing with it"" 😒","@USAirways Thanks means a lot after I was verbally cussed out, charged extra for a bag, & then told "" I don't feel like dealing with it"" 😒",0,US Airways,negative,negative,0.9039911031723022,0.9039911031723022,0.08594583719968796,0.01006303634494543
567832640289579008,2015-02-17 23:47:05+00:00,@united thanks for all the help! Totally appreciate it and you made it super easy too,@united thanks for all the help! Totally appreciate it and you made it super easy too,0,United,positive,positive,0.9849359393119812,0.004068121779710054,0.010995889082551003,0.9849359393119812
568127477555441664,2015-02-18 19:18:40+00:00,@USAirways I have sent letter after letter and get back nothing but form letters and half baked reply's #usairwaysssuck,@USAirways I have sent letter after letter and get back nothing but form letters and half baked reply's #usairwaysssuck,0,US Airways,negative,negative,0.9378053545951843,0.9378053545951843,0.055690448731184006,0.00650421716272831
569338032572116992,2015-02-22 03:28:59+00:00,@united traveling with 3 young kids!! Chose our original flights for a reason.,@united traveling with 3 young kids!! Chose our original flights for a reason.,0,United,neutral,neutral,0.5532248616218567,0.2845240533351898,0.5532248616218567,0.1622510701417923
569935261947330560,2015-02-23 19:02:09+00:00,@united I can't DM you so here's the confirmation # G8CVWJ - please is there any way I can make it to Kailua tonight? Thank you,@united I can't DM you so here's the confirmation # G8CVWJ - please is there any way I can make it to Kailua tonight? Thank you,1,United,neutral,neutral,0.8473303914070129,0.023624826222658157,0.8473303914070129,0.12904475629329681
570264556443824128,2015-02-24 16:50:39+00:00,@united another fail for the United ticket agents in OKC. LESS than helpful and could care less about our problems. American here we come.,@united another fail for the United ticket agents in OKC. LESS than helpful and could care less about our problems. American here we come.,0,United,negative,negative,0.9432371854782104,0.9432371854782104,0.05040577054023743,0.006357027683407068
568987303302950913,2015-02-21 04:15:19+00:00,"@united THAT'S the tweet u choose to answer, to tell me you're not liable?! #youretheworst #neveragain","@united THAT'S the tweet u choose to answer, to tell me you're not liable?! #youretheworst #neveragain",1,United,negative,negative,0.9418309926986694,0.9418309926986694,0.05188663303852081,0.006282343994826078
568173724974878720,2015-02-18 22:22:26+00:00,@USAirways ...these changes as well to Late Flightr find out that the flight I was scheduled for isn't ready,@USAirways ...these changes as well to Late Flightr find out that the flight I was scheduled for isn't ready,0,US Airways,negative,negative,0.7990279197692871,0.7990279197692871,0.1915811449289322,0.009390933439135551
568855390462603264,2015-02-20 19:31:08+00:00,"@SouthwestAir#4569 Cancelled Flightled, had to get refund. Cancelled Flightlations happen. But the 25+ min phone wait &amp; painful music unacceptable. Come on...","@SouthwestAir#4569 Cancelled Flightled, had to get refund. Cancelled Flightlations happen. But the 25+ min phone wait & painful music unacceptable. Come on...",0,Southwest,negative,negative,0.8905596733093262,0.8905596733093262,0.10282853245735168,0.006611844524741173
569116399039344640,2015-02-21 12:48:17+00:00,"@united It isnt simple issue, generally how you set up check in/baggage policies at Logan and general unhelpfulness of employees in early AM","@united It isnt simple issue, generally how you set up check in/baggage policies at Logan and general unhelpfulness of employees in early AM",0,United,negative,negative,0.8534883260726929,0.8534883260726929,0.1389039158821106,0.007607783656567335
569709552721141764,2015-02-23 04:05:16+00:00,@AmericanAir - I am Platinum.  I am flying USAir and they have stranded me in CLT.  Not answering phones. Did not rebook me.  Please help?,@AmericanAir - I am Platinum. I am flying USAir and they have stranded me in CLT. Not answering phones. Did not rebook me. Please help?,0,American,negative,negative,0.8424816131591797,0.8424816131591797,0.15123482048511505,0.00628356309607625
568189029478481920,2015-02-18 23:23:15+00:00,"@JetBlue Left my coat on flight 453 this morning in overhead bin.  Reported seat 12A, but I was 11A.  Thx.  Ticket 2792125083854","@JetBlue Left my coat on flight 453 this morning in overhead bin. Reported seat 12A, but I was 11A. Thx. Ticket 2792125083854",0,Delta,neutral,neutral,0.5768458843231201,0.39173245429992676,0.5768458843231201,0.03142160549759865
569890333456117760,2015-02-23 16:03:38+00:00,@SouthwestAir to start 2xdaily #B737-700 flights from #OrangeCounty to #Portland OR on 8AUG #avgeek,@SouthwestAir to start 2xdaily #B737-700 flights from #OrangeCounty to #Portland OR on 8AUG #avgeek,0,Southwest,neutral,neutral,0.9365747570991516,0.024482928216457367,0.9365747570991516,0.038942329585552216
569522479049400320,2015-02-22 15:41:54+00:00,"@USAirways My family, friends and colleagues will NEVER  fly USAir again. Bad weather happens. The good airlines seem to communicate better.","@USAirways My family, friends and colleagues will NEVER fly USAir again. Bad weather happens. The good airlines seem to communicate better.",3,US Airways,negative,negative,0.8936649560928345,0.8936649560928345,0.09451260417699814,0.011822404339909554
569219656482824192,2015-02-21 19:38:36+00:00,"@JetBlue Love your airline...hate your website.  Just tried to book 2 tickets (1 w miles, 1 w/out).  Absolute joke.   Needs a lot of work!","@JetBlue Love your airline...hate your website. Just tried to book 2 tickets (1 w miles, 1 w/out). Absolute joke. Needs a lot of work!",0,Delta,negative,negative,0.9359513521194458,0.9359513521194458,0.055762436240911484,0.008286266587674618
568716618794209280,2015-02-20 10:19:42+00:00,@united then send your Jeff Smisek on a trip with JetBlue or SW and make sure he takes notes. I would never choose to fly United again.,@united then send your Jeff Smisek on a trip with JetBlue or SW and make sure he takes notes. I would never choose to fly United again.,0,United,negative,negative,0.8935427665710449,0.8935427665710449,0.0986381247639656,0.007819131016731262
568432609866457088,2015-02-19 15:31:09+00:00,@JetBlue managers telling us to write a letter because we're upset about our tickets to leave tomorrow getting Cancelled Flightled without any notice,@JetBlue managers telling us to write a letter because we're upset about our tickets to leave tomorrow getting Cancelled Flightled without any notice,0,Delta,negative,negative,0.8756842017173767,0.8756842017173767,0.11861243098974228,0.00570331234484911
569623396729917440,2015-02-22 22:22:55+00:00,"@USAirways Best part was hearing the attendant give a voucher to person next to me for hotel at BGR. Then my guy saying ""we don't do that""","@USAirways Best part was hearing the attendant give a voucher to person next to me for hotel at BGR. Then my guy saying ""we don't do that""",0,US Airways,negative,positive,0.7708938717842102,0.021800177171826363,0.20730595290660858,0.7708938717842102
567733177590874114,2015-02-17 17:11:52+00:00,@united I appreciate the follow up.,@united I appreciate the follow up.,0,United,positive,positive,0.8060570955276489,0.012538697570562363,0.1814042031764984,0.8060570955276489
569197921150902272,2015-02-21 18:12:14+00:00,@united 14 hours after landing in #ATL &amp; I still do not have my bags...which means no clothes or makeup!!! #UnitedAirlines #nothappy,@united 14 hours after landing in #ATL & I still do not have my bags...which means no clothes or makeup!!! #UnitedAirlines #nothappy,0,United,negative,negative,0.9071578979492188,0.9071578979492188,0.08433368802070618,0.008508357219398022
569642569203904512,2015-02-22 23:39:06+00:00,"@JetBlue yes, please get me the seats we paid for.","@JetBlue yes, please get me the seats we paid for.",0,Delta,negative,neutral,0.5579690337181091,0.07185433059930801,0.5579690337181091,0.37017667293548584
569944807830736896,2015-02-23 19:40:05+00:00,@AmericanAir I have the app - after my nonsense flight Cancelled Flightation yesterday I wasn't able to use the app or kiosk today. Hour long line.,@AmericanAir I have the app - after my nonsense flight Cancelled Flightation yesterday I wasn't able to use the app or kiosk today. Hour long line.,0,American,negative,negative,0.8897035121917725,0.8897035121917725,0.10301084071397781,0.007285628467798233
570104704241307649,2015-02-24 06:15:28+00:00,@USAirways flt 1820 2rsw could have extended the courtsey of waiting 2min 4 10 of us.... gates closed in r faces.  Ur fired,@USAirways flt 1820 2rsw could have extended the courtsey of waiting 2min 4 10 of us.... gates closed in r faces. Ur fired,0,US Airways,negative,negative,0.8536426424980164,0.8536426424980164,0.1388736516237259,0.0074836923740804195
569626951733932032,2015-02-22 22:37:03+00:00,"@AmericanAir we are waiting flight 919 !
We are at JFK for about 24h !! #NewYork #919 #viracopos #AmericanAirlines http://t.co/3FheS0lPMU",@AmericanAir we are waiting flight 919 ! We are at JFK for about 24h !! #NewYork #919 #viracopos #AmericanAirlines,0,American,negative,neutral,0.754951536655426,0.07362636923789978,0.754951536655426,0.17142201960086823
569970938525016065,2015-02-23 21:23:55+00:00,@united by the time I finally get to Dallas I could have driven with less frustration and cheaper.,@united by the time I finally get to Dallas I could have driven with less frustration and cheaper.,0,United,negative,neutral,0.5544859766960144,0.1276361644268036,0.5544859766960144,0.31787779927253723
569729325546602497,2015-02-23 05:23:50+00:00,@united You are a F&amp;$KING joke. Your customer service is woeful. If your staff tell a passenger that they will do something do it!,@united You are a F&$KING joke. Your customer service is woeful. If your staff tell a passenger that they will do something do it!,0,United,negative,negative,0.9543203711509705,0.9543203711509705,0.03990324214100838,0.0057763285003602505
569554065606074368,2015-02-22 17:47:25+00:00,"@SouthwestAir check the head of the plane, there has been dynamite placed onto it","@SouthwestAir check the head of the plane, there has been dynamite placed onto it",0,Southwest,neutral,neutral,0.615359365940094,0.3534550666809082,0.615359365940094,0.031185563653707504
569827206928715776,2015-02-23 11:52:47+00:00,"That's not the case.. They sent me a email with a link, I'll show you.. @USAirways http://t.co/hb799CCo0t","That's not the case.. They sent me a email with a link, I'll show you.. @USAirways",0,US Airways,neutral,neutral,0.6357900500297546,0.3318939208984375,0.6357900500297546,0.03231600299477577
568795746721513472,2015-02-20 15:34:08+00:00,@SouthwestAir flight from BWI to ISP ready to go! Thanks for keeping us warm! #FrigidFriday http://t.co/bfPfW6eyKU,@SouthwestAir flight from BWI to ISP ready to go! Thanks for keeping us warm! #FrigidFriday,0,Southwest,positive,positive,0.9536550045013428,0.0030676608439534903,0.043277326971292496,0.9536550045013428
570068435805310976,2015-02-24 03:51:21+00:00,@united I hope so too,@united I hope so too,0,United,neutral,positive,0.8815438151359558,0.0077057345770299435,0.1107504591345787,0.8815438151359558
570014474993688576,2015-02-24 00:16:55+00:00,@SouthwestAir hope your flyers get a credit of some sort for all the delays and Cancelled Flightlations #shittydeal #notimpressed,@SouthwestAir hope your flyers get a credit of some sort for all the delays and Cancelled Flightlations #shittydeal #notimpressed,0,Southwest,negative,negative,0.9238516688346863,0.9238516688346863,0.06853745877742767,0.00761089101433754
568650933049147392,2015-02-20 05:58:42+00:00,"@SouthwestAir Promotion also said two free round trip flights. Nope, had to pay $200 extra for chi to Vegas. Bait&amp;switch.","@SouthwestAir Promotion also said two free round trip flights. Nope, had to pay $200 extra for chi to Vegas. Bait&switch.",0,Southwest,negative,negative,0.8420875072479248,0.8420875072479248,0.14603672921657562,0.01187569834291935
569415109933531136,2015-02-22 08:35:16+00:00,@united an inconvenience is a weather delay. Your pilot deciding to waste enough time so the FAA wouldn't let him fly is negligence.,@united an inconvenience is a weather delay. Your pilot deciding to waste enough time so the FAA wouldn't let him fly is negligence.,0,United,negative,negative,0.9032692313194275,0.9032692313194275,0.09148037433624268,0.005250356160104275
569946219826548736,2015-02-23 19:45:42+00:00,@SouthwestAir could you please tell me if there is a way to add a RR# to a flight that already took place?,@SouthwestAir could you please tell me if there is a way to add a RR# to a flight that already took place?,0,Southwest,neutral,neutral,0.9136165380477905,0.05721614137291908,0.9136165380477905,0.02916727401316166
569820619682009088,2015-02-23 11:26:37+00:00,"@AmericanAir Hi guys, can you tell me what the emergency is for #AA65 diverting to #Heathrow from Zurich-New York? Thanks, John.","@AmericanAir Hi guys, can you tell me what the emergency is for #AA65 diverting to #Heathrow from Zurich-New York? Thanks, John.",0,American,neutral,neutral,0.8966836333274841,0.024439729750156403,0.8966836333274841,0.07887670397758484
570306715599695874,2015-02-24 19:38:11+00:00,@AmericanAir Mold on my flight?!? US3825 #filthyplane #hopeidonotgetsick http://t.co/zIK2UoXGnW,@AmericanAir Mold on my flight?!? US3825 #filthyplane #hopeidonotgetsick,0,American,negative,negative,0.9418010711669922,0.9418010711669922,0.05181358382105827,0.00638527050614357
569626884549578752,2015-02-22 22:36:47+00:00,"@JetBlue if you want to be helpful, find us a seat. Don't quote terms and conditions. #jetbluefail","@JetBlue if you want to be helpful, find us a seat. Don't quote terms and conditions. #jetbluefail",0,Delta,negative,negative,0.7860561609268188,0.7860561609268188,0.19466596841812134,0.01927786134183407
567868770284208128,2015-02-18 02:10:39+00:00,"@SouthwestAir @travelportland welcome to Portland. Sun, Mt hood and Southwest. http://t.co/y3SAHVX3Zk","@SouthwestAir @travelportland welcome to Portland. Sun, Mt hood and Southwest.",0,Southwest,neutral,positive,0.7881580591201782,0.004109636880457401,0.20773233473300934,0.7881580591201782
568913412505251840,2015-02-20 23:21:42+00:00,@SouthwestAir http://t.co/tTXRSyNLxr doesn't work on my flight. Just fyi.,@SouthwestAir doesn't work on my flight. Just fyi.,0,Southwest,negative,negative,0.7835819721221924,0.7835819721221924,0.20534572005271912,0.01107228733599186
569879497891303424,2015-02-23 15:20:34+00:00,@JetBlue what's the easiest way to get a ticket receipt? Can I get one at check in or can I get one online? Thanks!,@JetBlue what's the easiest way to get a ticket receipt? Can I get one at check in or can I get one online? Thanks!,0,Delta,neutral,neutral,0.7657395601272583,0.020282713696360588,0.7657395601272583,0.21397770941257477
569669815205560320,2015-02-23 01:27:22+00:00,@USAirways PLEASE HELP need our plane to wait to go to #ELMIRA on Tarmac over an hr baggage took 45 and still not here thru customs,@USAirways PLEASE HELP need our plane to wait to go to #ELMIRA on Tarmac over an hr baggage took 45 and still not here thru customs,0,US Airways,negative,negative,0.8215361833572388,0.8215361833572388,0.1641419529914856,0.01432184036821127
569312530620817408,2015-02-22 01:47:39+00:00,@USAirways waited for 3 hours NO LUGGAGE line too long left airport when flight Cancelled Flighted WHERE does luggage GO? On hold for 1 hour so far,@USAirways waited for 3 hours NO LUGGAGE line too long left airport when flight Cancelled Flighted WHERE does luggage GO? On hold for 1 hour so far,0,US Airways,negative,negative,0.9012525081634521,0.9012525081634521,0.09158647060394287,0.007161029614508152
568168505998229505,2015-02-18 22:01:42+00:00,@JetBlue Only wish your ground operation was as expedient as your Twitter response team! Delay just got extended!,@JetBlue Only wish your ground operation was as expedient as your Twitter response team! Delay just got extended!,0,Delta,negative,negative,0.7590658664703369,0.7590658664703369,0.19470757246017456,0.04622657597064972
570271138464419840,2015-02-24 17:16:49+00:00,@SouthwestAir need to learn how to treat people with respect and just a little dignity. #FAIL,@SouthwestAir need to learn how to treat people with respect and just a little dignity. #FAIL,0,Southwest,negative,negative,0.9166199564933777,0.9166199564933777,0.07398945838212967,0.009390502236783504
569863871030292481,2015-02-23 14:18:29+00:00,"@AmericanAir I hear #Delta is offering 2,500 miles to frequent flyers if their bags doesn't come out within 20 minutes of landing thoughts?","@AmericanAir I hear #Delta is offering 2,500 miles to frequent flyers if their bags doesn't come out within 20 minutes of landing thoughts?",0,American,neutral,neutral,0.6268499493598938,0.347626656293869,0.6268499493598938,0.025523466989398003
569673434721951744,2015-02-23 01:41:45+00:00,@AmericanAir you changed my AAdvantage travel plans &amp; I called 800-433-7300 to get help but it sea ur too busy &amp; hangs up on me. What gives?,@AmericanAir you changed my AAdvantage travel plans & I called 800-433-7300 to get help but it sea ur too busy & hangs up on me. What gives?,0,American,negative,negative,0.8914421796798706,0.8914421796798706,0.10242271423339844,0.006135093979537487
569624009354170369,2015-02-22 22:25:21+00:00,"@USAirways his name is Rett Cavan, he has a gofundme page, and is going to take his last breath tonight. This airline only cares about money","@USAirways his name is Rett Cavan, he has a gofundme page, and is going to take his last breath tonight. This airline only cares about money",0,US Airways,negative,negative,0.8911364674568176,0.8911364674568176,0.10092131048440933,0.007942195981740952
568598882613133314,2015-02-20 02:31:52+00:00,"@USAirways I know that, thanks. Evaluate further ;-) ... -Chairman","@USAirways I know that, thanks. Evaluate further ;-) ... -Chairman",0,US Airways,positive,positive,0.7572580575942993,0.004566952586174011,0.2381749451160431,0.7572580575942993
570019623078383616,2015-02-24 00:37:23+00:00,@USAirways I’d suggest proper information dissemination to all staff on a more timely &amp; relevant schedule to prevent this in the future.,@USAirways I’d suggest proper information dissemination to all staff on a more timely & relevant schedule to prevent this in the future.,0,US Airways,neutral,neutral,0.5921905040740967,0.35011500120162964,0.5921905040740967,0.05769451707601547
569931387073105920,2015-02-23 18:46:46+00:00,The saga of the @MelissaAFrancis bag delay w/ @United - will there be a reunion or will she be forced to go shopping? Stay tuned.,The saga of the @MelissaAFrancis bag delay w/ @United - will there be a reunion or will she be forced to go shopping? Stay tuned.,0,United,negative,neutral,0.886315643787384,0.0940723866224289,0.886315643787384,0.01961192861199379
569514031695962112,2015-02-22 15:08:20+00:00,@USAirways no one is coming to line. On hold for 4 hours. Can u help here if I provide conf code?,@USAirways no one is coming to line. On hold for 4 hours. Can u help here if I provide conf code?,0,US Airways,negative,negative,0.874492347240448,0.874492347240448,0.119324691593647,0.006182926706969738
569284604567228416,2015-02-21 23:56:41+00:00,@JetBlue thanks. Can you change the music in the boarding gates?,@JetBlue thanks. Can you change the music in the boarding gates?,0,Delta,neutral,neutral,0.6097889542579651,0.009094327688217163,0.6097889542579651,0.38111671805381775
568885556718907392,2015-02-20 21:31:00+00:00,@united yes! I'll be sending an email to customer service today.,@united yes! I'll be sending an email to customer service today.,0,United,neutral,neutral,0.5387078523635864,0.006357594858855009,0.5387078523635864,0.4549344778060913
569370900568502272,2015-02-22 05:39:35+00:00,"@united more people stranded cause you suck. Better yet, you weasel out of Flight Booking Problems rooms for people claiming weather http://t.co/Flcnnn2USD","@united more people stranded cause you suck. Better yet, you weasel out of Flight Booking Problems rooms for people claiming weather",0,United,negative,negative,0.9343557953834534,0.9343557953834534,0.06042242422699928,0.005221802741289139
569634575653183488,2015-02-22 23:07:20+00:00,@JetBlue I think I have it selected already ☺️,@JetBlue I think I have it selected already ☺️,0,Delta,neutral,positive,0.8304334878921509,0.002906609093770385,0.166659876704216,0.8304334878921509
569631508379664384,2015-02-22 22:55:09+00:00,@united it was such a lovely part of this long day - attendants on UA5168 (most) /UA795 were beyond exceptional today. #GiveThoseLadiesRaise,@united it was such a lovely part of this long day - attendants on UA5168 (most) /UA795 were beyond exceptional today. #GiveThoseLadiesRaise,0,United,positive,positive,0.9874883890151978,0.003262091428041458,0.009249580092728138,0.9874883890151978
568454161962049536,2015-02-19 16:56:48+00:00,@JetBlue What else could possibly take the place of coffee at that hour??Hope pilot wasn't relying on aircraft for caffeine. #needcoffee,@JetBlue What else could possibly take the place of coffee at that hour??Hope pilot wasn't relying on aircraft for caffeine. #needcoffee,0,Delta,negative,negative,0.5740067958831787,0.5740067958831787,0.38352546095848083,0.04246772825717926
568169837878484992,2015-02-18 22:07:00+00:00,"@SouthwestAir luckily, the people working the BSO at Chicago Midway have been very attentive and found our bags in Punta Cana.","@SouthwestAir luckily, the people working the BSO at Chicago Midway have been very attentive and found our bags in Punta Cana.",0,Southwest,positive,positive,0.7874528765678406,0.011481150053441525,0.20106597244739532,0.7874528765678406
569473231498964992,2015-02-22 12:26:13+00:00,@Jetblue I'm so sorry I cheated on you with @Delta @DeltaAssist. Please take me back. I wore protection.,@Jetblue I'm so sorry I cheated on you with @Delta @DeltaAssist. Please take me back. I wore protection.,0,Delta,neutral,negative,0.9095364212989807,0.9095364212989807,0.08138501644134521,0.009078508242964745
568840506148573186,2015-02-20 18:31:59+00:00,@JetBlue i love this song &lt;3 thanks @JetBlue,@JetBlue i love this song &lt;3 thanks @JetBlue,0,Delta,positive,positive,0.9889475107192993,0.0030464951414614916,0.008005950599908829,0.9889475107192993
568913643779203073,2015-02-20 23:22:37+00:00,@SouthwestAir I would be eternally grateful for tickets to the Vegas show ( ͡° ͜ʖ ͡°) God bless,@SouthwestAir I would be eternally grateful for tickets to the Vegas show ( ͡° ͜ʖ ͡°) God bless,0,Southwest,neutral,positive,0.9837514758110046,0.0028692674823105335,0.013379228301346302,0.9837514758110046
568081386520723456,2015-02-18 16:15:31+00:00,.@united Don't post a link to an article that verifies the initial complaint with 20+ comments saying the same thing. @harris,.@united Don't post a link to an article that verifies the initial complaint with 20+ comments saying the same thing. @harris,0,United,negative,negative,0.8826732635498047,0.8826732635498047,0.11183522641658783,0.005491483025252819
569904589010575360,2015-02-23 17:00:16+00:00,@USAirways over the phone. I called the 6170 number and she picked up almost immediately.,@USAirways over the phone. I called the 6170 number and she picked up almost immediately.,0,US Airways,positive,neutral,0.7505249381065369,0.15154755115509033,0.7505249381065369,0.0979275032877922
570272714205863936,2015-02-24 17:23:04+00:00,@SouthwestAir I was told by customer service that only customer relations can extend the expiration date of my unused travel funds.,@SouthwestAir I was told by customer service that only customer relations can extend the expiration date of my unused travel funds.,0,Southwest,negative,negative,0.7242047786712646,0.7242047786712646,0.2643476128578186,0.011447633616626263
569517323180236800,2015-02-22 15:21:25+00:00,@united Delayed more and more these days. MCO &gt; IAD. Fingers crossed I make my connection home to Albany. #united1K,@united Delayed more and more these days. MCO &gt; IAD. Fingers crossed I make my connection home to Albany. #united1K,0,United,negative,negative,0.456600159406662,0.456600159406662,0.4328591823577881,0.11054059863090515
568883664219537408,2015-02-20 21:23:29+00:00,@united this is for a check-in luggage. Employee told me not to include wheels in the dimensions.,@united this is for a check-in luggage. Employee told me not to include wheels in the dimensions.,0,United,neutral,negative,0.5276493430137634,0.5276493430137634,0.4542001187801361,0.01815054751932621
568930822952103938,2015-02-21 00:30:53+00:00,@JetBlue just called that number and left message. Are you at to pass along message to team too?,@JetBlue just called that number and left message. Are you at to pass along message to team too?,0,Delta,negative,neutral,0.7465493083000183,0.2376784235239029,0.7465493083000183,0.01577223837375641
568857278721478656,2015-02-20 19:38:38+00:00,@USAirways #2066. Was on plane from PBI to CLT and knew about the frozen water. Also saw a plane to NYC take off at the gate next door!,@USAirways #2066. Was on plane from PBI to CLT and knew about the frozen water. Also saw a plane to NYC take off at the gate next door!,0,US Airways,negative,neutral,0.7669169902801514,0.15733544528484344,0.7669169902801514,0.07574756443500519
568809510644527104,2015-02-20 16:28:49+00:00,"@JetBlue we've been delayed for almost 2 hrs. I take JetBlue because I've had good luck, but today is really frustrating.","@JetBlue we've been delayed for almost 2 hrs. I take JetBlue because I've had good luck, but today is really frustrating.",0,Delta,negative,negative,0.9003348350524902,0.9003348350524902,0.08106940239667892,0.018595727160573006
570017568964132865,2015-02-24 00:29:13+00:00,@USAirways very embarrassing.,@USAirways very embarrassing.,0,US Airways,negative,negative,0.9501011371612549,0.9501011371612549,0.04389019310474396,0.006008741445839405
569626703959494656,2015-02-22 22:36:04+00:00,@AmericanAir most horrendous service ever !! On off two planes. Been in Phil for 10 hrs. Now captain can't get flight info to print? #wtf,@AmericanAir most horrendous service ever !! On off two planes. Been in Phil for 10 hrs. Now captain can't get flight info to print? #wtf,0,American,negative,negative,0.9430695176124573,0.9430695176124573,0.05190523341298103,0.005025292281061411
568252805036638209,2015-02-19 03:36:41+00:00,@United I'm pretty sure I've got shin splits from SPRINTING through IAH only to watch my plane pull away from the jet way...,@United I'm pretty sure I've got shin splits from SPRINTING through IAH only to watch my plane pull away from the jet way...,0,United,negative,negative,0.7701572775840759,0.7701572775840759,0.21512150764465332,0.014721143990755081
568510973469855745,2015-02-19 20:42:33+00:00,".@JetBlue Wish you would make Austin, TX a hub. Missing you as my “only” airline for all my biz travel since I moved from BOS. :(",".@JetBlue Wish you would make Austin, TX a hub. Missing you as my “only” airline for all my biz travel since I moved from BOS. :(",1,Delta,positive,negative,0.6322429180145264,0.6322429180145264,0.26844578981399536,0.09931129962205887
569928540004753409,2015-02-23 18:35:27+00:00,@USAirways nice try at the gate making traveler after traveler put bags in the size guide because you oversold.  Sorry #minefits,@USAirways nice try at the gate making traveler after traveler put bags in the size guide because you oversold. Sorry #minefits,0,US Airways,negative,negative,0.8708399534225464,0.8708399534225464,0.11832799017429352,0.010832042433321476
569662030984056834,2015-02-23 00:56:26+00:00,@USAirways What is happening? Have been sitting in Philly for hours. Pls take care of Flight 759 to Chicago. At least least us know! #soLate Flight,@USAirways What is happening? Have been sitting in Philly for hours. Pls take care of Flight 759 to Chicago. At least least us know! #soLate Flight,0,US Airways,negative,negative,0.8750344514846802,0.8750344514846802,0.11386913806200027,0.01109643280506134
569698856037789696,2015-02-23 03:22:46+00:00,@AmericanAir @DuaneNClark  ever think about being prepared and bringing in more people? Does anyone have any business sense at AA?,@AmericanAir @DuaneNClark ever think about being prepared and bringing in more people? Does anyone have any business sense at AA?,0,American,negative,negative,0.8143370151519775,0.8143370151519775,0.1768798828125,0.008783143013715744
568168661732724736,2015-02-18 22:02:19+00:00,"@united well, thanks for not charging me for switching my two Cancelled Flightled flights anyway. That was pretty nice. #stillmakingmepoorthough","@united well, thanks for not charging me for switching my two Cancelled Flightled flights anyway. That was pretty nice. #stillmakingmepoorthough",0,United,positive,positive,0.8508995771408081,0.030333833768963814,0.11876659840345383,0.8508995771408081
569638381375909889,2015-02-22 23:22:28+00:00,@USAirways who do I contact about my awful experience I had 2/15/15 with @USAirways Flight 713 BUF-CLT?,@USAirways who do I contact about my awful experience I had 2/15/15 with @USAirways Flight 713 BUF-CLT?,1,US Airways,negative,negative,0.8921215534210205,0.8921215534210205,0.10200610011816025,0.00587238697335124
569312688272052224,2015-02-22 01:48:16+00:00,@SouthwestAir just sent another 4 drink coupons....I think I have over 30 coupons now. free drinks anyone?,@SouthwestAir just sent another 4 drink coupons....I think I have over 30 coupons now. free drinks anyone?,0,Southwest,positive,neutral,0.5738717913627625,0.07432134449481964,0.5738717913627625,0.3518068194389343
567899319157669888,2015-02-18 04:12:03+00:00,@SouthwestAir I need some help with a reservation,@SouthwestAir I need some help with a reservation,0,Southwest,neutral,neutral,0.7821664214134216,0.15087518095970154,0.7821664214134216,0.06695844233036041
569944182011379712,2015-02-23 19:37:36+00:00,"@USAirways US 728 pilot started the flight by announcing arrival into Gatwick, not Heathrow. Moments of concern for all aboard.","@USAirways US 728 pilot started the flight by announcing arrival into Gatwick, not Heathrow. Moments of concern for all aboard.",0,US Airways,negative,negative,0.6470559239387512,0.6470559239387512,0.3387524485588074,0.01419172901660204
568170405552205824,2015-02-18 22:09:15+00:00,@united nope. Really. No window at all for 10A. 10F has one. 8 and 11 has one. None for 10A. So sad...,@united nope. Really. No window at all for 10A. 10F has one. 8 and 11 has one. None for 10A. So sad...,0,United,negative,negative,0.9019898176193237,0.9019898176193237,0.09046734869480133,0.0075428602285683155
567761644802293760,2015-02-17 19:04:59+00:00,@JetBlue - BlueManity brought tears to my eyes. JetBlue' s commitment to giving back to the crewmembers and the community is aww inspiring!,@JetBlue - BlueManity brought tears to my eyes. JetBlue' s commitment to giving back to the crewmembers and the community is aww inspiring!,0,Delta,positive,positive,0.9852535128593445,0.0035797597374767065,0.011166715994477272,0.9852535128593445
567926839630557184,2015-02-18 06:01:24+00:00,@USAirways Worst experience ever. Unable 2 help over phone and told at last min cabin crew unavailable for flight. Never again #USAirways,@USAirways Worst experience ever. Unable 2 help over phone and told at last min cabin crew unavailable for flight. Never again #USAirways,0,US Airways,negative,negative,0.9524892568588257,0.9524892568588257,0.04273824766278267,0.004772503394633532
569954199821275136,2015-02-23 20:17:25+00:00,@AmericanAir it's GTSVYB. It says it's Cancelled Flightled when I try to check.,@AmericanAir it's GTSVYB. It says it's Cancelled Flightled when I try to check.,0,American,negative,negative,0.7512692213058472,0.7512692213058472,0.2411293387413025,0.007601473480463028
570306423818723328,2015-02-24 19:37:01+00:00,"@AmericanAir is the new 9:45 time confirmed or it may get Cancelled Flightled? Traveling with kids, need to be certain. Thx","@AmericanAir is the new 9:45 time confirmed or it may get Cancelled Flightled? Traveling with kids, need to be certain. Thx",0,American,neutral,neutral,0.5890722274780273,0.3918335437774658,0.5890722274780273,0.019094208255410194
568561924985782272,2015-02-20 00:05:00+00:00,@USAirways thank you finally got our bag. Customer services reps were wonderful.,@USAirways thank you finally got our bag. Customer services reps were wonderful.,0,US Airways,positive,positive,0.9791802763938904,0.004939711652696133,0.015880044549703598,0.9791802763938904
568440058895863808,2015-02-19 16:00:45+00:00,@SouthwestAir @jlittle100 Double up with this comment. PHL to anywhere South Florida is GONE GONE GONE. Hello US Air,@SouthwestAir @jlittle100 Double up with this comment. PHL to anywhere South Florida is GONE GONE GONE. Hello US Air,0,Southwest,negative,negative,0.84942227602005,0.84942227602005,0.1344170868396759,0.016160639002919197
569962901601005569,2015-02-23 20:51:59+00:00,@AmericanAir I had booked online but unable to Cancelled Flight online. But finally got thru.,@AmericanAir I had booked online but unable to Cancelled Flight online. But finally got thru.,0,American,neutral,neutral,0.6568140983581543,0.2945615351200104,0.6568140983581543,0.048624370247125626
569309296023998464,2015-02-22 01:34:48+00:00,"@united instead of be told when we board, we have to wait for the emails telling us about the delays.","@united instead of be told when we board, we have to wait for the emails telling us about the delays.",0,United,negative,negative,0.838340699672699,0.838340699672699,0.15484751760959625,0.0068117366172373295
569369008580874240,2015-02-22 05:32:04+00:00,@USAirways even alternate options are allready full...even with hotel voucher...no more room in philly?,@USAirways even alternate options are allready full...even with hotel voucher...no more room in philly?,0,US Airways,negative,negative,0.7745740413665771,0.7745740413665771,0.2137467861175537,0.011679183691740036
569495331399995392,2015-02-22 13:54:02+00:00,@SouthwestAir i forgot to put my tsa pre number in before I checked in. It is now in my profile but will it be on my boarding pass in the am,@SouthwestAir i forgot to put my tsa pre number in before I checked in. It is now in my profile but will it be on my boarding pass in the am,0,Southwest,neutral,negative,0.4978908896446228,0.4978908896446228,0.4862799048423767,0.015829233452677727
569910583694196736,2015-02-23 17:24:06+00:00,@SouthwestAir they arrived Late Flight but pilots got us to DIA on time. #impressive #outstanding #greatservice #allgood,@SouthwestAir they arrived Late Flight but pilots got us to DIA on time. #impressive #outstanding #greatservice #allgood,0,Southwest,positive,positive,0.972889244556427,0.005266830325126648,0.02184395119547844,0.972889244556427
568173151798108161,2015-02-18 22:20:10+00:00,"@USAirways that's understandable, my issue is with creating a new flight without the personnel to do it...I changed my plans to accommodate","@USAirways that's understandable, my issue is with creating a new flight without the personnel to do it...I changed my plans to accommodate",0,US Airways,negative,neutral,0.6233048439025879,0.3319164216518402,0.6233048439025879,0.04477876052260399
569634833917452288,2015-02-22 23:08:22+00:00,"@united when I click that link it wants my flight info. I haven't booked a flight yet. I read you waive fees for military, it this true?","@united when I click that link it wants my flight info. I haven't booked a flight yet. I read you waive fees for military, it this true?",0,United,neutral,negative,0.6012115478515625,0.6012115478515625,0.3875771760940552,0.011211240664124489
568140628959358976,2015-02-18 20:10:56+00:00,@SouthwestAir @love_dragonss lol I'm sorry I'm just seeing this now but LAUREN OH MY GOD AHHHH,@SouthwestAir @love_dragonss lol I'm sorry I'm just seeing this now but LAUREN OH MY GOD AHHHH,0,Southwest,positive,positive,0.6800102591514587,0.1305856853723526,0.18940405547618866,0.6800102591514587
569970608693493760,2015-02-23 21:22:37+00:00,"@USAirways even if I was the single most unreasonable human being on planet earth, there is no excuse for his treatment of me.","@USAirways even if I was the single most unreasonable human being on planet earth, there is no excuse for his treatment of me.",0,US Airways,negative,negative,0.9360861778259277,0.9360861778259277,0.05812116712331772,0.005792601965367794
569319928815202304,2015-02-22 02:17:03+00:00,@united you're terrible.,@united you're terrible.,0,United,negative,negative,0.9469296336174011,0.9469296336174011,0.04586193338036537,0.0072085196152329445
569879623317659648,2015-02-23 15:21:04+00:00,@united passengers should have been rerouted to match the intended arrival time (even if you have to incur cost to put us in other airlines),@united passengers should have been rerouted to match the intended arrival time (even if you have to incur cost to put us in other airlines),0,United,negative,neutral,0.5508466362953186,0.42193371057510376,0.5508466362953186,0.027219679206609726
569858655086120961,2015-02-23 13:57:45+00:00,.@AmericanAir @C2Next Would be great to get some help too! I've been trying since last night to get through.,.@AmericanAir @C2Next Would be great to get some help too! I've been trying since last night to get through.,0,American,negative,positive,0.8882768154144287,0.013103864155709743,0.09861931949853897,0.8882768154144287
569983375584272384,2015-02-23 22:13:21+00:00,@united someone needs to DM me and resolve this correctly. Extremely disappointed with the service I received. Terrible management.,@united someone needs to DM me and resolve this correctly. Extremely disappointed with the service I received. Terrible management.,0,United,negative,negative,0.9514645338058472,0.9514645338058472,0.0431259386241436,0.005409449338912964
569890109803220993,2015-02-23 16:02:44+00:00,@AmericanAir the app doesn't allow Canadian address. I used the mobile Canadian site and it will not let you select a passenger.,@AmericanAir the app doesn't allow Canadian address. I used the mobile Canadian site and it will not let you select a passenger.,0,American,negative,negative,0.8056069612503052,0.8056069612503052,0.18646346032619476,0.0079296063631773
567825347439370240,2015-02-17 23:18:07+00:00,@united I shouldn't have to spend my own $$$ on a hotel because of a weather delay. The weather being something COMPLETELY OUT OF MY CONTROL,@united I shouldn't have to spend my own $$$ on a hotel because of a weather delay. The weather being something COMPLETELY OUT OF MY CONTROL,0,United,negative,negative,0.9195985198020935,0.9195985198020935,0.07466446608304977,0.005737033672630787
570086014980648960,2015-02-24 05:01:12+00:00,@AmericanAir I'm at the airport right now and your people didn't know how to react and help me with this situation. Very frustrated.,@AmericanAir I'm at the airport right now and your people didn't know how to react and help me with this situation. Very frustrated.,0,American,negative,negative,0.9396880269050598,0.9396880269050598,0.05538053810596466,0.00493138050660491
569242143748964353,2015-02-21 21:07:57+00:00,"Cool thx! Only a couple more #PGAShow flights til I'm #Mosaic...can't wait. Will be easier to change flights when weathers bad
@JetBlue",Cool thx! Only a couple more #PGAShow flights til I'm #Mosaic...can't wait. Will be easier to change flights when weathers bad @JetBlue,0,Delta,positive,positive,0.9577314853668213,0.005030803848057985,0.037237733602523804,0.9577314853668213
567828700726620160,2015-02-17 23:31:26+00:00,@united once again your customer service rep was rude!   I asked a question and in turn got attitude.  Jane was no help.  Disgusted again!,@united once again your customer service rep was rude! I asked a question and in turn got attitude. Jane was no help. Disgusted again!,0,United,negative,negative,0.9476835131645203,0.9476835131645203,0.04690183326601982,0.005414613988250494
568349321634013184,2015-02-19 10:00:12+00:00,@VirginAmerica Atlantic ploughs a lone furrow in the #MiddleEast http://t.co/DCoBoKN7EE @TheNationalUAE,@VirginAmerica Atlantic ploughs a lone furrow in the #MiddleEast @TheNationalUAE,0,Virgin America,neutral,neutral,0.7215260863304138,0.25486621260643005,0.7215260863304138,0.023607701063156128
569913667476549632,2015-02-23 17:36:21+00:00,"@JetBlue For one way, not letting me select TO city....strange...and now some fairs look ""normal"" ????","@JetBlue For one way, not letting me select TO city....strange...and now some fairs look ""normal"" ????",0,Delta,negative,negative,0.8425629138946533,0.8425629138946533,0.1503482460975647,0.007088855374604464
569339181136113664,2015-02-22 03:33:33+00:00,@united Doesn't have to be same flight 2 and 2 will work also,@united Doesn't have to be same flight 2 and 2 will work also,0,United,neutral,neutral,0.7617431282997131,0.05047401785850525,0.7617431282997131,0.1877829134464264
570177752973885440,2015-02-24 11:05:44+00:00,"@AmericanAir Super Spring Tides and “Tide of The Century” Drawing tourists to French and U.K coasts:
http://t.co/gXdqORtsS0",@AmericanAir Super Spring Tides and “Tide of The Century” Drawing tourists to French and U.K coasts:,0,American,neutral,positive,0.6713903546333313,0.002040408318862319,0.32656925916671753,0.6713903546333313
568781819233091584,2015-02-20 14:38:47+00:00,@VirginAmerica are you ready!? Let's say it together.. 'Noooo turbulence today!' 😘,@VirginAmerica are you ready!? Let's say it together.. 'Noooo turbulence today!' 😘,0,Virgin America,neutral,positive,0.804904043674469,0.018651355057954788,0.17644456028938293,0.804904043674469
568054687993352192,2015-02-18 14:29:26+00:00,"@SouthwestAir Secondly, we did not begin boarding on time despite our aircraft being present and deplaned. Thus we left over 30 min Late Flight","@SouthwestAir Secondly, we did not begin boarding on time despite our aircraft being present and deplaned. Thus we left over 30 min Late Flight",0,Southwest,negative,negative,0.8114403486251831,0.8114403486251831,0.18007035553455353,0.008489244617521763
568482893913333762,2015-02-19 18:50:58+00:00,@USAirways Cancelled Flightled due to maintenance. The plane was there for 10 hours. Get your shit together because there are a lot of people unhappy.,@USAirways Cancelled Flightled due to maintenance. The plane was there for 10 hours. Get your shit together because there are a lot of people unhappy.,0,US Airways,negative,negative,0.9519177675247192,0.9519177675247192,0.043986473232507706,0.004095785319805145
568548205421563906,2015-02-19 23:10:29+00:00,"@united I was well taken care of, thanks. I've already been sent a survey request &amp; I'll share my positive experience (despite delay)","@united I was well taken care of, thanks. I've already been sent a survey request & I'll share my positive experience (despite delay)",0,United,positive,positive,0.9163959622383118,0.005984437186270952,0.07761961221694946,0.9163959622383118
570187686213918721,2015-02-24 11:45:12+00:00,@AmericanAir so great AA1103 sitting for an hour first technical problems now what?,@AmericanAir so great AA1103 sitting for an hour first technical problems now what?,0,American,negative,negative,0.4382822811603546,0.4382822811603546,0.2660984694957733,0.2956192195415497
570305264613765122,2015-02-24 19:32:25+00:00,@AmericanAir thank you!,@AmericanAir thank you!,0,American,positive,positive,0.8627830147743225,0.008346961811184883,0.12887008488178253,0.8627830147743225
569260366221348864,2015-02-21 22:20:22+00:00,@united haven’t before and haven’t this time &amp; have checked spam/junk mail just in case—nothing,@united haven’t before and haven’t this time & have checked spam/junk mail just in case—nothing,0,United,negative,neutral,0.6504493355751038,0.27666956186294556,0.6504493355751038,0.07288112491369247
570252965392592896,2015-02-24 16:04:36+00:00,@united despite my bag not making it to Newark good informative email tracking updates help!,@united despite my bag not making it to Newark good informative email tracking updates help!,0,United,positive,positive,0.5686065554618835,0.09510809183120728,0.33628538250923157,0.5686065554618835
568422454609219584,2015-02-19 14:50:48+00:00,@USAirways they had to turn the seat cushions over and clean the area. Please explain this issue?,@USAirways they had to turn the seat cushions over and clean the area. Please explain this issue?,0,US Airways,negative,negative,0.5868960022926331,0.5868960022926331,0.39771926403045654,0.015384702943265438
569012492598251520,2015-02-21 05:55:24+00:00,@united On last flight of the day no less. I am now driving 4 hours to Aspen thru a snowstorm Thx to your teams lack of customer empathy,@united On last flight of the day no less. I am now driving 4 hours to Aspen thru a snowstorm Thx to your teams lack of customer empathy,1,United,negative,negative,0.9283886551856995,0.9283886551856995,0.06422054767608643,0.0073907943442463875
569531651732217857,2015-02-22 16:18:21+00:00,@JetBlue any idea when the flight will actually take off?,@JetBlue any idea when the flight will actually take off?,0,Delta,neutral,neutral,0.6784887909889221,0.3089205026626587,0.6784887909889221,0.012590654194355011
569630266664325120,2015-02-22 22:50:13+00:00,@AmericanAir should be seeing this sunset from St. John usvi not philly!! http://t.co/DnDOepquKz,@AmericanAir should be seeing this sunset from St. John usvi not philly!!,0,American,neutral,negative,0.6928918361663818,0.6928918361663818,0.28600454330444336,0.021103665232658386
569577959440257025,2015-02-22 19:22:22+00:00,@united Name correct on original confirmation but spelled wrong on check-in reminder. First name and MI run together. Cause for concern?,@united Name correct on original confirmation but spelled wrong on check-in reminder. First name and MI run together. Cause for concern?,0,United,neutral,negative,0.6888477206230164,0.6888477206230164,0.3030916154384613,0.008060725405812263
569249783216537601,2015-02-21 21:38:19+00:00,@united my husband is supposed to fly RDU to IAD then IAD to FRA leaving in 2 hours. You Cancelled Flighted his flight and there's a 1hr wait on phone,@united my husband is supposed to fly RDU to IAD then IAD to FRA leaving in 2 hours. You Cancelled Flighted his flight and there's a 1hr wait on phone,0,United,negative,negative,0.8659740090370178,0.8659740090370178,0.12600986659526825,0.008016116917133331
567799412538494976,2015-02-17 21:35:03+00:00,"@usairways It was 9º, and some of us had left coats in our luggage in anticipation of cramped overhead bins :|","@usairways It was 9º, and some of us had left coats in our luggage in anticipation of cramped overhead bins :|",0,US Airways,negative,negative,0.6464760303497314,0.6464760303497314,0.32918548583984375,0.02433849684894085
567872392116191233,2015-02-18 02:25:03+00:00,@JetBlue offered to pay for tix at the airport BC we were never told that our reservation didn't go through. Was told I could pay $2275 pp.,@JetBlue offered to pay for tix at the airport BC we were never told that our reservation didn't go through. Was told I could pay $2275 pp.,0,Delta,negative,negative,0.589539647102356,0.589539647102356,0.3905782997608185,0.019882099702954292
568559381295407104,2015-02-19 23:54:54+00:00,@SouthwestAir please reply to my DM ♥️,@SouthwestAir please reply to my DM ♥️,0,Southwest,neutral,positive,0.639647364616394,0.013775452971458435,0.34657716751098633,0.639647364616394
569973352837853184,2015-02-23 21:33:31+00:00,@AmericanAir about when can I see a new American Airlines credit card to replace my USAIRWAYS dividend MasterCard?,@AmericanAir about when can I see a new American Airlines credit card to replace my USAIRWAYS dividend MasterCard?,0,American,neutral,neutral,0.7804319858551025,0.1741168349981308,0.7804319858551025,0.045451149344444275
568424596657078272,2015-02-19 14:59:19+00:00,@united I’ve filled out the form twice. No email. I have a lost item code. Can you verify it was received?,@united I’ve filled out the form twice. No email. I have a lost item code. Can you verify it was received?,0,United,negative,negative,0.6422172784805298,0.6422172784805298,0.3465360403060913,0.0112466374412179
569198999904886784,2015-02-21 18:16:31+00:00,@USAirways undermines the intelligence of customers by ignoring their complaints with their copy and paste canned responses #usairwaysfail,@USAirways undermines the intelligence of customers by ignoring their complaints with their copy and paste canned responses #usairwaysfail,0,US Airways,negative,negative,0.9291766881942749,0.9291766881942749,0.06508507579565048,0.005738273728638887
569759131143262208,2015-02-23 07:22:17+00:00,"@USAirways Please don't trivialize me.  This is a joke, not a slow day or slow experience","@USAirways Please don't trivialize me. This is a joke, not a slow day or slow experience",0,US Airways,negative,negative,0.9074385762214661,0.9074385762214661,0.08459370583295822,0.007967748679220676
569687410969321472,2015-02-23 02:37:17+00:00,@USAirways been sitting at gate for over 25 min on us 728! What gives???,@USAirways been sitting at gate for over 25 min on us 728! What gives???,0,US Airways,negative,negative,0.886585533618927,0.886585533618927,0.10558417439460754,0.007830251008272171
569634918973751297,2015-02-22 23:08:42+00:00,"@AmericanAir Cancelled Flightled my flight, didn't notify me, and I can only rebook by phone, but can't get through to an agent. Epic. Fail.","@AmericanAir Cancelled Flightled my flight, didn't notify me, and I can only rebook by phone, but can't get through to an agent. Epic. Fail.",0,American,negative,negative,0.9354879856109619,0.9354879856109619,0.06007261946797371,0.004439292009919882
569802396328534016,2015-02-23 10:14:12+00:00,@AmericanAir are you ignoring me on purpose? It was sad enough having your automated system hang up on me 😭,@AmericanAir are you ignoring me on purpose? It was sad enough having your automated system hang up on me 😭,0,American,negative,negative,0.9455977082252502,0.9455977082252502,0.0493403859436512,0.005061878357082605
569891260405665792,2015-02-23 16:07:19+00:00,@USAirways if you DM me we can take this offline. Would love more info on location of lost bags. Any help is appreciated.,@USAirways if you DM me we can take this offline. Would love more info on location of lost bags. Any help is appreciated.,0,US Airways,negative,positive,0.6266132593154907,0.022380147129297256,0.3510066568851471,0.6266132593154907
568931575980814336,2015-02-21 00:33:52+00:00,@JetBlue I don't have enough hands to count the number of times something like this has delayed my flight with you guys. Very disappointed.,@JetBlue I don't have enough hands to count the number of times something like this has delayed my flight with you guys. Very disappointed.,0,Delta,negative,negative,0.9470067024230957,0.9470067024230957,0.04691236466169357,0.006080956198275089
567874858815733761,2015-02-18 02:34:51+00:00,@JetBlue bag is supposedly here in Boston,@JetBlue bag is supposedly here in Boston,0,Delta,negative,neutral,0.8578318357467651,0.10775276273488998,0.8578318357467651,0.03441537544131279
569922853266694145,2015-02-23 18:12:51+00:00,@united @JMS2802 : nothing like supporting your own mechanics and maintenance workers...instead United puts out a video of TIMCO doing wifi.,@united @JMS2802 : nothing like supporting your own mechanics and maintenance workers...instead United puts out a video of TIMCO doing wifi.,0,United,negative,negative,0.6287798285484314,0.6287798285484314,0.3103432357311249,0.060876861214637756
569652510950100992,2015-02-23 00:18:36+00:00,"@AmericanAir Kid upset, my staff upset (one accused of stealing fruit!!!!!) mistreatment due to airline policy of an Austic child.","@AmericanAir Kid upset, my staff upset (one accused of stealing fruit!!!!!) mistreatment due to airline policy of an Austic child.",0,American,negative,negative,0.9281525015830994,0.9281525015830994,0.06675108522176743,0.005096435081213713
567960564023967745,2015-02-18 08:15:25+00:00,@united You delayed a connection for customer service today now I'll be able to pay my final respects to a dear family member. Thank you :),@united You delayed a connection for customer service today now I'll be able to pay my final respects to a dear family member. Thank you :),0,United,positive,positive,0.4517412483692169,0.19248268008232117,0.3557761013507843,0.4517412483692169
569110766235877376,2015-02-21 12:25:54+00:00,@VirginAmerica love the 90s music blasting at gate in #Boston while waiting for flight to #SanFrancisco. Only if I could get an iced coffee!,@VirginAmerica love the 90s music blasting at gate in #Boston while waiting for flight to #SanFrancisco. Only if I could get an iced coffee!,0,Virgin America,positive,positive,0.9531033039093018,0.004536413587629795,0.04236028343439102,0.9531033039093018
567724133434535936,2015-02-17 16:35:55+00:00,@USAirways can't even get on hold to wait to speak to someone-awesome,@USAirways can't even get on hold to wait to speak to someone-awesome,0,US Airways,negative,positive,0.35223260521888733,0.33181437849998474,0.3159530460834503,0.35223260521888733
567789001374183424,2015-02-17 20:53:41+00:00,"@JetBlue I would fly to Washington  DC to see the actual Constitution  and the Declaration of Independence, in honor of a US Navy friend.","@JetBlue I would fly to Washington DC to see the actual Constitution and the Declaration of Independence, in honor of a US Navy friend.",0,Delta,neutral,positive,0.6575486063957214,0.00491044856607914,0.3375408947467804,0.6575486063957214
568932129872039936,2015-02-21 00:36:04+00:00,@JetBlue Airways Corporation Insider Trading Update - Rock Hill Daily http://t.co/vvzkSMFKVw,@JetBlue Airways Corporation Insider Trading Update - Rock Hill Daily,0,Delta,neutral,neutral,0.9591172337532043,0.00997856818139553,0.9591172337532043,0.03090427815914154
570175513035214848,2015-02-24 10:56:50+00:00,@united did  bags make it on the flight out of iad? second day without clothes is pretty inconvenient. We're pretty curious #UnitedAirlines,@united did bags make it on the flight out of iad? second day without clothes is pretty inconvenient. We're pretty curious #UnitedAirlines,0,United,negative,negative,0.6642491817474365,0.6642491817474365,0.3097895085811615,0.025961287319660187
568531409209421826,2015-02-19 22:03:45+00:00,@jetblue How long ago can a trip have taken place for me to still get credit if I didn't apply my TrueBlue # when I booked?,@jetblue How long ago can a trip have taken place for me to still get credit if I didn't apply my TrueBlue # when I booked?,0,Delta,neutral,neutral,0.5632541179656982,0.419401079416275,0.5632541179656982,0.01734476163983345
569191838579429377,2015-02-21 17:48:04+00:00,@united DEN-PHX flight tomorrow Cancelled Flighted. Asked for overnight 2nite in LAX/SNA. Told not without paying. That's wrong,@united DEN-PHX flight tomorrow Cancelled Flighted. Asked for overnight 2nite in LAX/SNA. Told not without paying. That's wrong,0,United,negative,negative,0.9061048626899719,0.9061048626899719,0.08931003510951996,0.0045851850882172585
569724281334034432,2015-02-23 05:03:48+00:00,"@united typical caned response from UA, fix your crappy performing, last placed/ranked airline in this century!","@united typical caned response from UA, fix your crappy performing, last placed/ranked airline in this century!",0,United,negative,negative,0.9516120553016663,0.9516120553016663,0.04249190911650658,0.0058959717862308025
569791667827388416,2015-02-23 09:31:34+00:00,@SouthwestAir   Are flights going into Dallas this morning?   Thanks,@SouthwestAir Are flights going into Dallas this morning? Thanks,0,Southwest,neutral,neutral,0.8261353969573975,0.009284441359341145,0.8261353969573975,0.16458012163639069
569966422744395776,2015-02-23 21:05:59+00:00,"@united I am buying 2 yo own seat on 3 legs of intl trip, car seat? Required? If not- then allowed? Can child still sit w/mom after takeoff?","@united I am buying 2 yo own seat on 3 legs of intl trip, car seat? Required? If not- then allowed? Can child still sit w/mom after takeoff?",0,United,neutral,neutral,0.919613242149353,0.04356909915804863,0.919613242149353,0.0368177555501461
569961866224652288,2015-02-23 20:47:52+00:00,@virginamerica Need to change reservation. Have Virgin credit card. Do I need to modify on phone to waive change fee? Or can I do online?,@virginamerica Need to change reservation. Have Virgin credit card. Do I need to modify on phone to waive change fee? Or can I do online?,0,Virgin America,neutral,neutral,0.8903946876525879,0.07597128301858902,0.8903946876525879,0.03363404795527458
569189652080533504,2015-02-21 17:39:22+00:00,@JetBlue Even 5 years after the earthquake...Haiti still needs helps in rebuilding #flyingitforward,@JetBlue Even 5 years after the earthquake...Haiti still needs helps in rebuilding #flyingitforward,0,Delta,neutral,negative,0.5160484313964844,0.5160484313964844,0.4437496066093445,0.04020198434591293
568258906159501312,2015-02-19 04:00:55+00:00,@united please review and fix your baggage procedures at Dulles because it happens every week when my sister travels there on your airline,@united please review and fix your baggage procedures at Dulles because it happens every week when my sister travels there on your airline,0,United,negative,negative,0.8298693895339966,0.8298693895339966,0.15163619816303253,0.018494438380002975
569903840507506688,2015-02-23 16:57:18+00:00,@united sitting in a plane with no pilot.  Thanks! #waitingonapilot #denver #siouxfalls #whyairtravelsucks,@united sitting in a plane with no pilot. Thanks! #waitingonapilot #denver #siouxfalls #whyairtravelsucks,0,United,negative,negative,0.9165469408035278,0.9165469408035278,0.0749703124165535,0.008482653647661209
567811713870876672,2015-02-17 22:23:56+00:00,"@SouthwestAir not as sorry as I was when I sat on a plane for 3 hours waiting for the engine to be fixed and THEN got my luggage lost, but k","@SouthwestAir not as sorry as I was when I sat on a plane for 3 hours waiting for the engine to be fixed and THEN got my luggage lost, but k",0,Southwest,negative,negative,0.9032395482063293,0.9032395482063293,0.09033726155757904,0.006423243787139654
567823967555178496,2015-02-17 23:12:38+00:00,@SouthwestAir I have been in contact and know there are changes but it's a destination you should really evaluate! Thanks,@SouthwestAir I have been in contact and know there are changes but it's a destination you should really evaluate! Thanks,0,Southwest,neutral,neutral,0.635977029800415,0.06133537366986275,0.635977029800415,0.3026876747608185
570044019897556994,2015-02-24 02:14:19+00:00,@USAirways and @FlyKnoxville - bad weather should not be an excuse for not following established luggage procedures. #NoClothesNoInfo,@USAirways and @FlyKnoxville - bad weather should not be an excuse for not following established luggage procedures. #NoClothesNoInfo,0,US Airways,negative,negative,0.9041035175323486,0.9041035175323486,0.08997794985771179,0.005918510723859072
569673044802854912,2015-02-23 01:40:12+00:00,"@AmericanAir @praywinn between understaffing, what looks like a labor slowdown, weather, incompetence, and disregard for the customer...","@AmericanAir @praywinn between understaffing, what looks like a labor slowdown, weather, incompetence, and disregard for the customer...",0,American,negative,negative,0.8999124765396118,0.8999124765396118,0.09313543140888214,0.006952064577490091
568514293441757184,2015-02-19 20:55:44+00:00,@USAirways forgetting to fuel up? Realizing there was more cargo to add to plane? One way to try and mask a delay.,@USAirways forgetting to fuel up? Realizing there was more cargo to add to plane? One way to try and mask a delay.,0,US Airways,negative,negative,0.7929176688194275,0.7929176688194275,0.19799278676509857,0.00908949226140976
568494692117155841,2015-02-19 19:37:51+00:00,@SouthwestAir Unable to check in my flight. It says my itinerary is ineligible for checkin online. Go to counter. Very inconvenient!!!,@SouthwestAir Unable to check in my flight. It says my itinerary is ineligible for checkin online. Go to counter. Very inconvenient!!!,0,Southwest,negative,negative,0.9037824869155884,0.9037824869155884,0.09005848318338394,0.006159021519124508
570002269577441280,2015-02-23 23:28:25+00:00,@AmericanAir a free check bag a food comp a flying credit something to help out now that I'm an additional 200 dollars in the hole,@AmericanAir a free check bag a food comp a flying credit something to help out now that I'm an additional 200 dollars in the hole,0,American,negative,negative,0.7149888873100281,0.7149888873100281,0.2535078525543213,0.031503256410360336
569658769686339584,2015-02-23 00:43:29+00:00,@united is it possible to add a Known Traveler Number to my ticket after Flight Booking Problems?,@united is it possible to add a Known Traveler Number to my ticket after Flight Booking Problems?,0,United,neutral,neutral,0.7507601380348206,0.22385641932487488,0.7507601380348206,0.02538345567882061
569557756597776384,2015-02-22 18:02:05+00:00,@united no. I need you to have more than 2 agents at check in.,@united no. I need you to have more than 2 agents at check in.,0,United,negative,negative,0.6030167937278748,0.6030167937278748,0.3733942210674286,0.023588959127664566
569223447005433856,2015-02-21 19:53:40+00:00,@SouthwestAir Left my computer on the plane. Two weeks Late Flightr they found it and sent it to me. #greatservice.  #happy #customer,@SouthwestAir Left my computer on the plane. Two weeks Late Flightr they found it and sent it to me. #greatservice. #happy #customer,1,Southwest,positive,positive,0.896295428276062,0.012565531767904758,0.09113907068967819,0.896295428276062
570025482344898560,2015-02-24 01:00:40+00:00,"@VirginAmerica Hey, first time flyer next week - excited! But I'm having a hard time getting my flights added to my Elevate account. Help?","@VirginAmerica Hey, first time flyer next week - excited! But I'm having a hard time getting my flights added to my Elevate account. Help?",0,Virgin America,negative,negative,0.4536936283111572,0.4536936283111572,0.37735727429389954,0.16894911229610443
569743891714347009,2015-02-23 06:21:43+00:00,"@united If you consider 50 mins for bags @ 10:00pm on a Sunday night ""as fast as they can"", you should reconsider what you think that means.","@united If you consider 50 mins for bags @ 10:00pm on a Sunday night ""as fast as they can"", you should reconsider what you think that means.",0,United,negative,negative,0.7658109664916992,0.7658109664916992,0.2229752391576767,0.011213842779397964
569698461911683073,2015-02-23 03:21:12+00:00,@AmericanAir she doesn't have Twitter.,@AmericanAir she doesn't have Twitter.,0,American,neutral,negative,0.5251306295394897,0.5251306295394897,0.4556904137134552,0.019178971648216248
568772334632349696,2015-02-20 14:01:06+00:00,"@SouthwestAir you call this customer service?? Sitting in the tarmack for 1hr, lost bag, and you give me a $100. voucher???","@SouthwestAir you call this customer service?? Sitting in the tarmack for 1hr, lost bag, and you give me a $100. voucher???",0,Southwest,negative,negative,0.9114742279052734,0.9114742279052734,0.08229007571935654,0.006235674489289522
567969280752521216,2015-02-18 08:50:03+00:00,@SouthwestAir @CourtSnod hopefully Nashville is open. I want to come home today,@SouthwestAir @CourtSnod hopefully Nashville is open. I want to come home today,0,Southwest,neutral,positive,0.6322808861732483,0.02082129940390587,0.34689781069755554,0.6322808861732483
570246490473566208,2015-02-24 15:38:52+00:00,@SouthwestAir Is there a way to receive a refund on a trip that was Cancelled Flight online instead of calling? Your phone lines are super busy.,@SouthwestAir Is there a way to receive a refund on a trip that was Cancelled Flight online instead of calling? Your phone lines are super busy.,0,Southwest,negative,negative,0.8593863248825073,0.8593863248825073,0.13299231231212616,0.00762142613530159
567718653735731200,2015-02-17 16:14:09+00:00,@SouthwestAir Guys for real. I've been on hold for 4+ hours including one hangup. Please have someone reach out so I can get my $ back.,@SouthwestAir Guys for real. I've been on hold for 4+ hours including one hangup. Please have someone reach out so I can get my $ back.,0,Southwest,negative,negative,0.8904445171356201,0.8904445171356201,0.09931439906358719,0.010241095907986164
567724948375212032,2015-02-17 16:39:10+00:00,"@SouthwestAir too bad I'm getting this memo: ""Your reservation contains modifications that prevent you from changing it online."" #FUSTURATED","@SouthwestAir too bad I'm getting this memo: ""Your reservation contains modifications that prevent you from changing it online."" #FUSTURATED",1,Southwest,negative,negative,0.893113911151886,0.893113911151886,0.10141512751579285,0.005470906849950552
569930613962072064,2015-02-23 18:43:41+00:00,@AmericanAir how can I when system always hangs up on me?,@AmericanAir how can I when system always hangs up on me?,0,American,negative,negative,0.8501600027084351,0.8501600027084351,0.14183560013771057,0.008004394359886646
